ticker,exchange,name,price_date,interval,open,high,low,close,adjusted_close,volume,data_source
GLD,AMEX,SPDR Gold Shares,2025-06-03,1d,309.560000,309.560000,307.150000,308.910000,308.910000,9315100,FinMind
GLD,AMEX,SPDR Gold Shares,2025-06-04,1d,309.410000,311.880000,308.740000,310.900000,310.900000,7462500,FinMind
GLD,AMEX,SPDR Gold Shares,2025-06-05,1d,311.240000,312.200000,307.650000,309.330000,309.330000,10817800,FinMind
GLD,AMEX,SPDR Gold Shares,2025-06-06,1d,309.090000,309.200000,305.100000,305.180000,305.180000,7787500,FinMind
GLD,AMEX,SPDR Gold Shares,2025-06-09,1d,305.390000,307.610000,305.060000,306.620000,306.620000,7159000,FinMind
GLD,AMEX,SPDR Gold Shares,2025-06-10,1d,308.310000,308.600000,305.870000,306.710000,306.710000,7071700,FinMind
GLD,AMEX,SPDR Gold Shares,2025-06-11,1d,307.500000,308.620000,305.850000,308.370000,308.370000,9248800,FinMind
GLD,AMEX,SPDR Gold Shares,2025-06-12,1d,311.740000,313.100000,311.150000,312.200000,312.200000,11531400,FinMind
GLD,AMEX,SPDR Gold Shares,2025-06-13,1d,317.260000,317.600000,315.040000,316.290000,316.290000,16592900,FinMind
GLD,AMEX,SPDR Gold Shares,2025-06-16,1d,314.800000,314.870000,311.650000,311.780000,311.780000,12848400,FinMind
GLD,AMEX,SPDR Gold Shares,2025-06-17,1d,312.660000,313.000000,310.120000,311.940000,311.940000,8234100,FinMind
GLD,AMEX,SPDR Gold Shares,2025-06-18,1d,312.890000,312.980000,309.860000,310.260000,310.260000,9370800,FinMind
GLD,AMEX,SPDR Gold Shares,2025-06-20,1d,309.330000,310.890000,309.250000,310.130000,310.130000,8794700,FinMind
GLD,AMEX,SPDR Gold Shares,2025-06-23,1d,310.340000,312.670000,310.310000,311.080000,311.080000,12687900,FinMind
GLD,AMEX,SPDR Gold Shares,2025-06-24,1d,305.070000,306.340000,303.540000,306.190000,306.190000,12035200,FinMind
GLD,AMEX,SPDR Gold Shares,2025-06-25,1d,305.310000,307.360000,305.120000,307.120000,307.120000,6733200,FinMind
GLD,AMEX,SPDR Gold Shares,2025-06-26,1d,305.770000,307.280000,304.860000,306.780000,306.780000,6787500,FinMind
GLD,AMEX,SPDR Gold Shares,2025-06-27,1d,300.030000,302.360000,299.890000,301.220000,301.220000,13301300,FinMind
GLD,AMEX,SPDR Gold Shares,2025-06-30,1d,302.390000,304.920000,301.950000,304.830000,304.830000,8192100,FinMind
GLD,AMEX,SPDR Gold Shares,2025-07-01,1d,308.560000,309.000000,307.360000,307.550000,307.550000,9335600,FinMind
GLD,AMEX,SPDR Gold Shares,2025-07-02,1d,308.040000,309.400000,306.960000,309.250000,309.250000,8316400,FinMind
GLD,AMEX,SPDR Gold Shares,2025-07-03,1d,307.050000,307.570000,306.150000,307.140000,307.140000,5275800,FinMind
GLD,AMEX,SPDR Gold Shares,2025-07-07,1d,305.070000,307.710000,304.530000,307.370000,307.370000,7351600,FinMind
GLD,AMEX,SPDR Gold Shares,2025-07-08,1d,306.300000,306.450000,302.770000,304.160000,304.160000,11840500,FinMind
GLD,AMEX,SPDR Gold Shares,2025-07-09,1d,303.580000,305.540000,303.230000,305.520000,305.520000,10644100,FinMind
GLD,AMEX,SPDR Gold Shares,2025-07-10,1d,306.110000,306.510000,304.820000,306.200000,306.200000,7053700,FinMind
GLD,AMEX,SPDR Gold Shares,2025-07-11,1d,308.860000,310.280000,308.520000,309.140000,309.140000,9187300,FinMind
GLD,AMEX,SPDR Gold Shares,2025-07-14,1d,309.070000,309.380000,307.730000,308.010000,308.010000,5772900,FinMind
GLD,AMEX,SPDR Gold Shares,2025-07-15,1d,307.730000,308.740000,305.790000,306.730000,306.730000,8149000,FinMind
GLD,AMEX,SPDR Gold Shares,2025-07-16,1d,307.110000,311.090000,305.730000,308.260000,308.260000,17693100,FinMind
GLD,AMEX,SPDR Gold Shares,2025-07-17,1d,305.500000,307.670000,305.120000,307.590000,307.590000,6642300,FinMind
GLD,AMEX,SPDR Gold Shares,2025-07-18,1d,309.240000,309.370000,308.320000,308.390000,308.390000,5574300,FinMind
GLD,AMEX,SPDR Gold Shares,2025-07-21,1d,311.880000,313.310000,311.610000,313.130000,313.130000,10995800,FinMind
GLD,AMEX,SPDR Gold Shares,2025-07-22,1d,314.480000,316.240000,313.620000,316.100000,316.100000,13691800,FinMind
GLD,AMEX,SPDR Gold Shares,2025-07-23,1d,314.000000,314.960000,311.420000,312.180000,312.180000,10547500,FinMind
GLD,AMEX,SPDR Gold Shares,2025-07-24,1d,309.290000,310.990000,309.060000,310.270000,310.270000,7698800,FinMind
GLD,AMEX,SPDR Gold Shares,2025-07-25,1d,307.820000,308.310000,306.200000,307.400000,307.400000,9376400,FinMind
GLD,AMEX,SPDR Gold Shares,2025-07-28,1d,306.440000,306.580000,304.050000,305.410000,305.410000,9275400,FinMind
GLD,AMEX,SPDR Gold Shares,2025-07-29,1d,305.800000,307.030000,304.990000,306.250000,306.250000,5741100,FinMind
GLD,AMEX,SPDR Gold Shares,2025-07-30,1d,304.420000,304.650000,300.960000,300.960000,300.960000,13459600,FinMind
GLD,AMEX,SPDR Gold Shares,2025-07-31,1d,304.590000,304.610000,302.860000,302.960000,302.960000,8981000,FinMind
GLD,AMEX,SPDR Gold Shares,2025-08-01,1d,308.610000,309.550000,307.450000,309.110000,309.110000,12843400,FinMind
GLD,AMEX,SPDR Gold Shares,2025-08-04,1d,310.800000,311.740000,310.370000,310.910000,310.910000,7639000,FinMind
GLD,AMEX,SPDR Gold Shares,2025-08-05,1d,310.370000,312.240000,310.220000,311.160000,311.160000,6997700,FinMind
GLD,AMEX,SPDR Gold Shares,2025-08-06,1d,310.320000,311.240000,309.840000,310.500000,310.500000,7418200,FinMind
GLD,AMEX,SPDR Gold Shares,2025-08-07,1d,311.720000,313.140000,310.700000,313.120000,313.120000,10891500,FinMind
GLD,AMEX,SPDR Gold Shares,2025-08-08,1d,312.350000,313.530000,311.000000,313.050000,313.050000,19886800,FinMind
GLD,AMEX,SPDR Gold Shares,2025-08-11,1d,308.620000,309.660000,307.630000,308.550000,308.550000,10326700,FinMind
GLD,AMEX,SPDR Gold Shares,2025-08-12,1d,308.220000,309.310000,306.710000,308.270000,308.270000,9697400,FinMind
GLD,AMEX,SPDR Gold Shares,2025-08-13,1d,309.100000,310.390000,308.450000,309.210000,309.210000,4718600,FinMind
GLD,AMEX,SPDR Gold Shares,2025-08-14,1d,307.930000,308.340000,306.520000,307.250000,307.250000,5817700,FinMind
GLD,AMEX,SPDR Gold Shares,2025-08-15,1d,307.340000,308.000000,306.870000,307.430000,307.430000,5990100,FinMind
GLD,AMEX,SPDR Gold Shares,2025-08-18,1d,307.790000,307.890000,306.630000,306.950000,306.950000,6150100,FinMind
GLD,AMEX,SPDR Gold Shares,2025-08-19,1d,306.760000,307.480000,305.190000,305.270000,305.270000,5029900,FinMind
GLD,AMEX,SPDR Gold Shares,2025-08-20,1d,307.540000,308.470000,307.400000,308.360000,308.360000,6515400,FinMind
GLD,AMEX,SPDR Gold Shares,2025-08-21,1d,307.860000,308.150000,307.030000,307.290000,307.290000,4809000,FinMind
GLD,AMEX,SPDR Gold Shares,2025-08-22,1d,306.520000,311.020000,306.430000,310.580000,310.580000,8526500,FinMind
GLD,AMEX,SPDR Gold Shares,2025-08-25,1d,309.670000,310.840000,309.670000,309.830000,309.830000,4044400,FinMind
GLD,AMEX,SPDR Gold Shares,2025-08-26,1d,310.620000,312.210000,310.310000,312.080000,312.080000,11698500,FinMind
GLD,AMEX,SPDR Gold Shares,2025-08-27,1d,311.390000,312.910000,310.770000,312.710000,312.710000,4320100,FinMind
GLD,AMEX,SPDR Gold Shares,2025-08-28,1d,313.320000,315.080000,313.070000,315.030000,315.030000,9610200,FinMind
GLD,AMEX,SPDR Gold Shares,2025-08-29,1d,314.720000,318.090000,314.640000,318.070000,318.070000,15642600,FinMind
GLD,AMEX,SPDR Gold Shares,2025-09-02,1d,320.820000,325.920000,320.240000,325.590000,325.590000,21247500,FinMind
GLD,AMEX,SPDR Gold Shares,2025-09-03,1d,327.760000,329.450000,326.730000,328.140000,328.140000,16062200,FinMind
GLD,AMEX,SPDR Gold Shares,2025-09-04,1d,327.030000,327.560000,325.350000,326.690000,326.690000,11703100,FinMind
GLD,AMEX,SPDR Gold Shares,2025-09-05,1d,329.530000,331.440000,328.930000,331.050000,331.050000,16065200,FinMind
GLD,AMEX,SPDR Gold Shares,2025-09-08,1d,333.660000,335.670000,333.230000,334.820000,334.820000,18617300,FinMind
GLD,AMEX,SPDR Gold Shares,2025-09-09,1d,337.030000,338.310000,333.850000,334.060000,334.060000,21641900,FinMind
GLD,AMEX,SPDR Gold Shares,2025-09-10,1d,335.730000,336.500000,326.190000,335.260000,335.260000,11945700,FinMind
GLD,AMEX,SPDR Gold Shares,2025-09-11,1d,333.370000,335.160000,332.970000,334.760000,334.760000,9082600,FinMind
GLD,AMEX,SPDR Gold Shares,2025-09-12,1d,335.880000,336.390000,335.230000,335.420000,335.420000,9619700,FinMind
GLD,AMEX,SPDR Gold Shares,2025-09-15,1d,336.310000,339.280000,336.230000,338.910000,338.910000,10569900,FinMind
GLD,AMEX,SPDR Gold Shares,2025-09-16,1d,340.090000,340.880000,338.620000,339.590000,339.590000,12161500,FinMind
GLD,AMEX,SPDR Gold Shares,2025-09-17,1d,338.530000,341.240000,335.520000,336.970000,336.970000,16535300,FinMind
GLD,AMEX,SPDR Gold Shares,2025-09-18,1d,336.220000,336.320000,333.810000,335.620000,335.620000,14913300,FinMind
GLD,AMEX,SPDR Gold Shares,2025-09-19,1d,336.510000,339.230000,336.310000,339.180000,339.180000,14982600,FinMind
GLD,AMEX,SPDR Gold Shares,2025-09-22,1d,342.750000,345.070000,341.840000,345.050000,345.050000,12386400,FinMind
GLD,AMEX,SPDR Gold Shares,2025-09-23,1d,348.230000,348.750000,345.320000,346.460000,346.460000,18384000,FinMind
GLD,AMEX,SPDR Gold Shares,2025-09-24,1d,346.700000,346.830000,342.140000,343.320000,343.320000,12709100,FinMind
GLD,AMEX,SPDR Gold Shares,2025-09-25,1d,344.390000,345.830000,342.470000,344.750000,344.750000,12639600,FinMind
GLD,AMEX,SPDR Gold Shares,2025-09-26,1d,345.830000,348.250000,345.310000,346.740000,346.740000,11698200,FinMind
GLD,AMEX,SPDR Gold Shares,2025-09-29,1d,351.790000,352.830000,351.280000,352.460000,352.460000,15719600,FinMind
GLD,AMEX,SPDR Gold Shares,2025-09-30,1d,351.130000,355.570000,350.870000,355.470000,355.470000,13312400,FinMind
GLD,AMEX,SPDR Gold Shares,2025-10-01,1d,356.170000,356.970000,354.790000,356.030000,356.030000,15573600,FinMind
GLD,AMEX,SPDR Gold Shares,2025-10-02,1d,358.260000,358.670000,351.400000,354.790000,354.790000,16162100,FinMind
GLD,AMEX,SPDR Gold Shares,2025-10-03,1d,357.120000,358.140000,355.800000,357.640000,357.640000,14464000,FinMind
GLD,AMEX,SPDR Gold Shares,2025-10-06,1d,362.160000,365.300000,361.370000,364.380000,364.380000,17093700,FinMind
GLD,AMEX,SPDR Gold Shares,2025-10-07,1d,366.510000,367.270000,364.550000,366.260000,366.260000,16836800,FinMind
GLD,AMEX,SPDR Gold Shares,2025-10-08,1d,371.650000,373.570000,370.500000,372.300000,372.300000,28052300,FinMind
GLD,AMEX,SPDR Gold Shares,2025-10-09,1d,373.140000,373.220000,362.830000,365.430000,365.430000,33674800,FinMind
GLD,AMEX,SPDR Gold Shares,2025-10-10,1d,367.540000,370.310000,365.440000,369.120000,369.120000,24192800,FinMind
GLD,AMEX,SPDR Gold Shares,2025-10-13,1d,376.500000,378.860000,375.580000,378.090000,378.090000,18514400,FinMind
GLD,AMEX,SPDR Gold Shares,2025-10-14,1d,378.210000,382.380000,377.900000,380.790000,380.790000,18409600,FinMind
GLD,AMEX,SPDR Gold Shares,2025-10-15,1d,385.930000,387.760000,384.590000,387.390000,387.390000,20598300,FinMind
GLD,AMEX,SPDR Gold Shares,2025-10-16,1d,391.150000,396.870000,390.400000,396.450000,396.450000,33621400,FinMind
GLD,AMEX,SPDR Gold Shares,2025-10-17,1d,397.140000,397.280000,385.220000,388.990000,388.990000,62025000,FinMind
GLD,AMEX,SPDR Gold Shares,2025-10-20,1d,397.450000,403.300000,394.200000,403.150000,403.150000,34523000,FinMind
GLD,AMEX,SPDR Gold Shares,2025-10-21,1d,386.540000,388.890000,375.650000,377.240000,377.240000,54101400,FinMind
GLD,AMEX,SPDR Gold Shares,2025-10-22,1d,372.750000,378.470000,368.930000,377.280000,377.280000,30524100,FinMind
GLD,AMEX,SPDR Gold Shares,2025-10-23,1d,381.460000,382.250000,378.650000,378.790000,378.790000,13695500,FinMind
GLD,AMEX,SPDR Gold Shares,2025-10-24,1d,378.510000,380.770000,376.810000,377.520000,377.520000,13263800,FinMind
GLD,AMEX,SPDR Gold Shares,2025-10-27,1d,371.130000,371.590000,365.340000,367.010000,367.010000,23657600,FinMind
GLD,AMEX,SPDR Gold Shares,2025-10-28,1d,361.810000,365.300000,360.120000,364.380000,364.380000,19257600,FinMind
GLD,AMEX,SPDR Gold Shares,2025-10-29,1d,369.650000,370.080000,361.360000,363.000000,363.000000,18891800,FinMind
GLD,AMEX,SPDR Gold Shares,2025-10-30,1d,365.090000,370.360000,364.500000,370.130000,370.130000,14812800,FinMind
GLD,AMEX,SPDR Gold Shares,2025-10-31,1d,370.470000,370.660000,365.500000,368.120000,368.120000,11077900,FinMind
GLD,AMEX,SPDR Gold Shares,2025-11-03,1d,368.910000,370.840000,367.540000,368.780000,368.780000,7254300,FinMind
GLD,AMEX,SPDR Gold Shares,2025-11-04,1d,363.480000,365.740000,361.390000,362.320000,362.320000,11540100,FinMind
GLD,AMEX,SPDR Gold Shares,2025-11-05,1d,366.390000,367.100000,364.650000,366.510000,366.510000,8357300,FinMind
GLD,AMEX,SPDR Gold Shares,2025-11-06,1d,367.160000,368.180000,364.700000,366.070000,366.070000,6891100,FinMind
GLD,AMEX,SPDR Gold Shares,2025-11-07,1d,367.940000,370.420000,366.420000,368.310000,368.310000,11060400,FinMind
GLD,AMEX,SPDR Gold Shares,2025-11-10,1d,375.930000,378.660000,374.780000,378.380000,378.380000,13456200,FinMind
GLD,AMEX,SPDR Gold Shares,2025-11-11,1d,379.980000,380.400000,376.870000,379.870000,379.870000,10753200,FinMind
GLD,AMEX,SPDR Gold Shares,2025-11-12,1d,380.070000,387.460000,379.440000,385.990000,385.990000,16203700,FinMind
GLD,AMEX,SPDR Gold Shares,2025-11-13,1d,387.290000,388.180000,381.210000,382.870000,382.870000,15867900,FinMind
GLD,AMEX,SPDR Gold Shares,2025-11-14,1d,372.870000,378.200000,370.890000,375.960000,375.960000,15198000,FinMind
GLD,AMEX,SPDR Gold Shares,2025-11-17,1d,374.040000,375.460000,368.520000,371.650000,371.650000,13295200,FinMind
GLD,AMEX,SPDR Gold Shares,2025-11-18,1d,374.830000,375.540000,371.620000,374.350000,374.350000,7818800,FinMind
GLD,AMEX,SPDR Gold Shares,2025-11-19,1d,377.780000,380.170000,373.030000,374.960000,374.960000,10980400,FinMind
GLD,AMEX,SPDR Gold Shares,2025-11-20,1d,375.290000,377.690000,371.850000,374.850000,374.850000,10506500,FinMind
GLD,AMEX,SPDR Gold Shares,2025-11-21,1d,374.030000,377.230000,372.940000,374.270000,374.270000,13194600,FinMind
GLD,AMEX,SPDR Gold Shares,2025-11-24,1d,374.880000,380.280000,374.190000,380.200000,380.200000,10085300,FinMind
GLD,AMEX,SPDR Gold Shares,2025-11-25,1d,380.260000,382.520000,378.060000,380.080000,380.080000,10462800,FinMind
GLD,AMEX,SPDR Gold Shares,2025-11-26,1d,381.060000,383.780000,380.460000,383.120000,383.120000,9184100,FinMind
GLD,AMEX,SPDR Gold Shares,2025-11-28,1d,385.980000,388.000000,384.990000,387.880000,387.880000,7175400,FinMind
GLD,AMEX,SPDR Gold Shares,2025-12-01,1d,390.610000,390.700000,388.060000,389.750000,389.750000,11177100,FinMind
GLD,AMEX,SPDR Gold Shares,2025-12-02,1d,388.870000,388.980000,382.910000,387.240000,387.240000,8103900,FinMind
GLD,AMEX,SPDR Gold Shares,2025-12-03,1d,388.460000,390.130000,385.830000,386.880000,386.880000,7886800,FinMind
GLD,AMEX,SPDR Gold Shares,2025-12-04,1d,386.920000,388.000000,385.400000,387.130000,387.130000,6754400,FinMind
GLD,AMEX,SPDR Gold Shares,2025-12-05,1d,389.120000,391.740000,386.180000,386.440000,386.440000,9449800,FinMind
GLD,AMEX,SPDR Gold Shares,2025-12-08,1d,387.020000,387.240000,384.010000,385.420000,385.420000,6822100,FinMind
GLD,AMEX,SPDR Gold Shares,2025-12-09,1d,385.620000,388.210000,385.270000,387.400000,387.400000,6358700,FinMind
GLD,AMEX,SPDR Gold Shares,2025-12-10,1d,385.950000,389.760000,384.500000,389.050000,389.050000,9120500,FinMind
GLD,AMEX,SPDR Gold Shares,2025-12-11,1d,389.020000,394.090000,388.500000,393.240000,393.240000,11240600,FinMind
GLD,AMEX,SPDR Gold Shares,2025-12-12,1d,399.160000,400.390000,391.470000,395.440000,395.440000,16792100,FinMind
GLD,AMEX,SPDR Gold Shares,2025-12-15,1d,397.760000,398.710000,394.070000,395.800000,395.800000,11345000,FinMind
GLD,AMEX,SPDR Gold Shares,2025-12-16,1d,397.750000,398.710000,394.590000,395.890000,395.890000,9201600,FinMind
GLD,AMEX,SPDR Gold Shares,2025-12-17,1d,398.080000,399.980000,397.250000,399.290000,399.290000,10456900,FinMind
GLD,AMEX,SPDR Gold Shares,2025-12-18,1d,398.280000,402.210000,396.050000,398.570000,398.570000,11837600,FinMind
GLD,AMEX,SPDR Gold Shares,2025-12-19,1d,397.920000,400.630000,397.170000,399.020000,399.020000,9894800,FinMind
GLD,AMEX,SPDR Gold Shares,2025-12-22,1d,406.980000,408.520000,405.720000,408.230000,408.230000,14202100,FinMind
GLD,AMEX,SPDR Gold Shares,2025-12-23,1d,410.300000,413.760000,407.100000,413.640000,413.640000,13193300,FinMind
GLD,AMEX,SPDR Gold Shares,2025-12-24,1d,412.250000,412.630000,408.830000,411.930000,411.930000,6718400,FinMind
GLD,AMEX,SPDR Gold Shares,2025-12-26,1d,416.480000,418.450000,414.750000,416.740000,416.740000,10476200,FinMind
GLD,AMEX,SPDR Gold Shares,2025-12-29,1d,403.660000,403.760000,395.330000,398.600000,398.600000,20679200,FinMind
GLD,AMEX,SPDR Gold Shares,2025-12-30,1d,403.600000,403.800000,398.560000,398.890000,398.890000,10179000,FinMind
GLD,AMEX,SPDR Gold Shares,2025-12-31,1d,398.600000,400.130000,395.590000,396.310000,396.310000,10194700,FinMind
GLD,AMEX,SPDR Gold Shares,2026-01-02,1d,401.620000,401.820000,396.250000,398.280000,398.280000,10372600,FinMind
GLD,AMEX,SPDR Gold Shares,2026-01-05,1d,406.390000,409.720000,406.150000,408.760000,408.760000,13410600,FinMind
GLD,AMEX,SPDR Gold Shares,2026-01-06,1d,410.670000,413.480000,410.310000,413.180000,413.180000,11640900,FinMind
GLD,AMEX,SPDR Gold Shares,2026-01-07,1d,408.630000,410.810000,406.650000,409.230000,409.230000,10589500,FinMind
GLD,AMEX,SPDR Gold Shares,2026-01-08,1d,406.970000,411.640000,406.400000,411.490000,411.490000,8705900,FinMind
GLD,AMEX,SPDR Gold Shares,2026-01-09,1d,413.220000,415.290000,411.800000,414.470000,414.470000,14011200,FinMind
GLD,AMEX,SPDR Gold Shares,2026-01-12,1d,421.520000,425.740000,421.520000,422.230000,422.230000,20904100,FinMind
GLD,AMEX,SPDR Gold Shares,2026-01-13,1d,424.590000,426.120000,420.070000,421.630000,421.630000,16681200,FinMind
GLD,AMEX,SPDR Gold Shares,2026-01-14,1d,426.030000,426.860000,422.840000,425.940000,425.940000,18305500,FinMind
GLD,AMEX,SPDR Gold Shares,2026-01-15,1d,423.020000,425.060000,422.790000,423.330000,423.330000,14253200,FinMind
GLD,AMEX,SPDR Gold Shares,2026-01-16,1d,422.800000,424.800000,417.040000,421.290000,421.290000,20951600,FinMind
GLD,AMEX,SPDR Gold Shares,2026-01-20,1d,436.690000,438.140000,434.100000,437.230000,437.230000,21308100,FinMind
GLD,AMEX,SPDR Gold Shares,2026-01-21,1d,446.870000,448.000000,437.110000,443.600000,443.600000,38830200,FinMind
GLD,AMEX,SPDR Gold Shares,2026-01-22,1d,443.840000,452.980000,443.560000,451.790000,451.790000,19251200,FinMind
GLD,AMEX,SPDR Gold Shares,2026-01-23,1d,454.110000,458.750000,453.450000,458.000000,458.000000,21531900,FinMind
GLD,AMEX,SPDR Gold Shares,2026-01-26,1d,466.780000,469.280000,460.360000,464.700000,464.700000,34156000,FinMind
GLD,AMEX,SPDR Gold Shares,2026-01-27,1d,465.070000,476.490000,463.950000,476.100000,476.100000,28386200,FinMind
GLD,AMEX,SPDR Gold Shares,2026-01-28,1d,483.390000,495.880000,481.250000,494.560000,494.560000,44154600,FinMind
GLD,AMEX,SPDR Gold Shares,2026-01-29,1d,509.510000,509.700000,468.510000,495.900000,495.900000,69970900,FinMind
GLD,AMEX,SPDR Gold Shares,2026-01-30,1d,466.250000,470.060000,430.800000,444.950000,444.950000,86593500,FinMind
GLD,AMEX,SPDR Gold Shares,2026-02-02,1d,434.010000,440.780000,422.550000,427.130000,427.130000,41626200,FinMind
GLD,AMEX,SPDR Gold Shares,2026-02-03,1d,452.630000,459.000000,448.310000,454.290000,454.290000,28703500,FinMind
GLD,AMEX,SPDR Gold Shares,2026-02-04,1d,462.470000,463.100000,445.710000,453.970000,453.970000,24427900,FinMind
GLD,AMEX,SPDR Gold Shares,2026-02-05,1d,444.290000,450.900000,440.350000,441.880000,441.880000,17718100,FinMind
GLD,AMEX,SPDR Gold Shares,2026-02-06,1d,450.730000,456.930000,450.030000,455.460000,455.460000,12663900,FinMind
GLD,AMEX,SPDR Gold Shares,2026-02-09,1d,461.390000,467.560000,460.850000,467.030000,467.030000,12330900,FinMind
GLD,AMEX,SPDR Gold Shares,2026-02-10,1d,465.960000,466.750000,459.520000,462.400000,462.400000,7861600,FinMind
GLD,AMEX,SPDR Gold Shares,2026-02-11,1d,466.000000,468.610000,462.820000,467.630000,467.630000,11209600,FinMind
GLD,AMEX,SPDR Gold Shares,2026-02-12,1d,464.900000,466.380000,448.060000,451.390000,451.390000,20488800,FinMind
GLD,AMEX,SPDR Gold Shares,2026-02-13,1d,459.730000,463.840000,456.250000,462.620000,462.620000,12359300,FinMind
GLD,AMEX,SPDR Gold Shares,2026-02-17,1d,450.260000,451.370000,445.530000,448.200000,448.200000,10976100,FinMind
GLD,AMEX,SPDR Gold Shares,2026-02-18,1d,455.810000,460.510000,455.320000,458.280000,458.280000,10226300,FinMind
GLD,AMEX,SPDR Gold Shares,2026-02-19,1d,457.340000,461.510000,456.030000,459.560000,459.560000,8411400,FinMind
GLD,AMEX,SPDR Gold Shares,2026-02-20,1d,463.250000,468.620000,458.340000,468.620000,468.620000,14316300,FinMind
GLD,AMEX,SPDR Gold Shares,2026-02-23,1d,474.650000,481.460000,474.610000,481.280000,481.280000,17441600,FinMind
GLD,AMEX,SPDR Gold Shares,2026-02-24,1d,470.090000,475.440000,469.550000,474.610000,474.610000,14147100,FinMind
GLD,AMEX,SPDR Gold Shares,2026-02-25,1d,475.740000,479.530000,472.900000,473.420000,473.420000,12954300,FinMind
GLD,AMEX,SPDR Gold Shares,2026-02-26,1d,474.950000,477.830000,442.040000,477.480000,477.480000,12375000,FinMind
GLD,AMEX,SPDR Gold Shares,2026-02-27,1d,480.750000,483.900000,479.110000,483.750000,483.750000,16795100,FinMind
GLD,AMEX,SPDR Gold Shares,2026-03-02,1d,490.100000,492.150000,483.280000,490.000000,490.000000,19916600,FinMind
GLD,AMEX,SPDR Gold Shares,2026-03-03,1d,472.830000,473.200000,458.930000,468.140000,468.140000,22591500,FinMind
GLD,AMEX,SPDR Gold Shares,2026-03-04,1d,474.820000,476.420000,469.390000,471.800000,471.800000,9985900,FinMind
GLD,AMEX,SPDR Gold Shares,2026-03-05,1d,470.450000,470.670000,463.910000,466.130000,466.130000,11674800,FinMind
GLD,AMEX,SPDR Gold Shares,2026-03-06,1d,469.040000,475.460000,467.070000,473.510000,473.510000,10489800,FinMind
GLD,AMEX,SPDR Gold Shares,2026-03-09,1d,468.090000,472.680000,464.790000,472.530000,472.530000,8829800,FinMind
GLD,AMEX,SPDR Gold Shares,2026-03-10,1d,479.740000,481.310000,474.210000,477.860000,477.860000,9616800,FinMind
GLD,AMEX,SPDR Gold Shares,2026-03-11,1d,476.130000,477.450000,473.130000,476.240000,476.240000,7522900,FinMind
GLD,AMEX,SPDR Gold Shares,2026-03-12,1d,475.020000,475.020000,466.600000,466.880000,466.880000,11900600,FinMind
GLD,AMEX,SPDR Gold Shares,2026-03-13,1d,469.310000,470.100000,460.220000,460.840000,460.840000,11741600,FinMind
GLD,AMEX,SPDR Gold Shares,2026-03-16,1d,461.270000,462.800000,456.910000,460.430000,460.430000,8964100,FinMind
GLD,AMEX,SPDR Gold Shares,2026-03-17,1d,460.510000,462.210000,456.870000,459.270000,459.270000,7610100,FinMind
GLD,AMEX,SPDR Gold Shares,2026-03-18,1d,446.660000,450.060000,444.390000,444.740000,444.740000,18375600,FinMind
GLD,AMEX,SPDR Gold Shares,2026-03-19,1d,420.360000,428.270000,416.800000,426.410000,426.410000,30206000,FinMind
GLD,AMEX,SPDR Gold Shares,2026-03-20,1d,428.090000,428.590000,411.230000,413.380000,413.380000,27204900,FinMind
GLD,AMEX,SPDR Gold Shares,2026-03-23,1d,405.120000,414.540000,399.640000,404.040000,404.040000,36796800,FinMind
GLD,AMEX,SPDR Gold Shares,2026-03-24,1d,400.240000,407.290000,399.200000,404.130000,404.130000,17478500,FinMind
GLD,AMEX,SPDR Gold Shares,2026-03-25,1d,419.710000,420.660000,412.250000,416.290000,416.290000,15713200,FinMind
GLD,AMEX,SPDR Gold Shares,2026-03-26,1d,408.530000,411.370000,400.260000,400.640000,400.640000,15756300,FinMind
GLD,AMEX,SPDR Gold Shares,2026-03-27,1d,406.200000,418.400000,405.410000,414.700000,414.700000,16580700,FinMind
GLD,AMEX,SPDR Gold Shares,2026-03-30,1d,419.540000,420.100000,412.660000,414.580000,414.580000,13172100,FinMind
GLD,AMEX,SPDR Gold Shares,2026-03-31,1d,420.080000,430.570000,419.590000,430.290000,430.290000,14534300,FinMind
GLD,AMEX,SPDR Gold Shares,2026-04-01,1d,435.000000,440.190000,433.760000,437.820000,437.820000,14133100,FinMind
GLD,AMEX,SPDR Gold Shares,2026-04-02,1d,422.290000,431.670000,421.170000,429.410000,429.410000,10838600,FinMind
GLD,AMEX,SPDR Gold Shares,2026-04-06,1d,428.870000,431.490000,426.710000,427.650000,427.650000,5417300,FinMind
GLD,AMEX,SPDR Gold Shares,2026-04-07,1d,427.900000,433.430000,423.100000,431.810000,431.810000,7263500,FinMind
GLD,AMEX,SPDR Gold Shares,2026-04-08,1d,439.980000,440.440000,431.310000,434.530000,434.530000,9689700,FinMind
GLD,AMEX,SPDR Gold Shares,2026-04-09,1d,436.470000,440.910000,435.870000,437.910000,437.910000,6748500,FinMind
GLD,AMEX,SPDR Gold Shares,2026-04-10,1d,438.590000,440.350000,436.000000,437.130000,437.130000,6193300,FinMind
GLD,AMEX,SPDR Gold Shares,2026-04-13,1d,434.780000,436.220000,431.630000,435.360000,435.360000,5549400,FinMind
GLD,AMEX,SPDR Gold Shares,2026-04-14,1d,439.320000,445.180000,439.020000,445.090000,445.090000,8731700,FinMind
GLD,AMEX,SPDR Gold Shares,2026-04-15,1d,442.880000,443.740000,439.600000,440.460000,440.460000,6455900,FinMind
GLD,AMEX,SPDR Gold Shares,2026-04-16,1d,442.150000,442.980000,438.180000,440.080000,440.080000,5350100,FinMind
GLD,AMEX,SPDR Gold Shares,2026-04-17,1d,445.650000,448.700000,445.320000,445.930000,445.930000,9712000,FinMind
GLD,AMEX,SPDR Gold Shares,2026-04-20,1d,443.130000,443.420000,440.050000,442.090000,442.090000,8473000,FinMind
GLD,AMEX,SPDR Gold Shares,2026-04-21,1d,438.550000,440.250000,428.710000,429.570000,429.570000,9480000,FinMind
GLD,AMEX,SPDR Gold Shares,2026-04-22,1d,436.270000,437.170000,433.780000,435.260000,435.260000,5178100,FinMind
GLD,AMEX,SPDR Gold Shares,2026-04-23,1d,433.960000,435.290000,428.220000,431.040000,431.040000,4976400,FinMind
GLD,AMEX,SPDR Gold Shares,2026-04-24,1d,431.340000,435.280000,430.650000,433.250000,433.250000,5924100,FinMind
GLD,AMEX,SPDR Gold Shares,2026-04-27,1d,431.660000,431.800000,428.520000,429.890000,429.890000,6105200,FinMind
GLD,AMEX,SPDR Gold Shares,2026-04-28,1d,420.720000,422.520000,418.400000,421.910000,421.910000,7723400,FinMind
GLD,AMEX,SPDR Gold Shares,2026-04-29,1d,416.740000,419.170000,414.160000,417.410000,417.410000,6452600,FinMind
GLD,AMEX,SPDR Gold Shares,2026-04-30,1d,425.340000,425.460000,422.740000,423.660000,423.660000,6732800,FinMind
GLD,AMEX,SPDR Gold Shares,2026-05-01,1d,421.410000,427.930000,421.080000,423.180000,423.180000,5911500,FinMind
GLD,AMEX,SPDR Gold Shares,2026-05-04,1d,418.840000,420.860000,413.280000,414.710000,414.710000,7285700,FinMind
GLD,AMEX,SPDR Gold Shares,2026-05-05,1d,420.150000,421.160000,417.910000,418.270000,418.270000,4279900,FinMind
GLD,AMEX,SPDR Gold Shares,2026-05-06,1d,430.150000,433.190000,429.600000,430.960000,430.960000,7013900,FinMind
GLD,AMEX,SPDR Gold Shares,2026-05-07,1d,435.610000,437.420000,430.250000,431.680000,431.680000,6816200,FinMind
GLD,AMEX,SPDR Gold Shares,2026-05-08,1d,434.050000,436.200000,431.700000,433.770000,433.770000,5380800,FinMind
GLD,AMEX,SPDR Gold Shares,2026-05-11,1d,434.180000,436.040000,432.210000,434.650000,434.650000,5569100,FinMind
GLD,AMEX,SPDR Gold Shares,2026-05-12,1d,430.700000,432.980000,425.850000,432.930000,432.930000,6660900,FinMind
GLD,AMEX,SPDR Gold Shares,2026-05-13,1d,430.520000,432.490000,428.750000,430.500000,430.500000,4180300,FinMind
GLD,AMEX,SPDR Gold Shares,2026-05-14,1d,430.300000,431.540000,427.100000,427.210000,427.210000,4021400,FinMind
GLD,AMEX,SPDR Gold Shares,2026-05-15,1d,417.640000,419.250000,414.120000,417.290000,417.290000,9360400,FinMind
GLD,AMEX,SPDR Gold Shares,2026-05-18,1d,419.820000,420.930000,416.060000,418.430000,418.430000,5628300,FinMind
GLD,AMEX,SPDR Gold Shares,2026-05-19,1d,412.450000,414.470000,409.880000,411.500000,411.500000,5419400,FinMind
GLD,AMEX,SPDR Gold Shares,2026-05-20,1d,412.140000,417.990000,410.080000,417.400000,417.400000,6005000,FinMind
GLD,AMEX,SPDR Gold Shares,2026-05-21,1d,413.140000,418.420000,411.950000,416.990000,416.990000,4679900,FinMind
GLD,AMEX,SPDR Gold Shares,2026-05-22,1d,415.170000,415.680000,412.000000,413.820000,413.820000,5528400,FinMind
GLD,AMEX,SPDR Gold Shares,2026-05-26,1d,415.160000,415.980000,411.500000,414.000000,414.000000,5098400,FinMind
GLD,AMEX,SPDR Gold Shares,2026-05-27,1d,404.340000,409.250000,404.300000,408.490000,408.490000,6624600,FinMind
GLD,AMEX,SPDR Gold Shares,2026-05-28,1d,406.480000,414.510000,405.410000,412.770000,412.770000,7184100,FinMind
GLD,AMEX,SPDR Gold Shares,2026-05-29,1d,415.620000,421.820000,415.080000,417.120000,417.120000,7705700,FinMind
GLD,AMEX,SPDR Gold Shares,2026-06-01,1d,409.860000,412.610000,408.240000,411.260000,411.260000,6158900,FinMind
GLD,AMEX,SPDR Gold Shares,2026-06-02,1d,414.080000,414.400000,411.110000,411.950000,411.950000,3687964,FinMind
SPY,AMEX,SPDR S&P 500 ETF Trust,2025-06-03,1d,592.340000,597.080000,591.850000,596.090000,589.330000,63606200,FinMind
SPY,AMEX,SPDR S&P 500 ETF Trust,2025-06-04,1d,596.960000,597.950000,595.490000,595.930000,589.180000,57314200,FinMind
SPY,AMEX,SPDR S&P 500 ETF Trust,2025-06-05,1d,597.630000,599.000000,591.050000,593.050000,586.330000,92278700,FinMind
SPY,AMEX,SPDR S&P 500 ETF Trust,2025-06-06,1d,598.660000,600.830000,596.860000,599.140000,592.350000,66588700,FinMind
SPY,AMEX,SPDR S&P 500 ETF Trust,2025-06-09,1d,599.720000,601.250000,598.490000,599.680000,592.880000,53016400,FinMind
SPY,AMEX,SPDR S&P 500 ETF Trust,2025-06-10,1d,600.220000,603.470000,599.090000,603.080000,596.240000,66247000,FinMind
SPY,AMEX,SPDR S&P 500 ETF Trust,2025-06-11,1d,604.190000,605.060000,599.270000,601.360000,594.540000,73658200,FinMind
SPY,AMEX,SPDR S&P 500 ETF Trust,2025-06-12,1d,600.010000,603.750000,599.520000,603.750000,596.910000,64129000,FinMind
SPY,AMEX,SPDR S&P 500 ETF Trust,2025-06-13,1d,598.500000,601.850000,595.480000,597.000000,590.230000,89506000,FinMind
SPY,AMEX,SPDR S&P 500 ETF Trust,2025-06-16,1d,600.400000,604.450000,600.220000,602.680000,595.850000,79984100,FinMind
SPY,AMEX,SPDR S&P 500 ETF Trust,2025-06-17,1d,600.210000,601.750000,596.760000,597.530000,590.760000,82209400,FinMind
SPY,AMEX,SPDR S&P 500 ETF Trust,2025-06-18,1d,598.440000,601.220000,596.470000,597.440000,590.670000,76605000,FinMind
SPY,AMEX,SPDR S&P 500 ETF Trust,2025-06-20,1d,598.380000,599.460000,592.860000,594.280000,589.280000,94051400,FinMind
SPY,AMEX,SPDR S&P 500 ETF Trust,2025-06-23,1d,595.040000,600.540000,591.890000,600.150000,595.100000,87426000,FinMind
SPY,AMEX,SPDR S&P 500 ETF Trust,2025-06-24,1d,604.330000,607.850000,603.410000,606.780000,601.680000,67735300,FinMind
SPY,AMEX,SPDR S&P 500 ETF Trust,2025-06-25,1d,607.910000,608.610000,605.540000,607.120000,602.010000,62114800,FinMind
SPY,AMEX,SPDR S&P 500 ETF Trust,2025-06-26,1d,608.990000,612.310000,608.370000,611.870000,606.720000,78548400,FinMind
SPY,AMEX,SPDR S&P 500 ETF Trust,2025-06-27,1d,612.880000,616.390000,610.830000,614.910000,609.740000,86258400,FinMind
SPY,AMEX,SPDR S&P 500 ETF Trust,2025-06-30,1d,617.380000,619.220000,615.040000,617.850000,612.650000,92502500,FinMind
SPY,AMEX,SPDR S&P 500 ETF Trust,2025-07-01,1d,616.360000,618.830000,615.520000,617.650000,612.460000,70030100,FinMind
SPY,AMEX,SPDR S&P 500 ETF Trust,2025-07-02,1d,617.240000,620.490000,616.610000,620.450000,615.230000,66510400,FinMind
SPY,AMEX,SPDR S&P 500 ETF Trust,2025-07-03,1d,622.450000,626.280000,622.430000,625.340000,620.080000,51065800,FinMind
SPY,AMEX,SPDR S&P 500 ETF Trust,2025-07-07,1d,623.360000,624.030000,617.870000,620.680000,615.460000,74814500,FinMind
SPY,AMEX,SPDR S&P 500 ETF Trust,2025-07-08,1d,621.350000,622.110000,619.520000,620.340000,615.120000,59024600,FinMind
SPY,AMEX,SPDR S&P 500 ETF Trust,2025-07-09,1d,622.770000,624.720000,620.910000,624.060000,618.810000,66113300,FinMind
SPY,AMEX,SPDR S&P 500 ETF Trust,2025-07-10,1d,624.200000,626.870000,623.010000,625.820000,620.560000,57529000,FinMind
SPY,AMEX,SPDR S&P 500 ETF Trust,2025-07-11,1d,622.740000,624.860000,621.530000,623.620000,618.370000,63670200,FinMind
SPY,AMEX,SPDR S&P 500 ETF Trust,2025-07-14,1d,623.160000,625.160000,621.800000,624.810000,619.550000,51898500,FinMind
SPY,AMEX,SPDR S&P 500 ETF Trust,2025-07-15,1d,627.520000,627.860000,622.060000,622.140000,616.910000,74317300,FinMind
SPY,AMEX,SPDR S&P 500 ETF Trust,2025-07-16,1d,623.740000,624.730000,618.050000,624.220000,618.970000,88987500,FinMind
SPY,AMEX,SPDR S&P 500 ETF Trust,2025-07-17,1d,624.400000,628.400000,624.180000,628.040000,622.760000,68885700,FinMind
SPY,AMEX,SPDR S&P 500 ETF Trust,2025-07-18,1d,629.300000,629.470000,626.460000,627.580000,622.300000,65621600,FinMind
SPY,AMEX,SPDR S&P 500 ETF Trust,2025-07-21,1d,628.770000,631.540000,628.340000,628.770000,623.480000,63375000,FinMind
SPY,AMEX,SPDR S&P 500 ETF Trust,2025-07-22,1d,629.100000,629.730000,626.190000,628.860000,623.570000,60046300,FinMind
SPY,AMEX,SPDR S&P 500 ETF Trust,2025-07-23,1d,631.550000,634.210000,629.730000,634.210000,628.880000,70511000,FinMind
SPY,AMEX,SPDR S&P 500 ETF Trust,2025-07-24,1d,634.600000,636.150000,633.990000,634.420000,629.080000,71307100,FinMind
SPY,AMEX,SPDR S&P 500 ETF Trust,2025-07-25,1d,635.090000,637.580000,634.840000,637.100000,631.740000,56865400,FinMind
SPY,AMEX,SPDR S&P 500 ETF Trust,2025-07-28,1d,637.480000,638.040000,635.540000,636.940000,631.580000,54917100,FinMind
SPY,AMEX,SPDR S&P 500 ETF Trust,2025-07-29,1d,638.350000,638.670000,634.340000,635.260000,629.920000,60556300,FinMind
SPY,AMEX,SPDR S&P 500 ETF Trust,2025-07-30,1d,635.920000,637.680000,631.540000,634.460000,629.120000,80418900,FinMind
SPY,AMEX,SPDR S&P 500 ETF Trust,2025-07-31,1d,639.460000,639.850000,630.770000,632.080000,626.760000,103385200,FinMind
SPY,AMEX,SPDR S&P 500 ETF Trust,2025-08-01,1d,626.300000,626.340000,619.290000,621.720000,616.490000,140103600,FinMind
SPY,AMEX,SPDR S&P 500 ETF Trust,2025-08-04,1d,625.670000,631.220000,625.580000,631.170000,625.860000,73218000,FinMind
SPY,AMEX,SPDR S&P 500 ETF Trust,2025-08-05,1d,631.790000,632.610000,627.040000,627.970000,622.690000,68051400,FinMind
SPY,AMEX,SPDR S&P 500 ETF Trust,2025-08-06,1d,629.050000,633.440000,628.130000,632.780000,627.460000,64357500,FinMind
SPY,AMEX,SPDR S&P 500 ETF Trust,2025-08-07,1d,636.240000,636.980000,629.110000,632.250000,626.930000,74205800,FinMind
SPY,AMEX,SPDR S&P 500 ETF Trust,2025-08-08,1d,634.060000,637.650000,633.740000,637.180000,631.820000,64051600,FinMind
SPY,AMEX,SPDR S&P 500 ETF Trust,2025-08-11,1d,637.460000,638.950000,634.660000,635.920000,630.570000,58742300,FinMind
SPY,AMEX,SPDR S&P 500 ETF Trust,2025-08-12,1d,638.290000,642.850000,636.790000,642.690000,637.280000,64730800,FinMind
SPY,AMEX,SPDR S&P 500 ETF Trust,2025-08-13,1d,644.910000,646.190000,642.680000,644.890000,639.470000,60092800,FinMind
SPY,AMEX,SPDR S&P 500 ETF Trust,2025-08-14,1d,642.790000,645.620000,642.340000,644.950000,639.530000,59327500,FinMind
SPY,AMEX,SPDR S&P 500 ETF Trust,2025-08-15,1d,645.990000,646.090000,642.520000,643.440000,638.030000,68592500,FinMind
SPY,AMEX,SPDR S&P 500 ETF Trust,2025-08-18,1d,642.860000,644.000000,642.180000,643.300000,637.890000,43804900,FinMind
SPY,AMEX,SPDR S&P 500 ETF Trust,2025-08-19,1d,643.120000,644.110000,638.480000,639.810000,634.430000,69750700,FinMind
SPY,AMEX,SPDR S&P 500 ETF Trust,2025-08-20,1d,639.400000,639.660000,632.950000,638.110000,632.740000,88890300,FinMind
SPY,AMEX,SPDR S&P 500 ETF Trust,2025-08-21,1d,636.280000,637.970000,633.810000,635.550000,630.200000,54805800,FinMind
SPY,AMEX,SPDR S&P 500 ETF Trust,2025-08-22,1d,637.760000,646.500000,637.250000,645.310000,639.880000,84083200,FinMind
SPY,AMEX,SPDR S&P 500 ETF Trust,2025-08-25,1d,644.040000,645.290000,642.350000,642.470000,637.070000,51274300,FinMind
SPY,AMEX,SPDR S&P 500 ETF Trust,2025-08-26,1d,642.200000,645.510000,641.570000,645.160000,639.730000,51581600,FinMind
SPY,AMEX,SPDR S&P 500 ETF Trust,2025-08-27,1d,644.570000,647.370000,644.420000,646.630000,641.190000,48341100,FinMind
SPY,AMEX,SPDR S&P 500 ETF Trust,2025-08-28,1d,647.240000,649.480000,645.340000,648.920000,643.460000,61519500,FinMind
SPY,AMEX,SPDR S&P 500 ETF Trust,2025-08-29,1d,647.470000,647.840000,643.140000,645.050000,639.620000,74522200,FinMind
SPY,AMEX,SPDR S&P 500 ETF Trust,2025-09-02,1d,637.500000,640.490000,634.920000,640.270000,634.880000,81983500,FinMind
SPY,AMEX,SPDR S&P 500 ETF Trust,2025-09-03,1d,642.670000,644.210000,640.460000,643.740000,638.330000,70820900,FinMind
SPY,AMEX,SPDR S&P 500 ETF Trust,2025-09-04,1d,644.420000,649.150000,643.510000,649.120000,643.660000,65219200,FinMind
SPY,AMEX,SPDR S&P 500 ETF Trust,2025-09-05,1d,651.480000,652.210000,643.330000,647.240000,641.800000,85178900,FinMind
SPY,AMEX,SPDR S&P 500 ETF Trust,2025-09-08,1d,648.620000,649.840000,647.230000,648.830000,643.370000,63133100,FinMind
SPY,AMEX,SPDR S&P 500 ETF Trust,2025-09-09,1d,648.970000,650.860000,647.220000,650.330000,644.860000,66133900,FinMind
SPY,AMEX,SPDR S&P 500 ETF Trust,2025-09-10,1d,653.620000,654.550000,650.630000,652.210000,646.720000,78034500,FinMind
SPY,AMEX,SPDR S&P 500 ETF Trust,2025-09-11,1d,654.180000,658.330000,653.590000,657.630000,652.100000,69934400,FinMind
SPY,AMEX,SPDR S&P 500 ETF Trust,2025-09-12,1d,657.600000,659.110000,656.900000,657.410000,651.880000,72780100,FinMind
SPY,AMEX,SPDR S&P 500 ETF Trust,2025-09-15,1d,659.640000,661.040000,659.340000,660.910000,655.350000,63772400,FinMind
SPY,AMEX,SPDR S&P 500 ETF Trust,2025-09-16,1d,661.470000,661.780000,659.210000,660.000000,654.450000,61169000,FinMind
SPY,AMEX,SPDR S&P 500 ETF Trust,2025-09-17,1d,660.010000,661.720000,654.300000,659.180000,653.640000,101952200,FinMind
SPY,AMEX,SPDR S&P 500 ETF Trust,2025-09-18,1d,661.890000,664.890000,660.270000,662.260000,656.690000,90459200,FinMind
SPY,AMEX,SPDR S&P 500 ETF Trust,2025-09-19,1d,662.330000,664.550000,660.370000,663.700000,659.940000,97945600,FinMind
SPY,AMEX,SPDR S&P 500 ETF Trust,2025-09-22,1d,662.200000,667.290000,662.170000,666.840000,663.060000,69452200,FinMind
SPY,AMEX,SPDR S&P 500 ETF Trust,2025-09-23,1d,666.720000,667.340000,661.980000,663.210000,659.460000,81708900,FinMind
SPY,AMEX,SPDR S&P 500 ETF Trust,2025-09-24,1d,664.510000,664.610000,659.670000,661.100000,657.360000,68082200,FinMind
SPY,AMEX,SPDR S&P 500 ETF Trust,2025-09-25,1d,657.940000,659.410000,654.410000,658.050000,654.320000,89622100,FinMind
SPY,AMEX,SPDR S&P 500 ETF Trust,2025-09-26,1d,659.510000,662.370000,657.880000,661.820000,658.070000,69179200,FinMind
SPY,AMEX,SPDR S&P 500 ETF Trust,2025-09-29,1d,664.360000,665.280000,661.860000,663.680000,659.920000,73499000,FinMind
SPY,AMEX,SPDR S&P 500 ETF Trust,2025-09-30,1d,662.930000,666.650000,661.610000,666.180000,662.410000,86288000,FinMind
SPY,AMEX,SPDR S&P 500 ETF Trust,2025-10-01,1d,663.170000,669.370000,663.060000,668.450000,664.670000,72545400,FinMind
SPY,AMEX,SPDR S&P 500 ETF Trust,2025-10-02,1d,670.450000,670.570000,666.780000,669.220000,665.430000,56896000,FinMind
SPY,AMEX,SPDR S&P 500 ETF Trust,2025-10-03,1d,669.990000,672.680000,668.160000,669.210000,665.420000,70494400,FinMind
SPY,AMEX,SPDR S&P 500 ETF Trust,2025-10-06,1d,671.620000,672.510000,669.460000,671.610000,667.810000,54623300,FinMind
SPY,AMEX,SPDR S&P 500 ETF Trust,2025-10-07,1d,672.540000,672.990000,667.670000,669.120000,665.330000,72020100,FinMind
SPY,AMEX,SPDR S&P 500 ETF Trust,2025-10-08,1d,670.250000,673.210000,669.420000,673.110000,669.300000,60702200,FinMind
SPY,AMEX,SPDR S&P 500 ETF Trust,2025-10-09,1d,673.530000,673.940000,669.210000,671.160000,667.360000,66501900,FinMind
SPY,AMEX,SPDR S&P 500 ETF Trust,2025-10-10,1d,672.130000,673.950000,652.840000,653.020000,649.320000,159422600,FinMind
SPY,AMEX,SPDR S&P 500 ETF Trust,2025-10-13,1d,660.650000,665.130000,659.770000,663.040000,659.290000,79560500,FinMind
SPY,AMEX,SPDR S&P 500 ETF Trust,2025-10-14,1d,657.170000,665.830000,653.170000,662.230000,658.480000,88779600,FinMind
SPY,AMEX,SPDR S&P 500 ETF Trust,2025-10-15,1d,666.820000,670.230000,658.930000,665.170000,661.400000,81702600,FinMind
SPY,AMEX,SPDR S&P 500 ETF Trust,2025-10-16,1d,666.820000,668.710000,657.110000,660.640000,656.900000,110563300,FinMind
SPY,AMEX,SPDR S&P 500 ETF Trust,2025-10-17,1d,659.500000,665.760000,658.140000,664.390000,660.630000,96500900,FinMind
SPY,AMEX,SPDR S&P 500 ETF Trust,2025-10-20,1d,667.320000,672.210000,667.270000,671.300000,667.500000,60493400,FinMind
SPY,AMEX,SPDR S&P 500 ETF Trust,2025-10-21,1d,671.440000,672.990000,669.980000,671.290000,667.490000,56249000,FinMind
SPY,AMEX,SPDR S&P 500 ETF Trust,2025-10-22,1d,672.000000,672.000000,663.300000,667.800000,664.020000,80564000,FinMind
SPY,AMEX,SPDR S&P 500 ETF Trust,2025-10-23,1d,668.120000,672.710000,667.800000,671.760000,667.960000,65604500,FinMind
SPY,AMEX,SPDR S&P 500 ETF Trust,2025-10-24,1d,676.460000,678.470000,675.650000,677.250000,673.420000,74356500,FinMind
SPY,AMEX,SPDR S&P 500 ETF Trust,2025-10-27,1d,682.730000,685.540000,682.120000,685.240000,681.360000,63339800,FinMind
SPY,AMEX,SPDR S&P 500 ETF Trust,2025-10-28,1d,687.050000,688.910000,684.830000,687.060000,683.170000,61738100,FinMind
SPY,AMEX,SPDR S&P 500 ETF Trust,2025-10-29,1d,688.720000,689.700000,682.870000,687.390000,683.500000,85657100,FinMind
SPY,AMEX,SPDR S&P 500 ETF Trust,2025-10-30,1d,683.900000,685.940000,679.830000,679.830000,675.980000,76335800,FinMind
SPY,AMEX,SPDR S&P 500 ETF Trust,2025-10-31,1d,685.040000,685.080000,679.240000,682.060000,678.200000,87164100,FinMind
SPY,AMEX,SPDR S&P 500 ETF Trust,2025-11-03,1d,685.670000,685.800000,679.940000,683.340000,679.470000,57315000,FinMind
SPY,AMEX,SPDR S&P 500 ETF Trust,2025-11-04,1d,676.110000,679.960000,674.580000,675.240000,671.420000,78427000,FinMind
SPY,AMEX,SPDR S&P 500 ETF Trust,2025-11-05,1d,674.980000,680.860000,674.170000,677.580000,673.740000,74402400,FinMind
SPY,AMEX,SPDR S&P 500 ETF Trust,2025-11-06,1d,676.470000,677.380000,668.720000,670.310000,666.510000,85035300,FinMind
SPY,AMEX,SPDR S&P 500 ETF Trust,2025-11-07,1d,667.910000,671.080000,661.210000,670.970000,667.170000,100592400,FinMind
SPY,AMEX,SPDR S&P 500 ETF Trust,2025-11-10,1d,677.240000,682.180000,675.030000,681.440000,677.580000,75842900,FinMind
SPY,AMEX,SPDR S&P 500 ETF Trust,2025-11-11,1d,679.950000,683.570000,678.730000,683.000000,679.130000,58953400,FinMind
SPY,AMEX,SPDR S&P 500 ETF Trust,2025-11-12,1d,684.790000,684.960000,680.950000,683.380000,679.510000,62312500,FinMind
SPY,AMEX,SPDR S&P 500 ETF Trust,2025-11-13,1d,680.500000,680.860000,670.520000,672.040000,668.240000,103457800,FinMind
SPY,AMEX,SPDR S&P 500 ETF Trust,2025-11-14,1d,665.380000,675.660000,663.270000,671.930000,668.130000,96846700,FinMind
SPY,AMEX,SPDR S&P 500 ETF Trust,2025-11-17,1d,669.700000,673.710000,662.170000,665.670000,661.900000,90456100,FinMind
SPY,AMEX,SPDR S&P 500 ETF Trust,2025-11-18,1d,662.100000,665.120000,655.860000,660.080000,656.340000,114467500,FinMind
SPY,AMEX,SPDR S&P 500 ETF Trust,2025-11-19,1d,660.780000,667.340000,658.750000,662.630000,658.880000,94703000,FinMind
SPY,AMEX,SPDR S&P 500 ETF Trust,2025-11-20,1d,672.910000,675.560000,651.890000,652.530000,648.840000,165293500,FinMind
SPY,AMEX,SPDR S&P 500 ETF Trust,2025-11-21,1d,655.050000,664.550000,650.850000,659.030000,655.300000,123956200,FinMind
SPY,AMEX,SPDR S&P 500 ETF Trust,2025-11-24,1d,662.690000,670.060000,661.590000,668.730000,664.940000,80437900,FinMind
SPY,AMEX,SPDR S&P 500 ETF Trust,2025-11-25,1d,668.630000,676.210000,664.480000,675.020000,671.200000,81077100,FinMind
SPY,AMEX,SPDR S&P 500 ETF Trust,2025-11-26,1d,677.630000,681.700000,676.720000,679.680000,675.830000,71879600,FinMind
SPY,AMEX,SPDR S&P 500 ETF Trust,2025-11-28,1d,680.860000,683.670000,680.500000,683.390000,679.520000,49212000,FinMind
SPY,AMEX,SPDR S&P 500 ETF Trust,2025-12-01,1d,678.810000,682.990000,678.740000,680.270000,676.420000,61201200,FinMind
SPY,AMEX,SPDR S&P 500 ETF Trust,2025-12-02,1d,681.920000,683.820000,679.330000,681.530000,677.670000,62953800,FinMind
SPY,AMEX,SPDR S&P 500 ETF Trust,2025-12-03,1d,680.570000,684.910000,679.690000,683.890000,680.020000,57238500,FinMind
SPY,AMEX,SPDR S&P 500 ETF Trust,2025-12-04,1d,685.300000,685.370000,681.340000,684.390000,680.520000,61970300,FinMind
SPY,AMEX,SPDR S&P 500 ETF Trust,2025-12-05,1d,685.470000,688.390000,684.580000,685.690000,681.810000,79241000,FinMind
SPY,AMEX,SPDR S&P 500 ETF Trust,2025-12-08,1d,686.590000,686.640000,681.570000,683.630000,679.760000,55231500,FinMind
SPY,AMEX,SPDR S&P 500 ETF Trust,2025-12-09,1d,683.150000,685.390000,682.590000,683.040000,679.170000,58310100,FinMind
SPY,AMEX,SPDR S&P 500 ETF Trust,2025-12-10,1d,682.560000,688.970000,681.310000,687.570000,683.680000,85671300,FinMind
SPY,AMEX,SPDR S&P 500 ETF Trust,2025-12-11,1d,685.140000,689.250000,682.170000,689.170000,685.270000,86173700,FinMind
SPY,AMEX,SPDR S&P 500 ETF Trust,2025-12-12,1d,688.170000,688.880000,679.170000,681.760000,677.900000,113160300,FinMind
SPY,AMEX,SPDR S&P 500 ETF Trust,2025-12-15,1d,685.740000,685.760000,679.250000,680.730000,676.880000,90811000,FinMind
SPY,AMEX,SPDR S&P 500 ETF Trust,2025-12-16,1d,679.230000,681.080000,674.980000,678.870000,675.030000,122030600,FinMind
SPY,AMEX,SPDR S&P 500 ETF Trust,2025-12-17,1d,679.890000,680.440000,671.200000,671.400000,667.600000,110625200,FinMind
SPY,AMEX,SPDR S&P 500 ETF Trust,2025-12-18,1d,677.600000,680.740000,674.900000,676.470000,672.640000,108650100,FinMind
SPY,AMEX,SPDR S&P 500 ETF Trust,2025-12-19,1d,676.590000,681.090000,676.470000,680.590000,678.740000,103599500,FinMind
SPY,AMEX,SPDR S&P 500 ETF Trust,2025-12-22,1d,683.940000,685.360000,680.590000,684.830000,682.960000,69556700,FinMind
SPY,AMEX,SPDR S&P 500 ETF Trust,2025-12-23,1d,683.920000,688.200000,683.870000,687.960000,686.090000,64840000,FinMind
SPY,AMEX,SPDR S&P 500 ETF Trust,2025-12-24,1d,687.950000,690.830000,687.800000,690.380000,688.500000,39445600,FinMind
SPY,AMEX,SPDR S&P 500 ETF Trust,2025-12-26,1d,690.640000,691.660000,689.270000,690.310000,688.430000,41613300,FinMind
SPY,AMEX,SPDR S&P 500 ETF Trust,2025-12-29,1d,687.540000,689.200000,686.070000,687.850000,685.980000,62559500,FinMind
SPY,AMEX,SPDR S&P 500 ETF Trust,2025-12-30,1d,687.450000,688.560000,686.580000,687.010000,685.140000,47160700,FinMind
SPY,AMEX,SPDR S&P 500 ETF Trust,2025-12-31,1d,687.140000,687.360000,681.710000,681.920000,680.060000,74144800,FinMind
SPY,AMEX,SPDR S&P 500 ETF Trust,2026-01-02,1d,685.710000,686.870000,679.820000,683.170000,681.310000,89377200,FinMind
SPY,AMEX,SPDR S&P 500 ETF Trust,2026-01-05,1d,686.540000,689.430000,686.380000,687.720000,685.850000,71927200,FinMind
SPY,AMEX,SPDR S&P 500 ETF Trust,2026-01-06,1d,687.930000,692.320000,687.780000,691.810000,689.930000,69273800,FinMind
SPY,AMEX,SPDR S&P 500 ETF Trust,2026-01-07,1d,692.190000,693.960000,689.320000,689.580000,687.700000,75588300,FinMind
SPY,AMEX,SPDR S&P 500 ETF Trust,2026-01-08,1d,688.820000,690.620000,687.490000,689.510000,687.630000,64019200,FinMind
SPY,AMEX,SPDR S&P 500 ETF Trust,2026-01-09,1d,690.630000,695.310000,689.180000,694.070000,692.180000,80125500,FinMind
SPY,AMEX,SPDR S&P 500 ETF Trust,2026-01-12,1d,690.680000,696.090000,690.630000,695.160000,693.270000,63976000,FinMind
SPY,AMEX,SPDR S&P 500 ETF Trust,2026-01-13,1d,695.490000,696.090000,691.350000,693.770000,691.880000,78309700,FinMind
SPY,AMEX,SPDR S&P 500 ETF Trust,2026-01-14,1d,691.000000,691.720000,686.040000,690.360000,688.480000,94676700,FinMind
SPY,AMEX,SPDR S&P 500 ETF Trust,2026-01-15,1d,694.570000,695.450000,691.250000,692.240000,690.350000,77862000,FinMind
SPY,AMEX,SPDR S&P 500 ETF Trust,2026-01-16,1d,693.660000,694.250000,690.100000,691.660000,689.780000,79289200,FinMind
SPY,AMEX,SPDR S&P 500 ETF Trust,2026-01-20,1d,681.490000,684.770000,676.570000,677.580000,675.730000,111623300,FinMind
SPY,AMEX,SPDR S&P 500 ETF Trust,2026-01-21,1d,679.650000,688.740000,678.130000,685.400000,683.530000,127844500,FinMind
SPY,AMEX,SPDR S&P 500 ETF Trust,2026-01-22,1d,689.850000,691.130000,686.920000,688.980000,687.100000,77112200,FinMind
SPY,AMEX,SPDR S&P 500 ETF Trust,2026-01-23,1d,688.150000,690.960000,687.160000,689.230000,687.350000,63059600,FinMind
SPY,AMEX,SPDR S&P 500 ETF Trust,2026-01-26,1d,690.490000,694.130000,689.920000,692.730000,690.840000,60473800,FinMind
SPY,AMEX,SPDR S&P 500 ETF Trust,2026-01-27,1d,694.180000,696.530000,693.570000,695.490000,693.600000,55506100,FinMind
SPY,AMEX,SPDR S&P 500 ETF Trust,2026-01-28,1d,697.050000,697.840000,693.940000,695.420000,693.530000,61172200,FinMind
SPY,AMEX,SPDR S&P 500 ETF Trust,2026-01-29,1d,696.390000,697.060000,684.830000,694.040000,692.150000,97486200,FinMind
SPY,AMEX,SPDR S&P 500 ETF Trust,2026-01-30,1d,691.790000,694.210000,687.120000,691.970000,690.090000,101835100,FinMind
SPY,AMEX,SPDR S&P 500 ETF Trust,2026-02-02,1d,689.580000,696.930000,689.420000,695.410000,693.520000,79286500,FinMind
SPY,AMEX,SPDR S&P 500 ETF Trust,2026-02-03,1d,696.210000,696.960000,684.030000,689.530000,687.650000,107904600,FinMind
SPY,AMEX,SPDR S&P 500 ETF Trust,2026-02-04,1d,690.350000,691.450000,681.760000,686.190000,684.320000,105204600,FinMind
SPY,AMEX,SPDR S&P 500 ETF Trust,2026-02-05,1d,680.940000,683.690000,675.790000,677.620000,675.770000,113610800,FinMind
SPY,AMEX,SPDR S&P 500 ETF Trust,2026-02-06,1d,681.460000,692.310000,680.850000,690.620000,688.740000,89127600,FinMind
SPY,AMEX,SPDR S&P 500 ETF Trust,2026-02-09,1d,689.420000,695.870000,688.340000,693.950000,692.060000,73885200,FinMind
SPY,AMEX,SPDR S&P 500 ETF Trust,2026-02-10,1d,694.950000,696.540000,691.660000,692.120000,690.230000,65185700,FinMind
SPY,AMEX,SPDR S&P 500 ETF Trust,2026-02-11,1d,696.390000,697.140000,689.180000,691.960000,690.080000,76353900,FinMind
SPY,AMEX,SPDR S&P 500 ETF Trust,2026-02-12,1d,694.240000,695.350000,680.370000,681.270000,679.410000,118829000,FinMind
SPY,AMEX,SPDR S&P 500 ETF Trust,2026-02-13,1d,681.690000,686.280000,677.520000,681.750000,679.890000,96267500,FinMind
SPY,AMEX,SPDR S&P 500 ETF Trust,2026-02-17,1d,680.140000,684.940000,675.780000,682.850000,680.990000,81354700,FinMind
SPY,AMEX,SPDR S&P 500 ETF Trust,2026-02-18,1d,684.020000,689.150000,682.830000,686.290000,684.420000,73570300,FinMind
SPY,AMEX,SPDR S&P 500 ETF Trust,2026-02-19,1d,683.840000,686.180000,681.550000,684.480000,682.620000,58649400,FinMind
SPY,AMEX,SPDR S&P 500 ETF Trust,2026-02-20,1d,682.320000,690.060000,681.730000,689.430000,687.550000,100034000,FinMind
SPY,AMEX,SPDR S&P 500 ETF Trust,2026-02-23,1d,687.830000,690.000000,680.370000,682.390000,680.530000,90558100,FinMind
SPY,AMEX,SPDR S&P 500 ETF Trust,2026-02-24,1d,681.900000,688.350000,680.000000,687.350000,685.480000,73798700,FinMind
SPY,AMEX,SPDR S&P 500 ETF Trust,2026-02-25,1d,690.180000,693.680000,690.100000,693.150000,691.260000,56369500,FinMind
SPY,AMEX,SPDR S&P 500 ETF Trust,2026-02-26,1d,693.280000,693.300000,684.350000,689.300000,687.420000,71671000,FinMind
SPY,AMEX,SPDR S&P 500 ETF Trust,2026-02-27,1d,683.090000,686.860000,681.640000,685.990000,684.120000,83308900,FinMind
SPY,AMEX,SPDR S&P 500 ETF Trust,2026-03-02,1d,678.700000,688.620000,678.020000,686.380000,684.510000,87477200,FinMind
SPY,AMEX,SPDR S&P 500 ETF Trust,2026-03-03,1d,675.060000,682.610000,669.660000,680.330000,678.480000,105003100,FinMind
SPY,AMEX,SPDR S&P 500 ETF Trust,2026-03-04,1d,681.630000,687.090000,679.620000,685.130000,683.260000,79182200,FinMind
SPY,AMEX,SPDR S&P 500 ETF Trust,2026-03-05,1d,682.080000,685.530000,675.610000,681.310000,679.450000,106606500,FinMind
SPY,AMEX,SPDR S&P 500 ETF Trust,2026-03-06,1d,673.410000,676.110000,669.760000,672.380000,670.550000,100687000,FinMind
SPY,AMEX,SPDR S&P 500 ETF Trust,2026-03-09,1d,666.390000,679.920000,662.390000,678.270000,676.420000,102667700,FinMind
SPY,AMEX,SPDR S&P 500 ETF Trust,2026-03-10,1d,677.720000,683.360000,674.760000,677.180000,675.340000,81505300,FinMind
SPY,AMEX,SPDR S&P 500 ETF Trust,2026-03-11,1d,677.580000,680.080000,673.340000,676.330000,674.490000,68441700,FinMind
SPY,AMEX,SPDR S&P 500 ETF Trust,2026-03-12,1d,671.160000,671.650000,665.870000,666.060000,664.250000,108882200,FinMind
SPY,AMEX,SPDR S&P 500 ETF Trust,2026-03-13,1d,669.270000,672.340000,661.360000,662.290000,660.490000,97200200,FinMind
SPY,AMEX,SPDR S&P 500 ETF Trust,2026-03-16,1d,668.380000,672.070000,667.120000,669.030000,667.210000,82023100,FinMind
SPY,AMEX,SPDR S&P 500 ETF Trust,2026-03-17,1d,672.390000,674.440000,669.700000,670.790000,668.960000,87128000,FinMind
SPY,AMEX,SPDR S&P 500 ETF Trust,2026-03-18,1d,668.360000,669.720000,661.190000,661.430000,659.630000,82062600,FinMind
SPY,AMEX,SPDR S&P 500 ETF Trust,2026-03-19,1d,656.970000,662.980000,655.170000,659.800000,658.000000,111272500,FinMind
SPY,AMEX,SPDR S&P 500 ETF Trust,2026-03-20,1d,656.510000,656.690000,644.720000,648.570000,648.570000,163617500,FinMind
SPY,AMEX,SPDR S&P 500 ETF Trust,2026-03-23,1d,658.070000,662.620000,653.940000,655.380000,655.380000,134802700,FinMind
SPY,AMEX,SPDR S&P 500 ETF Trust,2026-03-24,1d,651.320000,657.030000,649.880000,653.180000,653.180000,96457500,FinMind
SPY,AMEX,SPDR S&P 500 ETF Trust,2026-03-25,1d,658.670000,660.890000,654.240000,656.820000,656.820000,90653800,FinMind
SPY,AMEX,SPDR S&P 500 ETF Trust,2026-03-26,1d,652.060000,654.850000,644.820000,645.090000,645.090000,96494400,FinMind
SPY,AMEX,SPDR S&P 500 ETF Trust,2026-03-27,1d,642.500000,642.660000,633.110000,634.090000,634.090000,103649400,FinMind
SPY,AMEX,SPDR S&P 500 ETF Trust,2026-03-30,1d,640.110000,640.370000,629.280000,631.970000,631.970000,99275900,FinMind
SPY,AMEX,SPDR S&P 500 ETF Trust,2026-03-31,1d,638.940000,651.540000,637.980000,650.340000,650.340000,152534100,FinMind
SPY,AMEX,SPDR S&P 500 ETF Trust,2026-04-01,1d,653.900000,658.520000,653.000000,655.240000,655.240000,97841500,FinMind
SPY,AMEX,SPDR S&P 500 ETF Trust,2026-04-02,1d,646.420000,658.200000,645.110000,655.830000,655.830000,68358700,FinMind
SPY,AMEX,SPDR S&P 500 ETF Trust,2026-04-06,1d,655.860000,659.720000,655.520000,658.930000,658.930000,39105800,FinMind
SPY,AMEX,SPDR S&P 500 ETF Trust,2026-04-07,1d,656.650000,659.610000,651.060000,659.220000,659.220000,69980400,FinMind
SPY,AMEX,SPDR S&P 500 ETF Trust,2026-04-08,1d,676.390000,677.080000,671.460000,676.010000,676.010000,93606100,FinMind
SPY,AMEX,SPDR S&P 500 ETF Trust,2026-04-09,1d,674.840000,681.160000,673.770000,679.910000,679.910000,57134400,FinMind
SPY,AMEX,SPDR S&P 500 ETF Trust,2026-04-10,1d,681.320000,682.030000,678.450000,679.460000,679.460000,42253500,FinMind
SPY,AMEX,SPDR S&P 500 ETF Trust,2026-04-13,1d,677.410000,686.300000,676.580000,686.100000,686.100000,54185800,FinMind
SPY,AMEX,SPDR S&P 500 ETF Trust,2026-04-14,1d,687.690000,694.580000,687.660000,694.460000,694.460000,63480500,FinMind
SPY,AMEX,SPDR S&P 500 ETF Trust,2026-04-15,1d,695.260000,700.280000,694.200000,699.940000,699.940000,58240400,FinMind
SPY,AMEX,SPDR S&P 500 ETF Trust,2026-04-16,1d,701.060000,702.780000,698.530000,701.660000,701.660000,49972400,FinMind
SPY,AMEX,SPDR S&P 500 ETF Trust,2026-04-17,1d,706.140000,712.390000,705.760000,710.140000,710.140000,70661900,FinMind
SPY,AMEX,SPDR S&P 500 ETF Trust,2026-04-20,1d,708.780000,709.910000,706.140000,708.720000,708.720000,43546800,FinMind
SPY,AMEX,SPDR S&P 500 ETF Trust,2026-04-21,1d,710.280000,711.280000,702.640000,704.080000,704.080000,58941400,FinMind
SPY,AMEX,SPDR S&P 500 ETF Trust,2026-04-22,1d,709.150000,711.450000,708.220000,711.210000,711.210000,42518500,FinMind
SPY,AMEX,SPDR S&P 500 ETF Trust,2026-04-23,1d,709.500000,712.360000,702.280000,708.450000,708.450000,56174000,FinMind
SPY,AMEX,SPDR S&P 500 ETF Trust,2026-04-24,1d,710.750000,714.470000,709.010000,713.940000,713.940000,45182000,FinMind
SPY,AMEX,SPDR S&P 500 ETF Trust,2026-04-27,1d,713.170000,715.630000,712.300000,715.170000,715.170000,33135900,FinMind
SPY,AMEX,SPDR S&P 500 ETF Trust,2026-04-28,1d,711.820000,712.880000,709.250000,711.690000,711.690000,43117400,FinMind
SPY,AMEX,SPDR S&P 500 ETF Trust,2026-04-29,1d,711.000000,712.200000,708.370000,711.580000,711.580000,41859200,FinMind
SPY,AMEX,SPDR S&P 500 ETF Trust,2026-04-30,1d,714.630000,719.790000,710.450000,718.660000,718.660000,67240900,FinMind
SPY,AMEX,SPDR S&P 500 ETF Trust,2026-05-01,1d,721.250000,724.870000,720.470000,720.650000,720.650000,43049800,FinMind
SPY,AMEX,SPDR S&P 500 ETF Trust,2026-05-04,1d,720.070000,722.120000,714.990000,718.010000,718.010000,51950600,FinMind
SPY,AMEX,SPDR S&P 500 ETF Trust,2026-05-05,1d,721.770000,725.040000,721.490000,723.770000,723.770000,36933200,FinMind
SPY,AMEX,SPDR S&P 500 ETF Trust,2026-05-06,1d,728.160000,734.590000,727.820000,733.830000,733.830000,53288900,FinMind
SPY,AMEX,SPDR S&P 500 ETF Trust,2026-05-07,1d,735.050000,736.130000,729.750000,731.580000,731.580000,51724600,FinMind
SPY,AMEX,SPDR S&P 500 ETF Trust,2026-05-08,1d,734.930000,738.080000,734.570000,737.620000,737.620000,47227100,FinMind
SPY,AMEX,SPDR S&P 500 ETF Trust,2026-05-11,1d,736.450000,740.790000,736.450000,739.300000,739.300000,44024000,FinMind
SPY,AMEX,SPDR S&P 500 ETF Trust,2026-05-12,1d,736.890000,738.840000,731.830000,738.180000,738.180000,54185300,FinMind
SPY,AMEX,SPDR S&P 500 ETF Trust,2026-05-13,1d,738.470000,743.910000,735.470000,742.310000,742.310000,44200200,FinMind
SPY,AMEX,SPDR S&P 500 ETF Trust,2026-05-14,1d,743.650000,749.530000,743.560000,748.170000,748.170000,45307600,FinMind
SPY,AMEX,SPDR S&P 500 ETF Trust,2026-05-15,1d,741.790000,743.460000,737.960000,739.170000,739.170000,60410800,FinMind
SPY,AMEX,SPDR S&P 500 ETF Trust,2026-05-18,1d,739.830000,741.420000,733.390000,738.650000,738.650000,47843900,FinMind
SPY,AMEX,SPDR S&P 500 ETF Trust,2026-05-19,1d,734.780000,737.650000,731.530000,733.730000,733.730000,54255900,FinMind
SPY,AMEX,SPDR S&P 500 ETF Trust,2026-05-20,1d,735.710000,741.870000,733.890000,741.250000,741.250000,45768000,FinMind
SPY,AMEX,SPDR S&P 500 ETF Trust,2026-05-21,1d,738.640000,744.870000,737.030000,742.720000,742.720000,43332200,FinMind
SPY,AMEX,SPDR S&P 500 ETF Trust,2026-05-22,1d,746.240000,748.940000,744.480000,745.640000,745.640000,41762000,FinMind
SPY,AMEX,SPDR S&P 500 ETF Trust,2026-05-26,1d,750.010000,752.130000,748.370000,750.590000,750.590000,41123600,FinMind
SPY,AMEX,SPDR S&P 500 ETF Trust,2026-05-27,1d,750.880000,751.380000,748.220000,750.460000,750.460000,42106300,FinMind
SPY,AMEX,SPDR S&P 500 ETF Trust,2026-05-28,1d,750.250000,755.150000,749.230000,754.600000,754.600000,41562600,FinMind
SPY,AMEX,SPDR S&P 500 ETF Trust,2026-05-29,1d,755.900000,758.080000,754.690000,756.480000,756.480000,55075700,FinMind
SPY,AMEX,SPDR S&P 500 ETF Trust,2026-06-01,1d,755.360000,760.280000,754.690000,758.540000,758.540000,43634900,FinMind
SPY,AMEX,SPDR S&P 500 ETF Trust,2026-06-02,1d,757.030000,760.390000,756.750000,759.570000,759.570000,26951269,FinMind
AAPL,NASDAQ,Apple Inc.,2025-06-03,1d,201.350000,203.770000,200.960000,203.270000,202.470000,46381600,FinMind
AAPL,NASDAQ,Apple Inc.,2025-06-04,1d,202.910000,206.240000,202.100000,202.820000,202.020000,43604000,FinMind
AAPL,NASDAQ,Apple Inc.,2025-06-05,1d,203.500000,204.750000,200.150000,200.630000,199.840000,55126100,FinMind
AAPL,NASDAQ,Apple Inc.,2025-06-06,1d,203.000000,205.700000,202.050000,203.920000,203.110000,46607700,FinMind
AAPL,NASDAQ,Apple Inc.,2025-06-09,1d,204.390000,206.000000,200.020000,201.450000,200.650000,72862600,FinMind
AAPL,NASDAQ,Apple Inc.,2025-06-10,1d,200.600000,204.350000,200.570000,202.670000,201.870000,54672600,FinMind
AAPL,NASDAQ,Apple Inc.,2025-06-11,1d,203.500000,204.500000,198.410000,198.780000,197.990000,60989900,FinMind
AAPL,NASDAQ,Apple Inc.,2025-06-12,1d,199.080000,199.680000,197.360000,199.200000,198.410000,43904600,FinMind
AAPL,NASDAQ,Apple Inc.,2025-06-13,1d,199.730000,200.370000,195.700000,196.450000,195.670000,51447300,FinMind
AAPL,NASDAQ,Apple Inc.,2025-06-16,1d,197.300000,198.690000,196.560000,198.420000,197.640000,43020700,FinMind
AAPL,NASDAQ,Apple Inc.,2025-06-17,1d,197.200000,198.390000,195.210000,195.640000,194.870000,38856200,FinMind
AAPL,NASDAQ,Apple Inc.,2025-06-18,1d,195.940000,197.570000,195.070000,196.580000,195.800000,45394700,FinMind
AAPL,NASDAQ,Apple Inc.,2025-06-20,1d,198.240000,201.700000,196.860000,201.000000,200.210000,96813500,FinMind
AAPL,NASDAQ,Apple Inc.,2025-06-23,1d,201.630000,202.300000,198.960000,201.500000,200.700000,55814300,FinMind
AAPL,NASDAQ,Apple Inc.,2025-06-24,1d,202.590000,203.440000,200.200000,200.300000,199.510000,54064000,FinMind
AAPL,NASDAQ,Apple Inc.,2025-06-25,1d,201.450000,203.670000,200.620000,201.560000,200.760000,39525700,FinMind
AAPL,NASDAQ,Apple Inc.,2025-06-26,1d,201.430000,202.640000,199.460000,201.000000,200.210000,50799100,FinMind
AAPL,NASDAQ,Apple Inc.,2025-06-27,1d,201.890000,203.220000,200.000000,201.080000,200.290000,73188600,FinMind
AAPL,NASDAQ,Apple Inc.,2025-06-30,1d,202.010000,207.390000,199.260000,205.170000,204.360000,91912800,FinMind
AAPL,NASDAQ,Apple Inc.,2025-07-01,1d,206.670000,210.190000,206.140000,207.820000,207.000000,78788900,FinMind
AAPL,NASDAQ,Apple Inc.,2025-07-02,1d,208.910000,213.340000,208.140000,212.440000,211.600000,67941800,FinMind
AAPL,NASDAQ,Apple Inc.,2025-07-03,1d,212.150000,214.650000,211.810000,213.550000,212.710000,34955800,FinMind
AAPL,NASDAQ,Apple Inc.,2025-07-07,1d,212.680000,216.230000,208.800000,209.950000,209.120000,50229000,FinMind
AAPL,NASDAQ,Apple Inc.,2025-07-08,1d,210.100000,211.430000,208.450000,210.010000,209.180000,42848900,FinMind
AAPL,NASDAQ,Apple Inc.,2025-07-09,1d,209.530000,211.330000,207.220000,211.140000,210.310000,48749400,FinMind
AAPL,NASDAQ,Apple Inc.,2025-07-10,1d,210.510000,213.480000,210.030000,212.410000,211.570000,44443600,FinMind
AAPL,NASDAQ,Apple Inc.,2025-07-11,1d,210.570000,212.130000,209.860000,211.160000,210.330000,39765800,FinMind
AAPL,NASDAQ,Apple Inc.,2025-07-14,1d,209.930000,210.910000,207.540000,208.620000,207.800000,38840100,FinMind
AAPL,NASDAQ,Apple Inc.,2025-07-15,1d,209.220000,211.890000,208.920000,209.110000,208.280000,42296300,FinMind
AAPL,NASDAQ,Apple Inc.,2025-07-16,1d,210.300000,212.400000,208.640000,210.160000,209.330000,47490500,FinMind
AAPL,NASDAQ,Apple Inc.,2025-07-17,1d,210.570000,211.800000,209.590000,210.020000,209.190000,48068100,FinMind
AAPL,NASDAQ,Apple Inc.,2025-07-18,1d,210.870000,211.790000,209.700000,211.180000,210.350000,48974600,FinMind
AAPL,NASDAQ,Apple Inc.,2025-07-21,1d,212.100000,215.780000,211.630000,212.480000,211.640000,51377400,FinMind
AAPL,NASDAQ,Apple Inc.,2025-07-22,1d,213.140000,214.950000,212.230000,214.400000,213.550000,46404100,FinMind
AAPL,NASDAQ,Apple Inc.,2025-07-23,1d,215.000000,215.150000,212.410000,214.150000,213.300000,46989300,FinMind
AAPL,NASDAQ,Apple Inc.,2025-07-24,1d,213.900000,215.690000,213.530000,213.760000,212.920000,46022600,FinMind
AAPL,NASDAQ,Apple Inc.,2025-07-25,1d,214.700000,215.240000,213.400000,213.880000,213.030000,40268800,FinMind
AAPL,NASDAQ,Apple Inc.,2025-07-28,1d,214.030000,214.850000,213.060000,214.050000,213.200000,37858000,FinMind
AAPL,NASDAQ,Apple Inc.,2025-07-29,1d,214.180000,214.810000,210.820000,211.270000,210.440000,51411700,FinMind
AAPL,NASDAQ,Apple Inc.,2025-07-30,1d,211.900000,212.390000,207.720000,209.050000,208.220000,45512500,FinMind
AAPL,NASDAQ,Apple Inc.,2025-07-31,1d,208.490000,209.840000,207.160000,207.570000,206.750000,80698400,FinMind
AAPL,NASDAQ,Apple Inc.,2025-08-01,1d,210.870000,213.580000,201.500000,202.380000,201.580000,104434500,FinMind
AAPL,NASDAQ,Apple Inc.,2025-08-04,1d,204.510000,207.880000,201.680000,203.350000,202.550000,75109300,FinMind
AAPL,NASDAQ,Apple Inc.,2025-08-05,1d,203.400000,205.340000,202.160000,202.920000,202.120000,44155100,FinMind
AAPL,NASDAQ,Apple Inc.,2025-08-06,1d,205.630000,215.380000,205.590000,213.250000,212.410000,108483100,FinMind
AAPL,NASDAQ,Apple Inc.,2025-08-07,1d,218.880000,220.850000,216.580000,220.030000,219.160000,90224800,FinMind
AAPL,NASDAQ,Apple Inc.,2025-08-08,1d,220.830000,231.000000,219.250000,229.350000,228.440000,113854000,FinMind
AAPL,NASDAQ,Apple Inc.,2025-08-11,1d,227.920000,229.560000,224.760000,227.180000,226.540000,61806100,FinMind
AAPL,NASDAQ,Apple Inc.,2025-08-12,1d,228.010000,230.800000,227.070000,229.650000,229.000000,55626200,FinMind
AAPL,NASDAQ,Apple Inc.,2025-08-13,1d,231.070000,235.000000,230.430000,233.330000,232.670000,69878500,FinMind
AAPL,NASDAQ,Apple Inc.,2025-08-14,1d,234.060000,235.120000,230.850000,232.780000,232.120000,51916300,FinMind
AAPL,NASDAQ,Apple Inc.,2025-08-15,1d,234.000000,234.280000,229.340000,231.590000,230.940000,56038700,FinMind
AAPL,NASDAQ,Apple Inc.,2025-08-18,1d,231.700000,233.120000,230.110000,230.890000,230.240000,37476200,FinMind
AAPL,NASDAQ,Apple Inc.,2025-08-19,1d,231.280000,232.870000,229.350000,230.560000,229.910000,39402600,FinMind
AAPL,NASDAQ,Apple Inc.,2025-08-20,1d,229.980000,230.470000,225.770000,226.010000,225.370000,42263900,FinMind
AAPL,NASDAQ,Apple Inc.,2025-08-21,1d,226.270000,226.520000,223.780000,224.900000,224.270000,30621200,FinMind
AAPL,NASDAQ,Apple Inc.,2025-08-22,1d,226.170000,229.090000,225.410000,227.760000,227.120000,42477800,FinMind
AAPL,NASDAQ,Apple Inc.,2025-08-25,1d,226.480000,229.300000,226.230000,227.160000,226.520000,30983100,FinMind
AAPL,NASDAQ,Apple Inc.,2025-08-26,1d,226.870000,229.490000,224.690000,229.310000,228.660000,54575100,FinMind
AAPL,NASDAQ,Apple Inc.,2025-08-27,1d,228.610000,230.900000,228.260000,230.490000,229.840000,31259500,FinMind
AAPL,NASDAQ,Apple Inc.,2025-08-28,1d,230.820000,233.410000,229.340000,232.560000,231.900000,38074700,FinMind
AAPL,NASDAQ,Apple Inc.,2025-08-29,1d,232.510000,233.380000,231.370000,232.140000,231.490000,39418400,FinMind
AAPL,NASDAQ,Apple Inc.,2025-09-02,1d,229.250000,230.850000,226.970000,229.720000,229.070000,44075600,FinMind
AAPL,NASDAQ,Apple Inc.,2025-09-03,1d,237.210000,238.850000,234.360000,238.470000,237.800000,66427800,FinMind
AAPL,NASDAQ,Apple Inc.,2025-09-04,1d,238.450000,239.900000,236.740000,239.780000,239.100000,47549400,FinMind
AAPL,NASDAQ,Apple Inc.,2025-09-05,1d,240.000000,241.320000,238.490000,239.690000,239.010000,54870400,FinMind
AAPL,NASDAQ,Apple Inc.,2025-09-08,1d,239.300000,240.150000,236.340000,237.880000,237.210000,48999500,FinMind
AAPL,NASDAQ,Apple Inc.,2025-09-09,1d,237.000000,238.780000,233.360000,234.350000,233.690000,66313900,FinMind
AAPL,NASDAQ,Apple Inc.,2025-09-10,1d,232.190000,232.420000,225.950000,226.790000,226.150000,83440800,FinMind
AAPL,NASDAQ,Apple Inc.,2025-09-11,1d,226.880000,230.450000,226.650000,230.030000,229.380000,50208600,FinMind
AAPL,NASDAQ,Apple Inc.,2025-09-12,1d,229.220000,234.510000,229.020000,234.070000,233.410000,55824200,FinMind
AAPL,NASDAQ,Apple Inc.,2025-09-15,1d,237.000000,238.190000,235.030000,236.700000,236.030000,42699500,FinMind
AAPL,NASDAQ,Apple Inc.,2025-09-16,1d,237.180000,241.220000,236.320000,238.150000,237.480000,63421100,FinMind
AAPL,NASDAQ,Apple Inc.,2025-09-17,1d,238.970000,240.100000,237.730000,238.990000,238.320000,46508000,FinMind
AAPL,NASDAQ,Apple Inc.,2025-09-18,1d,239.970000,241.200000,236.650000,237.880000,237.210000,44249600,FinMind
AAPL,NASDAQ,Apple Inc.,2025-09-19,1d,241.230000,246.300000,240.210000,245.500000,244.810000,163741300,FinMind
AAPL,NASDAQ,Apple Inc.,2025-09-22,1d,248.300000,256.640000,248.120000,256.080000,255.360000,105517400,FinMind
AAPL,NASDAQ,Apple Inc.,2025-09-23,1d,255.880000,257.340000,253.580000,254.430000,253.710000,60275200,FinMind
AAPL,NASDAQ,Apple Inc.,2025-09-24,1d,255.220000,255.740000,251.040000,252.310000,251.600000,42303700,FinMind
AAPL,NASDAQ,Apple Inc.,2025-09-25,1d,253.210000,257.170000,251.710000,256.870000,256.150000,55202100,FinMind
AAPL,NASDAQ,Apple Inc.,2025-09-26,1d,254.100000,257.600000,253.780000,255.460000,254.740000,46076300,FinMind
AAPL,NASDAQ,Apple Inc.,2025-09-29,1d,254.560000,255.000000,253.010000,254.430000,253.710000,40127700,FinMind
AAPL,NASDAQ,Apple Inc.,2025-09-30,1d,254.860000,255.920000,253.110000,254.630000,253.910000,37704300,FinMind
AAPL,NASDAQ,Apple Inc.,2025-10-01,1d,255.040000,258.790000,254.930000,255.450000,254.730000,48713900,FinMind
AAPL,NASDAQ,Apple Inc.,2025-10-02,1d,256.580000,258.180000,254.150000,257.130000,256.400000,42630200,FinMind
AAPL,NASDAQ,Apple Inc.,2025-10-03,1d,254.670000,259.240000,253.950000,258.020000,257.290000,49155600,FinMind
AAPL,NASDAQ,Apple Inc.,2025-10-06,1d,257.990000,259.070000,255.050000,256.690000,255.970000,44664100,FinMind
AAPL,NASDAQ,Apple Inc.,2025-10-07,1d,256.810000,257.400000,255.430000,256.480000,255.760000,31955800,FinMind
AAPL,NASDAQ,Apple Inc.,2025-10-08,1d,256.520000,258.520000,256.110000,258.060000,257.330000,36496900,FinMind
AAPL,NASDAQ,Apple Inc.,2025-10-09,1d,257.810000,258.000000,253.140000,254.040000,253.320000,38322000,FinMind
AAPL,NASDAQ,Apple Inc.,2025-10-10,1d,254.940000,256.380000,244.000000,245.270000,244.580000,61999100,FinMind
AAPL,NASDAQ,Apple Inc.,2025-10-13,1d,249.380000,249.690000,245.560000,247.660000,246.960000,38142900,FinMind
AAPL,NASDAQ,Apple Inc.,2025-10-14,1d,246.600000,248.850000,244.700000,247.770000,247.070000,35478000,FinMind
AAPL,NASDAQ,Apple Inc.,2025-10-15,1d,249.490000,251.820000,247.470000,249.340000,248.640000,33893600,FinMind
AAPL,NASDAQ,Apple Inc.,2025-10-16,1d,248.250000,249.040000,245.130000,247.450000,246.750000,39777000,FinMind
AAPL,NASDAQ,Apple Inc.,2025-10-17,1d,248.020000,253.380000,247.270000,252.290000,251.580000,49147000,FinMind
AAPL,NASDAQ,Apple Inc.,2025-10-20,1d,255.890000,264.380000,255.630000,262.240000,261.500000,90483000,FinMind
AAPL,NASDAQ,Apple Inc.,2025-10-21,1d,261.880000,265.290000,261.830000,262.770000,262.030000,46695900,FinMind
AAPL,NASDAQ,Apple Inc.,2025-10-22,1d,262.650000,262.850000,255.430000,258.450000,257.720000,45015300,FinMind
AAPL,NASDAQ,Apple Inc.,2025-10-23,1d,259.940000,260.620000,258.010000,259.580000,258.850000,32754900,FinMind
AAPL,NASDAQ,Apple Inc.,2025-10-24,1d,261.190000,264.130000,259.180000,262.820000,262.080000,38253700,FinMind
AAPL,NASDAQ,Apple Inc.,2025-10-27,1d,264.880000,269.120000,264.650000,268.810000,268.050000,44888200,FinMind
AAPL,NASDAQ,Apple Inc.,2025-10-28,1d,268.990000,269.890000,268.150000,269.000000,268.240000,41534800,FinMind
AAPL,NASDAQ,Apple Inc.,2025-10-29,1d,269.280000,271.410000,267.110000,269.700000,268.940000,51086700,FinMind
AAPL,NASDAQ,Apple Inc.,2025-10-30,1d,271.990000,274.140000,268.480000,271.400000,270.630000,69886500,FinMind
AAPL,NASDAQ,Apple Inc.,2025-10-31,1d,276.990000,277.320000,269.160000,270.370000,269.610000,86167100,FinMind
AAPL,NASDAQ,Apple Inc.,2025-11-03,1d,270.420000,270.850000,266.250000,269.050000,268.290000,50194600,FinMind
AAPL,NASDAQ,Apple Inc.,2025-11-04,1d,268.330000,271.490000,267.620000,270.040000,269.280000,49274800,FinMind
AAPL,NASDAQ,Apple Inc.,2025-11-05,1d,268.610000,271.700000,266.930000,270.140000,269.380000,43683100,FinMind
AAPL,NASDAQ,Apple Inc.,2025-11-06,1d,267.890000,273.400000,267.890000,269.770000,269.010000,51204000,FinMind
AAPL,NASDAQ,Apple Inc.,2025-11-07,1d,269.800000,272.290000,266.770000,268.470000,267.710000,48227400,FinMind
AAPL,NASDAQ,Apple Inc.,2025-11-10,1d,268.960000,273.730000,267.460000,269.430000,268.930000,41312400,FinMind
AAPL,NASDAQ,Apple Inc.,2025-11-11,1d,269.810000,275.910000,269.800000,275.250000,274.740000,46208300,FinMind
AAPL,NASDAQ,Apple Inc.,2025-11-12,1d,275.000000,275.730000,271.700000,273.470000,272.960000,48398000,FinMind
AAPL,NASDAQ,Apple Inc.,2025-11-13,1d,274.110000,276.700000,272.090000,272.950000,272.440000,49602800,FinMind
AAPL,NASDAQ,Apple Inc.,2025-11-14,1d,271.050000,275.960000,269.600000,272.410000,271.900000,47431300,FinMind
AAPL,NASDAQ,Apple Inc.,2025-11-17,1d,268.820000,270.490000,265.730000,267.460000,266.960000,45018300,FinMind
AAPL,NASDAQ,Apple Inc.,2025-11-18,1d,269.990000,270.710000,265.320000,267.440000,266.940000,45677300,FinMind
AAPL,NASDAQ,Apple Inc.,2025-11-19,1d,265.530000,272.210000,265.500000,268.560000,268.060000,40424500,FinMind
AAPL,NASDAQ,Apple Inc.,2025-11-20,1d,270.830000,275.430000,265.920000,266.250000,265.760000,45823600,FinMind
AAPL,NASDAQ,Apple Inc.,2025-11-21,1d,265.950000,273.330000,265.670000,271.490000,270.990000,59030800,FinMind
AAPL,NASDAQ,Apple Inc.,2025-11-24,1d,270.900000,277.000000,270.900000,275.920000,275.410000,65585800,FinMind
AAPL,NASDAQ,Apple Inc.,2025-11-25,1d,275.270000,280.380000,275.250000,276.970000,276.460000,46914200,FinMind
AAPL,NASDAQ,Apple Inc.,2025-11-26,1d,276.960000,279.530000,276.630000,277.550000,277.040000,33431400,FinMind
AAPL,NASDAQ,Apple Inc.,2025-11-28,1d,277.260000,279.000000,275.990000,278.850000,278.330000,20135600,FinMind
AAPL,NASDAQ,Apple Inc.,2025-12-01,1d,278.010000,283.420000,276.140000,283.100000,282.580000,46587700,FinMind
AAPL,NASDAQ,Apple Inc.,2025-12-02,1d,283.000000,287.400000,282.630000,286.190000,285.660000,53669500,FinMind
AAPL,NASDAQ,Apple Inc.,2025-12-03,1d,286.200000,288.620000,283.300000,284.150000,283.620000,43538700,FinMind
AAPL,NASDAQ,Apple Inc.,2025-12-04,1d,284.100000,284.730000,278.590000,280.700000,280.180000,43989100,FinMind
AAPL,NASDAQ,Apple Inc.,2025-12-05,1d,280.540000,281.140000,278.050000,278.780000,278.260000,47265800,FinMind
AAPL,NASDAQ,Apple Inc.,2025-12-08,1d,278.130000,279.670000,276.150000,277.890000,277.370000,38211800,FinMind
AAPL,NASDAQ,Apple Inc.,2025-12-09,1d,278.160000,280.030000,276.920000,277.180000,276.670000,32193300,FinMind
AAPL,NASDAQ,Apple Inc.,2025-12-10,1d,277.750000,279.750000,276.440000,278.780000,278.260000,33038300,FinMind
AAPL,NASDAQ,Apple Inc.,2025-12-11,1d,279.100000,279.590000,273.810000,278.030000,277.510000,33248000,FinMind
AAPL,NASDAQ,Apple Inc.,2025-12-12,1d,277.900000,279.220000,276.820000,278.280000,277.760000,39532900,FinMind
AAPL,NASDAQ,Apple Inc.,2025-12-15,1d,280.150000,280.150000,272.840000,274.110000,273.600000,50409100,FinMind
AAPL,NASDAQ,Apple Inc.,2025-12-16,1d,272.820000,275.500000,271.790000,274.610000,274.100000,37648600,FinMind
AAPL,NASDAQ,Apple Inc.,2025-12-17,1d,275.010000,276.160000,271.640000,271.840000,271.340000,50138700,FinMind
AAPL,NASDAQ,Apple Inc.,2025-12-18,1d,273.610000,273.630000,266.950000,272.190000,271.690000,51630700,FinMind
AAPL,NASDAQ,Apple Inc.,2025-12-19,1d,272.150000,274.600000,269.900000,273.670000,273.160000,144632000,FinMind
AAPL,NASDAQ,Apple Inc.,2025-12-22,1d,272.860000,273.880000,270.510000,270.970000,270.470000,36571800,FinMind
AAPL,NASDAQ,Apple Inc.,2025-12-23,1d,270.840000,272.500000,269.560000,272.360000,271.850000,29642000,FinMind
AAPL,NASDAQ,Apple Inc.,2025-12-24,1d,272.340000,275.430000,272.200000,273.810000,273.300000,17910600,FinMind
AAPL,NASDAQ,Apple Inc.,2025-12-26,1d,274.160000,275.370000,272.860000,273.400000,272.890000,21521800,FinMind
AAPL,NASDAQ,Apple Inc.,2025-12-29,1d,272.690000,274.360000,272.350000,273.760000,273.250000,23715200,FinMind
AAPL,NASDAQ,Apple Inc.,2025-12-30,1d,272.810000,274.080000,272.280000,273.080000,272.570000,22139600,FinMind
AAPL,NASDAQ,Apple Inc.,2025-12-31,1d,273.060000,273.680000,271.750000,271.860000,271.360000,27293600,FinMind
AAPL,NASDAQ,Apple Inc.,2026-01-02,1d,272.260000,277.840000,269.000000,271.010000,270.510000,37838100,FinMind
AAPL,NASDAQ,Apple Inc.,2026-01-05,1d,270.640000,271.510000,266.140000,267.260000,266.760000,45647200,FinMind
AAPL,NASDAQ,Apple Inc.,2026-01-06,1d,267.000000,267.550000,262.120000,262.360000,261.870000,52352100,FinMind
AAPL,NASDAQ,Apple Inc.,2026-01-07,1d,263.200000,263.680000,259.810000,260.330000,259.850000,48309800,FinMind
AAPL,NASDAQ,Apple Inc.,2026-01-08,1d,257.020000,259.290000,255.700000,259.040000,258.560000,50419300,FinMind
AAPL,NASDAQ,Apple Inc.,2026-01-09,1d,259.080000,260.210000,256.220000,259.370000,258.890000,39997000,FinMind
AAPL,NASDAQ,Apple Inc.,2026-01-12,1d,259.160000,261.300000,256.800000,260.250000,259.770000,45263800,FinMind
AAPL,NASDAQ,Apple Inc.,2026-01-13,1d,258.720000,261.810000,258.390000,261.050000,260.570000,45730800,FinMind
AAPL,NASDAQ,Apple Inc.,2026-01-14,1d,259.490000,261.820000,256.710000,259.960000,259.480000,40019400,FinMind
AAPL,NASDAQ,Apple Inc.,2026-01-15,1d,260.650000,261.040000,257.050000,258.210000,257.730000,39388600,FinMind
AAPL,NASDAQ,Apple Inc.,2026-01-16,1d,257.900000,258.900000,254.930000,255.530000,255.060000,72142800,FinMind
AAPL,NASDAQ,Apple Inc.,2026-01-20,1d,252.730000,254.790000,243.420000,246.700000,246.240000,80267500,FinMind
AAPL,NASDAQ,Apple Inc.,2026-01-21,1d,248.700000,251.560000,245.180000,247.650000,247.190000,54641700,FinMind
AAPL,NASDAQ,Apple Inc.,2026-01-22,1d,249.200000,251.000000,248.150000,248.350000,247.890000,39708300,FinMind
AAPL,NASDAQ,Apple Inc.,2026-01-23,1d,247.320000,249.410000,244.680000,248.040000,247.580000,41689000,FinMind
AAPL,NASDAQ,Apple Inc.,2026-01-26,1d,251.480000,256.560000,249.800000,255.410000,254.940000,55969200,FinMind
AAPL,NASDAQ,Apple Inc.,2026-01-27,1d,259.170000,261.950000,258.210000,258.270000,257.790000,49648300,FinMind
AAPL,NASDAQ,Apple Inc.,2026-01-28,1d,257.650000,258.860000,254.510000,256.440000,255.960000,41288000,FinMind
AAPL,NASDAQ,Apple Inc.,2026-01-29,1d,258.000000,259.650000,254.410000,258.280000,257.800000,67253000,FinMind
AAPL,NASDAQ,Apple Inc.,2026-01-30,1d,255.170000,261.900000,252.180000,259.480000,259.000000,92443400,FinMind
AAPL,NASDAQ,Apple Inc.,2026-02-02,1d,260.030000,270.490000,259.210000,270.010000,269.510000,73913400,FinMind
AAPL,NASDAQ,Apple Inc.,2026-02-03,1d,269.200000,271.880000,267.610000,269.480000,268.980000,64394700,FinMind
AAPL,NASDAQ,Apple Inc.,2026-02-04,1d,272.290000,278.950000,272.290000,276.490000,275.980000,90545700,FinMind
AAPL,NASDAQ,Apple Inc.,2026-02-05,1d,278.130000,279.500000,273.230000,275.910000,275.400000,52977400,FinMind
AAPL,NASDAQ,Apple Inc.,2026-02-06,1d,277.120000,280.910000,276.930000,278.120000,277.600000,50453400,FinMind
AAPL,NASDAQ,Apple Inc.,2026-02-09,1d,277.910000,278.200000,271.700000,274.620000,274.370000,44623400,FinMind
AAPL,NASDAQ,Apple Inc.,2026-02-10,1d,274.890000,275.370000,272.940000,273.680000,273.430000,34376900,FinMind
AAPL,NASDAQ,Apple Inc.,2026-02-11,1d,274.700000,280.180000,274.450000,275.500000,275.250000,51931300,FinMind
AAPL,NASDAQ,Apple Inc.,2026-02-12,1d,275.590000,275.720000,260.180000,261.730000,261.490000,81077200,FinMind
AAPL,NASDAQ,Apple Inc.,2026-02-13,1d,262.010000,262.230000,255.450000,255.780000,255.540000,56290700,FinMind
AAPL,NASDAQ,Apple Inc.,2026-02-17,1d,258.050000,266.290000,255.540000,263.880000,263.640000,58469100,FinMind
AAPL,NASDAQ,Apple Inc.,2026-02-18,1d,263.600000,266.820000,262.450000,264.350000,264.110000,34203300,FinMind
AAPL,NASDAQ,Apple Inc.,2026-02-19,1d,262.600000,264.480000,260.050000,260.580000,260.340000,30845300,FinMind
AAPL,NASDAQ,Apple Inc.,2026-02-20,1d,258.970000,264.750000,258.160000,264.580000,264.340000,42070500,FinMind
AAPL,NASDAQ,Apple Inc.,2026-02-23,1d,263.490000,269.430000,263.380000,266.180000,265.930000,37308200,FinMind
AAPL,NASDAQ,Apple Inc.,2026-02-24,1d,267.860000,274.890000,267.710000,272.140000,271.890000,47014600,FinMind
AAPL,NASDAQ,Apple Inc.,2026-02-25,1d,271.780000,274.940000,271.050000,274.230000,273.980000,33714300,FinMind
AAPL,NASDAQ,Apple Inc.,2026-02-26,1d,274.950000,276.110000,270.800000,272.950000,272.700000,32345100,FinMind
AAPL,NASDAQ,Apple Inc.,2026-02-27,1d,272.810000,272.810000,262.890000,264.180000,263.940000,72366500,FinMind
AAPL,NASDAQ,Apple Inc.,2026-03-02,1d,262.410000,266.530000,260.200000,264.720000,264.480000,41827900,FinMind
AAPL,NASDAQ,Apple Inc.,2026-03-03,1d,263.480000,265.560000,260.130000,263.750000,263.510000,38568900,FinMind
AAPL,NASDAQ,Apple Inc.,2026-03-04,1d,264.650000,266.150000,261.420000,262.520000,262.280000,39803100,FinMind
AAPL,NASDAQ,Apple Inc.,2026-03-05,1d,260.790000,261.560000,257.250000,260.290000,260.050000,49658600,FinMind
AAPL,NASDAQ,Apple Inc.,2026-03-06,1d,258.630000,258.770000,254.370000,257.460000,257.220000,41120000,FinMind
AAPL,NASDAQ,Apple Inc.,2026-03-09,1d,255.690000,261.150000,253.680000,259.880000,259.640000,38218500,FinMind
AAPL,NASDAQ,Apple Inc.,2026-03-10,1d,257.650000,262.480000,256.950000,260.830000,260.590000,30590800,FinMind
AAPL,NASDAQ,Apple Inc.,2026-03-11,1d,261.090000,262.130000,259.550000,260.810000,260.570000,26218900,FinMind
AAPL,NASDAQ,Apple Inc.,2026-03-12,1d,258.660000,258.950000,254.180000,255.760000,255.520000,40794000,FinMind
AAPL,NASDAQ,Apple Inc.,2026-03-13,1d,255.480000,256.330000,249.520000,250.120000,249.890000,36930000,FinMind
AAPL,NASDAQ,Apple Inc.,2026-03-16,1d,252.110000,253.890000,249.880000,252.820000,252.590000,32074200,FinMind
AAPL,NASDAQ,Apple Inc.,2026-03-17,1d,252.960000,255.130000,252.180000,254.230000,254.000000,32361600,FinMind
AAPL,NASDAQ,Apple Inc.,2026-03-18,1d,252.630000,254.940000,249.000000,249.940000,249.710000,35757900,FinMind
AAPL,NASDAQ,Apple Inc.,2026-03-19,1d,249.400000,251.830000,247.300000,248.960000,248.730000,34864100,FinMind
AAPL,NASDAQ,Apple Inc.,2026-03-20,1d,247.980000,249.200000,246.000000,247.990000,247.760000,88331100,FinMind
AAPL,NASDAQ,Apple Inc.,2026-03-23,1d,253.970000,254.600000,250.280000,251.490000,251.260000,40546100,FinMind
AAPL,NASDAQ,Apple Inc.,2026-03-24,1d,250.350000,254.830000,249.550000,251.640000,251.410000,45152300,FinMind
AAPL,NASDAQ,Apple Inc.,2026-03-25,1d,254.100000,255.000000,251.600000,252.620000,252.390000,28476700,FinMind
AAPL,NASDAQ,Apple Inc.,2026-03-26,1d,252.120000,257.000000,250.770000,252.890000,252.660000,41796700,FinMind
AAPL,NASDAQ,Apple Inc.,2026-03-27,1d,253.900000,255.490000,248.070000,248.800000,248.570000,47900000,FinMind
AAPL,NASDAQ,Apple Inc.,2026-03-30,1d,250.070000,250.870000,245.510000,246.630000,246.400000,39446200,FinMind
AAPL,NASDAQ,Apple Inc.,2026-03-31,1d,247.910000,255.480000,247.100000,253.790000,253.560000,49598100,FinMind
AAPL,NASDAQ,Apple Inc.,2026-04-01,1d,254.080000,256.180000,253.330000,255.630000,255.390000,40059400,FinMind
AAPL,NASDAQ,Apple Inc.,2026-04-02,1d,254.200000,256.130000,250.650000,255.920000,255.680000,31289400,FinMind
AAPL,NASDAQ,Apple Inc.,2026-04-06,1d,256.510000,262.160000,256.460000,258.860000,258.620000,29329900,FinMind
AAPL,NASDAQ,Apple Inc.,2026-04-07,1d,256.160000,256.200000,245.700000,253.500000,253.270000,62148000,FinMind
AAPL,NASDAQ,Apple Inc.,2026-04-08,1d,258.450000,259.750000,256.530000,258.900000,258.660000,41032800,FinMind
AAPL,NASDAQ,Apple Inc.,2026-04-09,1d,259.000000,261.120000,256.070000,260.490000,260.250000,28121600,FinMind
AAPL,NASDAQ,Apple Inc.,2026-04-10,1d,259.980000,262.190000,259.020000,260.480000,260.240000,31291500,FinMind
AAPL,NASDAQ,Apple Inc.,2026-04-13,1d,259.730000,260.180000,256.660000,259.200000,258.960000,36234700,FinMind
AAPL,NASDAQ,Apple Inc.,2026-04-14,1d,259.250000,261.930000,257.190000,258.830000,258.590000,48370700,FinMind
AAPL,NASDAQ,Apple Inc.,2026-04-15,1d,258.160000,266.560000,257.810000,266.430000,266.180000,49913500,FinMind
AAPL,NASDAQ,Apple Inc.,2026-04-16,1d,266.800000,267.160000,261.270000,263.400000,263.160000,43323100,FinMind
AAPL,NASDAQ,Apple Inc.,2026-04-17,1d,266.960000,272.300000,266.720000,270.230000,269.980000,61436200,FinMind
AAPL,NASDAQ,Apple Inc.,2026-04-20,1d,270.330000,274.280000,270.290000,273.050000,272.800000,36590200,FinMind
AAPL,NASDAQ,Apple Inc.,2026-04-21,1d,271.500000,272.800000,265.400000,266.170000,265.930000,50209800,FinMind
AAPL,NASDAQ,Apple Inc.,2026-04-22,1d,267.820000,273.740000,266.870000,273.170000,272.920000,43249200,FinMind
AAPL,NASDAQ,Apple Inc.,2026-04-23,1d,275.050000,275.770000,271.650000,273.430000,273.180000,33399600,FinMind
AAPL,NASDAQ,Apple Inc.,2026-04-24,1d,272.760000,273.060000,269.650000,271.060000,270.810000,38157100,FinMind
AAPL,NASDAQ,Apple Inc.,2026-04-27,1d,266.090000,268.360000,265.070000,267.610000,267.360000,41466800,FinMind
AAPL,NASDAQ,Apple Inc.,2026-04-28,1d,272.340000,273.230000,268.660000,270.710000,270.460000,40018900,FinMind
AAPL,NASDAQ,Apple Inc.,2026-04-29,1d,267.550000,271.040000,267.040000,270.170000,269.920000,30047900,FinMind
AAPL,NASDAQ,Apple Inc.,2026-04-30,1d,270.500000,276.000000,268.140000,271.350000,271.100000,91848200,FinMind
AAPL,NASDAQ,Apple Inc.,2026-05-01,1d,278.860000,287.220000,278.370000,280.140000,279.880000,79915400,FinMind
AAPL,NASDAQ,Apple Inc.,2026-05-04,1d,279.660000,280.630000,274.860000,276.830000,276.580000,46668400,FinMind
AAPL,NASDAQ,Apple Inc.,2026-05-05,1d,276.930000,284.570000,276.500000,284.180000,283.920000,49311700,FinMind
AAPL,NASDAQ,Apple Inc.,2026-05-06,1d,281.920000,288.030000,281.070000,287.510000,287.250000,58336100,FinMind
AAPL,NASDAQ,Apple Inc.,2026-05-07,1d,289.270000,292.130000,285.780000,287.440000,287.180000,45224300,FinMind
AAPL,NASDAQ,Apple Inc.,2026-05-08,1d,290.010000,294.760000,290.000000,293.320000,293.050000,52692800,FinMind
AAPL,NASDAQ,Apple Inc.,2026-05-11,1d,291.980000,293.880000,290.230000,292.680000,292.680000,42247300,FinMind
AAPL,NASDAQ,Apple Inc.,2026-05-12,1d,292.560000,295.270000,292.560000,294.800000,294.800000,45748100,FinMind
AAPL,NASDAQ,Apple Inc.,2026-05-13,1d,293.500000,300.920000,293.500000,298.870000,298.870000,52684300,FinMind
AAPL,NASDAQ,Apple Inc.,2026-05-14,1d,299.820000,300.450000,295.380000,298.210000,298.210000,35324900,FinMind
AAPL,NASDAQ,Apple Inc.,2026-05-15,1d,297.900000,303.200000,296.520000,300.230000,300.230000,54862800,FinMind
AAPL,NASDAQ,Apple Inc.,2026-05-18,1d,300.240000,300.660000,294.910000,297.840000,297.840000,34483000,FinMind
AAPL,NASDAQ,Apple Inc.,2026-05-19,1d,296.970000,300.510000,296.350000,298.970000,298.970000,42243600,FinMind
AAPL,NASDAQ,Apple Inc.,2026-05-20,1d,298.180000,302.800000,298.080000,302.250000,302.250000,38229800,FinMind
AAPL,NASDAQ,Apple Inc.,2026-05-21,1d,301.060000,305.540000,300.400000,304.990000,304.990000,42965100,FinMind
AAPL,NASDAQ,Apple Inc.,2026-05-22,1d,306.120000,311.400000,305.840000,308.820000,308.820000,43670200,FinMind
AAPL,NASDAQ,Apple Inc.,2026-05-26,1d,309.560000,311.820000,307.670000,308.330000,308.330000,48000500,FinMind
AAPL,NASDAQ,Apple Inc.,2026-05-27,1d,308.330000,313.260000,308.300000,310.850000,310.850000,50430900,FinMind
AAPL,NASDAQ,Apple Inc.,2026-05-28,1d,310.680000,312.800000,309.570000,312.510000,312.510000,48220400,FinMind
AAPL,NASDAQ,Apple Inc.,2026-05-29,1d,311.780000,315.000000,309.530000,312.060000,312.060000,70026800,FinMind
AAPL,NASDAQ,Apple Inc.,2026-06-01,1d,309.630000,310.940000,305.020000,306.310000,306.310000,48849900,FinMind
AAPL,NASDAQ,Apple Inc.,2026-06-02,1d,307.460000,315.450000,306.720000,315.200000,315.200000,44374534,FinMind
GOOG,NASDAQ,Alphabet Inc. Class C,2025-06-03,1d,168.870000,169.800000,166.680000,167.710000,167.130000,25386700,FinMind
GOOG,NASDAQ,Alphabet Inc. Class C,2025-06-04,1d,168.280000,169.580000,167.790000,169.390000,168.810000,18508700,FinMind
GOOG,NASDAQ,Alphabet Inc. Class C,2025-06-05,1d,171.620000,172.360000,169.350000,169.810000,169.220000,25375400,FinMind
GOOG,NASDAQ,Alphabet Inc. Class C,2025-06-06,1d,172.300000,175.830000,172.300000,174.920000,174.320000,22258100,FinMind
GOOG,NASDAQ,Alphabet Inc. Class C,2025-06-09,1d,175.870000,177.910000,175.660000,177.630000,177.230000,18817600,FinMind
GOOG,NASDAQ,Alphabet Inc. Class C,2025-06-10,1d,177.760000,182.450000,176.480000,180.010000,179.610000,32908000,FinMind
GOOG,NASDAQ,Alphabet Inc. Class C,2025-06-11,1d,181.230000,181.750000,178.000000,178.790000,178.390000,18994400,FinMind
GOOG,NASDAQ,Alphabet Inc. Class C,2025-06-12,1d,177.480000,178.130000,176.110000,176.970000,176.570000,17345900,FinMind
GOOG,NASDAQ,Alphabet Inc. Class C,2025-06-13,1d,173.580000,178.340000,173.570000,175.880000,175.480000,20873200,FinMind
GOOG,NASDAQ,Alphabet Inc. Class C,2025-06-16,1d,175.900000,178.240000,175.820000,177.940000,177.540000,18132500,FinMind
GOOG,NASDAQ,Alphabet Inc. Class C,2025-06-17,1d,177.000000,178.710000,175.940000,177.230000,176.830000,17656100,FinMind
GOOG,NASDAQ,Alphabet Inc. Class C,2025-06-18,1d,177.280000,177.820000,172.840000,173.980000,173.590000,32531800,FinMind
GOOG,NASDAQ,Alphabet Inc. Class C,2025-06-20,1d,174.870000,175.370000,166.270000,167.730000,167.350000,55402600,FinMind
GOOG,NASDAQ,Alphabet Inc. Class C,2025-06-23,1d,167.320000,168.480000,163.330000,166.010000,165.640000,36975600,FinMind
GOOG,NASDAQ,Alphabet Inc. Class C,2025-06-24,1d,167.680000,169.250000,166.910000,167.740000,167.360000,27310300,FinMind
GOOG,NASDAQ,Alphabet Inc. Class C,2025-06-25,1d,168.650000,173.360000,168.560000,171.490000,171.100000,23627400,FinMind
GOOG,NASDAQ,Alphabet Inc. Class C,2025-06-26,1d,173.380000,174.650000,170.860000,174.430000,174.040000,25909100,FinMind
GOOG,NASDAQ,Alphabet Inc. Class C,2025-06-27,1d,174.630000,178.840000,172.710000,178.270000,177.870000,74053100,FinMind
GOOG,NASDAQ,Alphabet Inc. Class C,2025-06-30,1d,180.790000,181.580000,175.500000,177.390000,176.990000,43964600,FinMind
GOOG,NASDAQ,Alphabet Inc. Class C,2025-07-01,1d,176.800000,177.220000,174.660000,176.910000,176.510000,25778500,FinMind
GOOG,NASDAQ,Alphabet Inc. Class C,2025-07-02,1d,176.540000,179.930000,176.090000,179.760000,179.360000,19325900,FinMind
GOOG,NASDAQ,Alphabet Inc. Class C,2025-07-03,1d,179.820000,180.770000,178.190000,180.550000,180.140000,13287400,FinMind
GOOG,NASDAQ,Alphabet Inc. Class C,2025-07-07,1d,180.130000,180.340000,176.640000,177.560000,177.160000,20991400,FinMind
GOOG,NASDAQ,Alphabet Inc. Class C,2025-07-08,1d,178.780000,178.790000,173.920000,175.160000,174.770000,24108600,FinMind
GOOG,NASDAQ,Alphabet Inc. Class C,2025-07-09,1d,176.110000,180.280000,173.880000,177.660000,177.260000,31288000,FinMind
GOOG,NASDAQ,Alphabet Inc. Class C,2025-07-10,1d,176.670000,179.590000,175.740000,178.700000,178.300000,24693700,FinMind
GOOG,NASDAQ,Alphabet Inc. Class C,2025-07-11,1d,177.910000,182.610000,177.540000,181.310000,180.900000,23975700,FinMind
GOOG,NASDAQ,Alphabet Inc. Class C,2025-07-14,1d,182.070000,184.730000,180.710000,182.810000,182.400000,20990400,FinMind
GOOG,NASDAQ,Alphabet Inc. Class C,2025-07-15,1d,183.940000,185.410000,182.390000,183.100000,182.690000,23911600,FinMind
GOOG,NASDAQ,Alphabet Inc. Class C,2025-07-16,1d,184.320000,185.340000,183.080000,183.770000,183.360000,21152600,FinMind
GOOG,NASDAQ,Alphabet Inc. Class C,2025-07-17,1d,183.120000,185.190000,181.500000,184.700000,184.280000,21654400,FinMind
GOOG,NASDAQ,Alphabet Inc. Class C,2025-07-18,1d,186.620000,187.360000,184.730000,185.940000,185.520000,21033400,FinMind
GOOG,NASDAQ,Alphabet Inc. Class C,2025-07-21,1d,187.100000,191.260000,187.050000,191.150000,190.720000,24665000,FinMind
GOOG,NASDAQ,Alphabet Inc. Class C,2025-07-22,1d,192.420000,193.360000,188.490000,192.110000,191.680000,26212900,FinMind
GOOG,NASDAQ,Alphabet Inc. Class C,2025-07-23,1d,192.360000,193.360000,190.180000,191.510000,191.080000,34068100,FinMind
GOOG,NASDAQ,Alphabet Inc. Class C,2025-07-24,1d,198.110000,198.970000,191.950000,193.200000,192.770000,45252100,FinMind
GOOG,NASDAQ,Alphabet Inc. Class C,2025-07-25,1d,192.930000,195.270000,192.130000,194.080000,193.640000,31101800,FinMind
GOOG,NASDAQ,Alphabet Inc. Class C,2025-07-28,1d,194.410000,194.820000,191.850000,193.420000,192.990000,25553500,FinMind
GOOG,NASDAQ,Alphabet Inc. Class C,2025-07-29,1d,193.300000,196.660000,192.990000,196.430000,195.990000,31891600,FinMind
GOOG,NASDAQ,Alphabet Inc. Class C,2025-07-30,1d,196.300000,198.480000,195.560000,197.440000,197.000000,21150500,FinMind
GOOG,NASDAQ,Alphabet Inc. Class C,2025-07-31,1d,196.600000,196.830000,192.080000,192.860000,192.430000,27852000,FinMind
GOOG,NASDAQ,Alphabet Inc. Class C,2025-08-01,1d,189.780000,191.620000,188.700000,189.950000,189.520000,21236700,FinMind
GOOG,NASDAQ,Alphabet Inc. Class C,2025-08-04,1d,191.180000,196.080000,190.920000,195.750000,195.310000,23386000,FinMind
GOOG,NASDAQ,Alphabet Inc. Class C,2025-08-05,1d,195.540000,198.700000,194.680000,195.320000,194.880000,19010200,FinMind
GOOG,NASDAQ,Alphabet Inc. Class C,2025-08-06,1d,195.250000,197.380000,194.470000,196.920000,196.480000,15383700,FinMind
GOOG,NASDAQ,Alphabet Inc. Class C,2025-08-07,1d,197.710000,198.370000,195.220000,197.280000,196.840000,14660600,FinMind
GOOG,NASDAQ,Alphabet Inc. Class C,2025-08-08,1d,197.980000,203.430000,197.900000,202.090000,201.640000,24379900,FinMind
GOOG,NASDAQ,Alphabet Inc. Class C,2025-08-11,1d,201.550000,202.160000,199.800000,201.630000,201.180000,16690200,FinMind
GOOG,NASDAQ,Alphabet Inc. Class C,2025-08-12,1d,202.100000,205.130000,201.400000,204.160000,203.700000,19854000,FinMind
GOOG,NASDAQ,Alphabet Inc. Class C,2025-08-13,1d,204.980000,205.430000,198.640000,203.030000,202.570000,19573000,FinMind
GOOG,NASDAQ,Alphabet Inc. Class C,2025-08-14,1d,202.560000,205.420000,202.320000,203.820000,203.360000,17777100,FinMind
GOOG,NASDAQ,Alphabet Inc. Class C,2025-08-15,1d,204.720000,207.330000,202.090000,204.910000,204.450000,21111400,FinMind
GOOG,NASDAQ,Alphabet Inc. Class C,2025-08-18,1d,205.070000,206.140000,203.410000,204.290000,203.830000,13000200,FinMind
GOOG,NASDAQ,Alphabet Inc. Class C,2025-08-19,1d,203.900000,204.290000,200.930000,202.490000,202.030000,13476600,FinMind
GOOG,NASDAQ,Alphabet Inc. Class C,2025-08-20,1d,201.680000,202.170000,197.460000,200.190000,199.740000,13971700,FinMind
GOOG,NASDAQ,Alphabet Inc. Class C,2025-08-21,1d,200.720000,203.360000,200.400000,200.620000,200.170000,11768900,FinMind
GOOG,NASDAQ,Alphabet Inc. Class C,2025-08-22,1d,203.960000,209.230000,202.130000,206.720000,206.260000,25723700,FinMind
GOOG,NASDAQ,Alphabet Inc. Class C,2025-08-25,1d,207.000000,211.090000,205.950000,209.160000,208.690000,22788800,FinMind
GOOG,NASDAQ,Alphabet Inc. Class C,2025-08-26,1d,208.370000,208.460000,206.450000,207.950000,207.480000,23051000,FinMind
GOOG,NASDAQ,Alphabet Inc. Class C,2025-08-27,1d,206.460000,209.570000,206.390000,208.210000,207.740000,15249000,FinMind
GOOG,NASDAQ,Alphabet Inc. Class C,2025-08-28,1d,207.840000,212.900000,207.600000,212.370000,211.890000,20915700,FinMind
GOOG,NASDAQ,Alphabet Inc. Class C,2025-08-29,1d,211.270000,215.340000,210.970000,213.530000,213.050000,24682200,FinMind
GOOG,NASDAQ,Alphabet Inc. Class C,2025-09-02,1d,208.990000,212.370000,206.960000,211.990000,211.510000,28900100,FinMind
GOOG,NASDAQ,Alphabet Inc. Class C,2025-09-03,1d,226.480000,231.800000,225.120000,231.100000,230.580000,72250300,FinMind
GOOG,NASDAQ,Alphabet Inc. Class C,2025-09-04,1d,230.150000,232.770000,226.760000,232.660000,232.140000,32196000,FinMind
GOOG,NASDAQ,Alphabet Inc. Class C,2025-09-05,1d,232.660000,236.130000,232.380000,235.170000,234.640000,26127700,FinMind
GOOG,NASDAQ,Alphabet Inc. Class C,2025-09-08,1d,235.790000,238.400000,233.730000,234.160000,233.840000,23128800,FinMind
GOOG,NASDAQ,Alphabet Inc. Class C,2025-09-09,1d,234.190000,240.590000,233.380000,239.940000,239.610000,22854800,FinMind
GOOG,NASDAQ,Alphabet Inc. Class C,2025-09-10,1d,239.250000,242.080000,238.110000,239.560000,239.240000,19990100,FinMind
GOOG,NASDAQ,Alphabet Inc. Class C,2025-09-11,1d,240.140000,242.570000,236.580000,240.780000,240.450000,21308600,FinMind
GOOG,NASDAQ,Alphabet Inc. Class C,2025-09-12,1d,240.800000,242.420000,238.500000,241.380000,241.050000,14536600,FinMind
GOOG,NASDAQ,Alphabet Inc. Class C,2025-09-15,1d,245.140000,252.750000,244.980000,251.760000,251.420000,29935200,FinMind
GOOG,NASDAQ,Alphabet Inc. Class C,2025-09-16,1d,252.330000,253.230000,249.710000,251.420000,251.080000,24493500,FinMind
GOOG,NASDAQ,Alphabet Inc. Class C,2025-09-17,1d,251.460000,251.950000,246.580000,249.850000,249.510000,20491300,FinMind
GOOG,NASDAQ,Alphabet Inc. Class C,2025-09-18,1d,251.860000,254.140000,250.110000,252.330000,251.990000,21166400,FinMind
GOOG,NASDAQ,Alphabet Inc. Class C,2025-09-19,1d,253.400000,256.700000,252.070000,255.240000,254.890000,41616800,FinMind
GOOG,NASDAQ,Alphabet Inc. Class C,2025-09-22,1d,254.780000,256.310000,250.810000,252.880000,252.540000,20079000,FinMind
GOOG,NASDAQ,Alphabet Inc. Class C,2025-09-23,1d,253.650000,254.770000,251.090000,252.340000,252.000000,17521100,FinMind
GOOG,NASDAQ,Alphabet Inc. Class C,2025-09-24,1d,252.150000,252.960000,247.220000,247.830000,247.490000,16958500,FinMind
GOOG,NASDAQ,Alphabet Inc. Class C,2025-09-25,1d,244.840000,247.320000,241.650000,246.570000,246.240000,17379800,FinMind
GOOG,NASDAQ,Alphabet Inc. Class C,2025-09-26,1d,247.790000,250.120000,246.640000,247.180000,246.840000,16594600,FinMind
GOOG,NASDAQ,Alphabet Inc. Class C,2025-09-29,1d,248.270000,251.650000,243.200000,244.360000,244.030000,23157200,FinMind
GOOG,NASDAQ,Alphabet Inc. Class C,2025-09-30,1d,243.060000,243.680000,239.570000,243.550000,243.220000,22541200,FinMind
GOOG,NASDAQ,Alphabet Inc. Class C,2025-10-01,1d,241.180000,247.150000,239.200000,245.540000,245.210000,23967700,FinMind
GOOG,NASDAQ,Alphabet Inc. Class C,2025-10-02,1d,245.640000,247.630000,243.100000,246.430000,246.100000,20657500,FinMind
GOOG,NASDAQ,Alphabet Inc. Class C,2025-10-03,1d,245.230000,247.120000,242.470000,246.450000,246.120000,19941400,FinMind
GOOG,NASDAQ,Alphabet Inc. Class C,2025-10-06,1d,245.780000,252.200000,245.690000,251.510000,251.170000,18309000,FinMind
GOOG,NASDAQ,Alphabet Inc. Class C,2025-10-07,1d,248.930000,251.550000,246.810000,247.130000,246.790000,13811200,FinMind
GOOG,NASDAQ,Alphabet Inc. Class C,2025-10-08,1d,246.200000,247.260000,245.090000,245.460000,245.130000,14136500,FinMind
GOOG,NASDAQ,Alphabet Inc. Class C,2025-10-09,1d,245.060000,245.550000,239.680000,242.210000,241.880000,19375700,FinMind
GOOG,NASDAQ,Alphabet Inc. Class C,2025-10-10,1d,242.160000,244.840000,236.680000,237.490000,237.170000,22449100,FinMind
GOOG,NASDAQ,Alphabet Inc. Class C,2025-10-13,1d,241.030000,244.990000,240.750000,244.640000,244.310000,12465000,FinMind
GOOG,NASDAQ,Alphabet Inc. Class C,2025-10-14,1d,241.760000,248.020000,241.180000,246.190000,245.860000,17705400,FinMind
GOOG,NASDAQ,Alphabet Inc. Class C,2025-10-15,1d,248.090000,252.760000,246.790000,251.710000,251.370000,16048100,FinMind
GOOG,NASDAQ,Alphabet Inc. Class C,2025-10-16,1d,252.460000,257.580000,250.670000,251.880000,251.540000,18946000,FinMind
GOOG,NASDAQ,Alphabet Inc. Class C,2025-10-17,1d,251.350000,254.880000,248.590000,253.790000,253.450000,17653800,FinMind
GOOG,NASDAQ,Alphabet Inc. Class C,2025-10-20,1d,255.230000,257.880000,254.600000,257.020000,256.670000,13726800,FinMind
GOOG,NASDAQ,Alphabet Inc. Class C,2025-10-21,1d,255.250000,255.380000,244.670000,251.340000,251.000000,27836400,FinMind
GOOG,NASDAQ,Alphabet Inc. Class C,2025-10-22,1d,255.010000,257.180000,250.450000,252.530000,252.190000,19650200,FinMind
GOOG,NASDAQ,Alphabet Inc. Class C,2025-10-23,1d,253.700000,255.860000,252.770000,253.730000,253.390000,13241300,FinMind
GOOG,NASDAQ,Alphabet Inc. Class C,2025-10-24,1d,257.300000,262.510000,256.100000,260.510000,260.160000,18406000,FinMind
GOOG,NASDAQ,Alphabet Inc. Class C,2025-10-27,1d,265.360000,270.800000,264.940000,269.930000,269.560000,22987700,FinMind
GOOG,NASDAQ,Alphabet Inc. Class C,2025-10-28,1d,270.200000,271.380000,267.170000,268.430000,268.070000,20101200,FinMind
GOOG,NASDAQ,Alphabet Inc. Class C,2025-10-29,1d,268.610000,275.970000,268.430000,275.170000,274.800000,26287900,FinMind
GOOG,NASDAQ,Alphabet Inc. Class C,2025-10-30,1d,291.720000,291.930000,280.450000,281.900000,281.520000,48570000,FinMind
GOOG,NASDAQ,Alphabet Inc. Class C,2025-10-31,1d,283.200000,286.290000,277.520000,281.820000,281.440000,29932800,FinMind
GOOG,NASDAQ,Alphabet Inc. Class C,2025-11-03,1d,282.420000,285.940000,280.370000,284.120000,283.730000,19691800,FinMind
GOOG,NASDAQ,Alphabet Inc. Class C,2025-11-04,1d,277.070000,281.830000,276.860000,278.060000,277.680000,18123700,FinMind
GOOG,NASDAQ,Alphabet Inc. Class C,2025-11-05,1d,279.380000,286.700000,277.880000,284.750000,284.360000,20063200,FinMind
GOOG,NASDAQ,Alphabet Inc. Class C,2025-11-06,1d,285.730000,288.810000,281.620000,285.340000,284.950000,23103800,FinMind
GOOG,NASDAQ,Alphabet Inc. Class C,2025-11-07,1d,284.210000,284.500000,275.740000,279.700000,279.320000,21991100,FinMind
GOOG,NASDAQ,Alphabet Inc. Class C,2025-11-10,1d,285.270000,291.460000,283.540000,290.590000,290.200000,19508200,FinMind
GOOG,NASDAQ,Alphabet Inc. Class C,2025-11-11,1d,288.200000,292.340000,287.880000,291.740000,291.340000,14156700,FinMind
GOOG,NASDAQ,Alphabet Inc. Class C,2025-11-12,1d,292.080000,292.360000,284.380000,287.430000,287.040000,16998800,FinMind
GOOG,NASDAQ,Alphabet Inc. Class C,2025-11-13,1d,282.980000,283.510000,278.000000,279.120000,278.740000,18060200,FinMind
GOOG,NASDAQ,Alphabet Inc. Class C,2025-11-14,1d,271.890000,279.150000,271.410000,276.980000,276.600000,18330500,FinMind
GOOG,NASDAQ,Alphabet Inc. Class C,2025-11-17,1d,286.400000,294.520000,284.230000,285.600000,285.210000,34286100,FinMind
GOOG,NASDAQ,Alphabet Inc. Class C,2025-11-18,1d,288.480000,289.430000,279.010000,284.960000,284.570000,29702200,FinMind
GOOG,NASDAQ,Alphabet Inc. Class C,2025-11-19,1d,287.680000,304.250000,287.670000,292.990000,292.590000,43123600,FinMind
GOOG,NASDAQ,Alphabet Inc. Class C,2025-11-20,1d,304.740000,306.890000,289.170000,289.980000,289.590000,34801400,FinMind
GOOG,NASDAQ,Alphabet Inc. Class C,2025-11-21,1d,296.870000,303.960000,294.360000,299.650000,299.240000,43670600,FinMind
GOOG,NASDAQ,Alphabet Inc. Class C,2025-11-24,1d,311.010000,319.800000,309.400000,318.470000,318.040000,55311800,FinMind
GOOG,NASDAQ,Alphabet Inc. Class C,2025-11-25,1d,326.800000,328.670000,317.820000,323.640000,323.200000,50899300,FinMind
GOOG,NASDAQ,Alphabet Inc. Class C,2025-11-26,1d,320.780000,324.990000,317.200000,320.280000,319.850000,29839600,FinMind
GOOG,NASDAQ,Alphabet Inc. Class C,2025-11-28,1d,323.430000,326.880000,316.940000,320.120000,319.690000,19695800,FinMind
GOOG,NASDAQ,Alphabet Inc. Class C,2025-12-01,1d,317.480000,319.630000,313.980000,315.120000,314.690000,28520600,FinMind
GOOG,NASDAQ,Alphabet Inc. Class C,2025-12-02,1d,316.900000,318.600000,314.220000,316.020000,315.590000,24668200,FinMind
GOOG,NASDAQ,Alphabet Inc. Class C,2025-12-03,1d,316.030000,322.040000,314.280000,320.620000,320.190000,32285100,FinMind
GOOG,NASDAQ,Alphabet Inc. Class C,2025-12-04,1d,323.050000,323.100000,315.590000,318.390000,317.960000,20831600,FinMind
GOOG,NASDAQ,Alphabet Inc. Class C,2025-12-05,1d,320.000000,323.830000,319.980000,322.090000,321.650000,15719900,FinMind
GOOG,NASDAQ,Alphabet Inc. Class C,2025-12-08,1d,321.030000,321.230000,311.910000,314.450000,314.230000,22006900,FinMind
GOOG,NASDAQ,Alphabet Inc. Class C,2025-12-09,1d,313.100000,318.710000,312.620000,317.750000,317.530000,14151300,FinMind
GOOG,NASDAQ,Alphabet Inc. Class C,2025-12-10,1d,316.620000,321.870000,315.400000,321.000000,320.770000,22764500,FinMind
GOOG,NASDAQ,Alphabet Inc. Class C,2025-12-11,1d,321.100000,321.990000,309.880000,313.700000,313.480000,25912100,FinMind
GOOG,NASDAQ,Alphabet Inc. Class C,2025-12-12,1d,314.800000,316.140000,306.960000,310.520000,310.300000,21264800,FinMind
GOOG,NASDAQ,Alphabet Inc. Class C,2025-12-15,1d,312.620000,312.700000,305.740000,309.320000,309.100000,22028900,FinMind
GOOG,NASDAQ,Alphabet Inc. Class C,2025-12-16,1d,306.000000,311.850000,303.830000,307.730000,307.510000,21285200,FinMind
GOOG,NASDAQ,Alphabet Inc. Class C,2025-12-17,1d,309.010000,309.200000,297.450000,298.060000,297.850000,29120400,FinMind
GOOG,NASDAQ,Alphabet Inc. Class C,2025-12-18,1d,303.060000,305.260000,300.630000,303.750000,303.540000,21040500,FinMind
GOOG,NASDAQ,Alphabet Inc. Class C,2025-12-19,1d,303.270000,308.990000,302.340000,308.610000,308.390000,45234400,FinMind
GOOG,NASDAQ,Alphabet Inc. Class C,2025-12-22,1d,311.230000,311.700000,306.590000,311.330000,311.110000,14091400,FinMind
GOOG,NASDAQ,Alphabet Inc. Class C,2025-12-23,1d,311.140000,316.300000,310.750000,315.680000,315.460000,13961400,FinMind
GOOG,NASDAQ,Alphabet Inc. Class C,2025-12-24,1d,316.150000,316.290000,313.320000,315.670000,315.450000,6138200,FinMind
GOOG,NASDAQ,Alphabet Inc. Class C,2025-12-26,1d,315.920000,316.560000,313.720000,314.960000,314.740000,6730900,FinMind
GOOG,NASDAQ,Alphabet Inc. Class C,2025-12-29,1d,312.820000,314.970000,311.900000,314.390000,314.170000,12317700,FinMind
GOOG,NASDAQ,Alphabet Inc. Class C,2025-12-30,1d,313.410000,317.700000,313.250000,314.550000,314.330000,11052500,FinMind
GOOG,NASDAQ,Alphabet Inc. Class C,2025-12-31,1d,313.370000,315.390000,312.200000,313.800000,313.580000,10821500,FinMind
GOOG,NASDAQ,Alphabet Inc. Class C,2026-01-02,1d,317.590000,322.910000,310.650000,315.320000,315.100000,22043700,FinMind
GOOG,NASDAQ,Alphabet Inc. Class C,2026-01-05,1d,317.700000,319.250000,315.250000,317.320000,317.100000,19934000,FinMind
GOOG,NASDAQ,Alphabet Inc. Class C,2026-01-06,1d,317.310000,321.560000,312.340000,314.550000,314.330000,18989900,FinMind
GOOG,NASDAQ,Alphabet Inc. Class C,2026-01-07,1d,314.570000,326.460000,314.500000,322.430000,322.200000,24681800,FinMind
GOOG,NASDAQ,Alphabet Inc. Class C,2026-01-08,1d,329.270000,330.540000,321.990000,326.010000,325.780000,21789600,FinMind
GOOG,NASDAQ,Alphabet Inc. Class C,2026-01-09,1d,327.490000,331.480000,326.250000,329.140000,328.910000,17917700,FinMind
GOOG,NASDAQ,Alphabet Inc. Class C,2026-01-12,1d,326.500000,334.440000,325.510000,332.730000,332.500000,23893800,FinMind
GOOG,NASDAQ,Alphabet Inc. Class C,2026-01-13,1d,335.280000,341.200000,334.350000,336.430000,336.190000,24616700,FinMind
GOOG,NASDAQ,Alphabet Inc. Class C,2026-01-14,1d,334.980000,337.030000,331.140000,336.310000,336.070000,17839300,FinMind
GOOG,NASDAQ,Alphabet Inc. Class C,2026-01-15,1d,338.050000,338.130000,331.290000,333.160000,332.930000,16424900,FinMind
GOOG,NASDAQ,Alphabet Inc. Class C,2026-01-16,1d,334.930000,335.240000,328.170000,330.340000,330.110000,21868600,FinMind
GOOG,NASDAQ,Alphabet Inc. Class C,2026-01-20,1d,321.240000,328.090000,320.890000,322.160000,321.930000,27169900,FinMind
GOOG,NASDAQ,Alphabet Inc. Class C,2026-01-21,1d,321.100000,332.730000,319.540000,328.380000,328.150000,22791700,FinMind
GOOG,NASDAQ,Alphabet Inc. Class C,2026-01-22,1d,334.270000,335.210000,328.880000,330.840000,330.610000,19902100,FinMind
GOOG,NASDAQ,Alphabet Inc. Class C,2026-01-23,1d,332.650000,334.030000,327.970000,328.430000,328.200000,19110600,FinMind
GOOG,NASDAQ,Alphabet Inc. Class C,2026-01-26,1d,328.200000,336.350000,327.490000,333.590000,333.360000,18502500,FinMind
GOOG,NASDAQ,Alphabet Inc. Class C,2026-01-27,1d,335.630000,338.210000,333.750000,335.000000,334.760000,16080900,FinMind
GOOG,NASDAQ,Alphabet Inc. Class C,2026-01-28,1d,336.610000,337.630000,332.130000,336.280000,336.040000,17538500,FinMind
GOOG,NASDAQ,Alphabet Inc. Class C,2026-01-29,1d,340.350000,342.290000,326.720000,338.660000,338.420000,24548300,FinMind
GOOG,NASDAQ,Alphabet Inc. Class C,2026-01-30,1d,334.460000,340.290000,332.640000,338.530000,338.290000,21740200,FinMind
GOOG,NASDAQ,Alphabet Inc. Class C,2026-02-02,1d,336.550000,345.170000,336.010000,344.900000,344.660000,22775200,FinMind
GOOG,NASDAQ,Alphabet Inc. Class C,2026-02-03,1d,348.520000,350.150000,338.590000,340.700000,340.460000,25786500,FinMind
GOOG,NASDAQ,Alphabet Inc. Class C,2026-02-04,1d,343.760000,344.250000,329.370000,333.340000,333.110000,36991100,FinMind
GOOG,NASDAQ,Alphabet Inc. Class C,2026-02-05,1d,313.200000,332.640000,306.920000,331.330000,331.100000,51842000,FinMind
GOOG,NASDAQ,Alphabet Inc. Class C,2026-02-06,1d,327.350000,330.640000,320.150000,323.100000,322.870000,33877000,FinMind
GOOG,NASDAQ,Alphabet Inc. Class C,2026-02-09,1d,321.240000,327.740000,317.700000,324.400000,324.170000,26103300,FinMind
GOOG,NASDAQ,Alphabet Inc. Class C,2026-02-10,1d,320.910000,321.630000,314.660000,318.630000,318.410000,25281900,FinMind
GOOG,NASDAQ,Alphabet Inc. Class C,2026-02-11,1d,318.960000,321.050000,310.130000,311.330000,311.110000,24008100,FinMind
GOOG,NASDAQ,Alphabet Inc. Class C,2026-02-12,1d,312.350000,316.480000,308.150000,309.370000,309.150000,28194000,FinMind
GOOG,NASDAQ,Alphabet Inc. Class C,2026-02-13,1d,307.980000,308.890000,303.900000,306.020000,305.800000,20236000,FinMind
GOOG,NASDAQ,Alphabet Inc. Class C,2026-02-17,1d,300.640000,304.890000,296.900000,302.820000,302.610000,23750800,FinMind
GOOG,NASDAQ,Alphabet Inc. Class C,2026-02-18,1d,302.430000,305.910000,301.980000,303.940000,303.730000,15847700,FinMind
GOOG,NASDAQ,Alphabet Inc. Class C,2026-02-19,1d,302.520000,306.030000,300.670000,303.560000,303.350000,13448600,FinMind
GOOG,NASDAQ,Alphabet Inc. Class C,2026-02-20,1d,304.800000,316.760000,304.420000,314.900000,314.680000,33663100,FinMind
GOOG,NASDAQ,Alphabet Inc. Class C,2026-02-23,1d,319.140000,319.450000,309.990000,311.690000,311.470000,17641200,FinMind
GOOG,NASDAQ,Alphabet Inc. Class C,2026-02-24,1d,310.640000,312.370000,306.090000,310.920000,310.700000,15040700,FinMind
GOOG,NASDAQ,Alphabet Inc. Class C,2026-02-25,1d,312.120000,313.660000,309.360000,313.030000,312.810000,20209100,FinMind
GOOG,NASDAQ,Alphabet Inc. Class C,2026-02-26,1d,312.800000,313.000000,302.410000,307.150000,306.930000,22380000,FinMind
GOOG,NASDAQ,Alphabet Inc. Class C,2026-02-27,1d,303.940000,312.080000,303.590000,311.430000,311.210000,33389200,FinMind
GOOG,NASDAQ,Alphabet Inc. Class C,2026-03-02,1d,302.960000,308.140000,301.060000,306.360000,306.140000,21854400,FinMind
GOOG,NASDAQ,Alphabet Inc. Class C,2026-03-03,1d,298.420000,303.940000,296.700000,303.560000,303.350000,20361100,FinMind
GOOG,NASDAQ,Alphabet Inc. Class C,2026-03-04,1d,302.680000,305.460000,300.800000,303.450000,303.240000,20015600,FinMind
GOOG,NASDAQ,Alphabet Inc. Class C,2026-03-05,1d,303.200000,303.370000,298.070000,300.910000,300.700000,22643900,FinMind
GOOG,NASDAQ,Alphabet Inc. Class C,2026-03-06,1d,296.070000,300.330000,295.250000,298.300000,298.090000,17598000,FinMind
GOOG,NASDAQ,Alphabet Inc. Class C,2026-03-09,1d,294.140000,306.500000,293.930000,306.010000,306.010000,19632700,FinMind
GOOG,NASDAQ,Alphabet Inc. Class C,2026-03-10,1d,305.880000,309.150000,305.310000,306.930000,306.930000,14386400,FinMind
GOOG,NASDAQ,Alphabet Inc. Class C,2026-03-11,1d,306.300000,311.070000,305.840000,308.420000,308.420000,13376700,FinMind
GOOG,NASDAQ,Alphabet Inc. Class C,2026-03-12,1d,306.210000,308.640000,300.840000,303.210000,303.210000,15610200,FinMind
GOOG,NASDAQ,Alphabet Inc. Class C,2026-03-13,1d,306.650000,307.260000,299.780000,301.460000,301.460000,16857500,FinMind
GOOG,NASDAQ,Alphabet Inc. Class C,2026-03-16,1d,303.600000,305.570000,301.810000,304.420000,304.420000,14822000,FinMind
GOOG,NASDAQ,Alphabet Inc. Class C,2026-03-17,1d,304.670000,310.050000,304.350000,309.410000,309.410000,14423600,FinMind
GOOG,NASDAQ,Alphabet Inc. Class C,2026-03-18,1d,307.900000,310.750000,305.550000,306.300000,306.300000,13848400,FinMind
GOOG,NASDAQ,Alphabet Inc. Class C,2026-03-19,1d,303.210000,306.680000,301.000000,305.730000,305.730000,15399700,FinMind
GOOG,NASDAQ,Alphabet Inc. Class C,2026-03-20,1d,304.070000,304.370000,296.750000,298.790000,298.790000,34763500,FinMind
GOOG,NASDAQ,Alphabet Inc. Class C,2026-03-23,1d,300.530000,303.370000,298.030000,299.020000,299.020000,22204100,FinMind
GOOG,NASDAQ,Alphabet Inc. Class C,2026-03-24,1d,296.210000,297.100000,288.860000,289.200000,289.200000,27411200,FinMind
GOOG,NASDAQ,Alphabet Inc. Class C,2026-03-25,1d,292.150000,294.660000,287.370000,289.590000,289.590000,22343000,FinMind
GOOG,NASDAQ,Alphabet Inc. Class C,2026-03-26,1d,286.190000,286.520000,279.050000,280.740000,280.740000,29281200,FinMind
GOOG,NASDAQ,Alphabet Inc. Class C,2026-03-27,1d,277.400000,279.090000,273.480000,273.760000,273.760000,25703300,FinMind
GOOG,NASDAQ,Alphabet Inc. Class C,2026-03-30,1d,275.440000,276.260000,271.540000,273.140000,273.140000,22752300,FinMind
GOOG,NASDAQ,Alphabet Inc. Class C,2026-03-31,1d,277.540000,287.050000,276.760000,286.860000,286.860000,31625100,FinMind
GOOG,NASDAQ,Alphabet Inc. Class C,2026-04-01,1d,289.980000,297.980000,289.470000,294.900000,294.900000,24403600,FinMind
GOOG,NASDAQ,Alphabet Inc. Class C,2026-04-02,1d,288.990000,295.900000,287.570000,294.460000,294.460000,13433400,FinMind
GOOG,NASDAQ,Alphabet Inc. Class C,2026-04-06,1d,294.700000,298.420000,293.790000,297.660000,297.660000,10121700,FinMind
GOOG,NASDAQ,Alphabet Inc. Class C,2026-04-07,1d,300.140000,304.100000,295.420000,303.930000,303.930000,17317700,FinMind
GOOG,NASDAQ,Alphabet Inc. Class C,2026-04-08,1d,317.830000,319.390000,312.700000,314.740000,314.740000,20887500,FinMind
GOOG,NASDAQ,Alphabet Inc. Class C,2026-04-09,1d,313.190000,317.430000,309.470000,316.370000,316.370000,14606800,FinMind
GOOG,NASDAQ,Alphabet Inc. Class C,2026-04-10,1d,318.230000,319.500000,314.540000,315.720000,315.720000,11997600,FinMind
GOOG,NASDAQ,Alphabet Inc. Class C,2026-04-13,1d,315.420000,319.430000,313.690000,319.210000,319.210000,12212800,FinMind
GOOG,NASDAQ,Alphabet Inc. Class C,2026-04-14,1d,322.070000,330.640000,321.150000,330.580000,330.580000,18557500,FinMind
GOOG,NASDAQ,Alphabet Inc. Class C,2026-04-15,1d,330.560000,335.000000,328.660000,334.470000,334.470000,15104100,FinMind
GOOG,NASDAQ,Alphabet Inc. Class C,2026-04-16,1d,335.850000,337.380000,331.650000,332.770000,332.770000,13949600,FinMind
GOOG,NASDAQ,Alphabet Inc. Class C,2026-04-17,1d,334.430000,339.980000,333.290000,339.400000,339.400000,19683800,FinMind
GOOG,NASDAQ,Alphabet Inc. Class C,2026-04-20,1d,338.560000,339.160000,334.630000,335.400000,335.400000,12897300,FinMind
GOOG,NASDAQ,Alphabet Inc. Class C,2026-04-21,1d,335.580000,337.170000,329.630000,330.470000,330.470000,14623800,FinMind
GOOG,NASDAQ,Alphabet Inc. Class C,2026-04-22,1d,334.890000,338.030000,332.960000,337.730000,337.730000,12954200,FinMind
GOOG,NASDAQ,Alphabet Inc. Class C,2026-04-23,1d,339.580000,340.160000,335.060000,337.750000,337.750000,13442100,FinMind
GOOG,NASDAQ,Alphabet Inc. Class C,2026-04-24,1d,337.720000,343.690000,334.050000,342.320000,342.320000,18260900,FinMind
GOOG,NASDAQ,Alphabet Inc. Class C,2026-04-27,1d,343.880000,350.900000,340.810000,348.520000,348.520000,17443000,FinMind
GOOG,NASDAQ,Alphabet Inc. Class C,2026-04-28,1d,346.920000,349.900000,344.280000,347.500000,347.500000,18502300,FinMind
GOOG,NASDAQ,Alphabet Inc. Class C,2026-04-29,1d,345.480000,353.400000,342.430000,347.310000,347.310000,22232200,FinMind
GOOG,NASDAQ,Alphabet Inc. Class C,2026-04-30,1d,371.260000,382.630000,363.090000,381.940000,381.940000,44570500,FinMind
GOOG,NASDAQ,Alphabet Inc. Class C,2026-05-01,1d,377.980000,383.390000,375.260000,383.220000,383.220000,28047900,FinMind
GOOG,NASDAQ,Alphabet Inc. Class C,2026-05-04,1d,382.320000,384.180000,376.770000,379.640000,379.640000,18275000,FinMind
GOOG,NASDAQ,Alphabet Inc. Class C,2026-05-05,1d,381.870000,388.960000,380.350000,384.270000,384.270000,15432500,FinMind
GOOG,NASDAQ,Alphabet Inc. Class C,2026-05-06,1d,389.590000,396.380000,387.100000,395.140000,395.140000,23097300,FinMind
GOOG,NASDAQ,Alphabet Inc. Class C,2026-05-07,1d,397.060000,397.360000,390.310000,395.300000,395.300000,15153600,FinMind
GOOG,NASDAQ,Alphabet Inc. Class C,2026-05-08,1d,394.270000,398.370000,393.670000,397.050000,397.050000,13762500,FinMind
GOOG,NASDAQ,Alphabet Inc. Class C,2026-05-11,1d,390.690000,394.330000,386.230000,386.770000,386.770000,16314900,FinMind
GOOG,NASDAQ,Alphabet Inc. Class C,2026-05-12,1d,385.000000,386.440000,379.720000,383.820000,383.820000,17103900,FinMind
GOOG,NASDAQ,Alphabet Inc. Class C,2026-05-13,1d,381.900000,399.930000,381.580000,399.040000,399.040000,18160100,FinMind
GOOG,NASDAQ,Alphabet Inc. Class C,2026-05-14,1d,393.790000,399.100000,392.730000,397.170000,397.170000,13805400,FinMind
GOOG,NASDAQ,Alphabet Inc. Class C,2026-05-15,1d,393.210000,395.880000,389.760000,393.320000,393.320000,15801900,FinMind
GOOG,NASDAQ,Alphabet Inc. Class C,2026-05-18,1d,392.120000,404.470000,390.900000,393.110000,393.110000,18592800,FinMind
GOOG,NASDAQ,Alphabet Inc. Class C,2026-05-19,1d,393.300000,393.360000,383.000000,384.900000,384.900000,25559400,FinMind
GOOG,NASDAQ,Alphabet Inc. Class C,2026-05-20,1d,385.040000,390.700000,380.000000,384.900000,384.900000,16488100,FinMind
GOOG,NASDAQ,Alphabet Inc. Class C,2026-05-21,1d,382.010000,388.680000,379.480000,383.470000,383.470000,16837600,FinMind
GOOG,NASDAQ,Alphabet Inc. Class C,2026-05-22,1d,383.260000,384.870000,378.260000,379.380000,379.380000,13382800,FinMind
GOOG,NASDAQ,Alphabet Inc. Class C,2026-05-26,1d,380.990000,385.390000,379.140000,384.840000,384.840000,16150900,FinMind
GOOG,NASDAQ,Alphabet Inc. Class C,2026-05-27,1d,382.770000,389.730000,382.000000,384.830000,384.830000,16893100,FinMind
GOOG,NASDAQ,Alphabet Inc. Class C,2026-05-28,1d,383.860000,390.000000,381.250000,386.120000,386.120000,20795400,FinMind
GOOG,NASDAQ,Alphabet Inc. Class C,2026-05-29,1d,381.230000,381.650000,374.300000,376.430000,376.430000,48018600,FinMind
GOOG,NASDAQ,Alphabet Inc. Class C,2026-06-01,1d,372.580000,374.600000,369.710000,372.580000,372.580000,19091900,FinMind
GOOG,NASDAQ,Alphabet Inc. Class C,2026-06-02,1d,363.280000,369.790000,355.000000,358.390000,358.390000,33710414,FinMind
IBIT,NASDAQ,iShares Bitcoin Trust ETF,2025-06-03,1d,59.980000,60.780000,59.710000,60.400000,60.400000,37381600,FinMind
IBIT,NASDAQ,iShares Bitcoin Trust ETF,2025-06-04,1d,59.660000,60.000000,59.160000,59.640000,59.640000,32365300,FinMind
IBIT,NASDAQ,iShares Bitcoin Trust ETF,2025-06-05,1d,60.150000,60.160000,57.700000,57.870000,57.870000,57995000,FinMind
IBIT,NASDAQ,iShares Bitcoin Trust ETF,2025-06-06,1d,59.090000,59.970000,59.050000,59.260000,59.260000,34477600,FinMind
IBIT,NASDAQ,iShares Bitcoin Trust ETF,2025-06-09,1d,61.130000,61.860000,60.780000,61.770000,61.770000,43950300,FinMind
IBIT,NASDAQ,iShares Bitcoin Trust ETF,2025-06-10,1d,62.360000,62.760000,61.550000,62.290000,62.290000,32894300,FinMind
IBIT,NASDAQ,iShares Bitcoin Trust ETF,2025-06-11,1d,62.400000,62.790000,61.600000,61.840000,61.840000,30336900,FinMind
IBIT,NASDAQ,iShares Bitcoin Trust ETF,2025-06-12,1d,60.700000,61.650000,60.520000,60.700000,60.700000,36713600,FinMind
IBIT,NASDAQ,iShares Bitcoin Trust ETF,2025-06-13,1d,59.620000,60.290000,59.170000,59.740000,59.740000,42127800,FinMind
IBIT,NASDAQ,iShares Bitcoin Trust ETF,2025-06-16,1d,60.600000,61.950000,60.510000,61.800000,61.800000,42415200,FinMind
IBIT,NASDAQ,iShares Bitcoin Trust ETF,2025-06-17,1d,60.020000,60.130000,58.690000,59.500000,59.500000,53900700,FinMind
IBIT,NASDAQ,iShares Bitcoin Trust ETF,2025-06-18,1d,59.060000,59.900000,58.820000,58.970000,58.970000,40166400,FinMind
IBIT,NASDAQ,iShares Bitcoin Trust ETF,2025-06-20,1d,60.270000,60.330000,58.150000,58.670000,58.670000,35261800,FinMind
IBIT,NASDAQ,iShares Bitcoin Trust ETF,2025-06-23,1d,57.480000,58.760000,56.620000,58.670000,58.670000,63747200,FinMind
IBIT,NASDAQ,iShares Bitcoin Trust ETF,2025-06-24,1d,59.770000,60.470000,59.560000,60.060000,60.060000,40387200,FinMind
IBIT,NASDAQ,iShares Bitcoin Trust ETF,2025-06-25,1d,61.330000,61.530000,60.710000,61.280000,61.280000,40812500,FinMind
IBIT,NASDAQ,iShares Bitcoin Trust ETF,2025-06-26,1d,60.930000,61.280000,60.560000,61.140000,61.140000,29434600,FinMind
IBIT,NASDAQ,iShares Bitcoin Trust ETF,2025-06-27,1d,60.690000,61.250000,60.470000,60.720000,60.720000,35637900,FinMind
IBIT,NASDAQ,iShares Bitcoin Trust ETF,2025-06-30,1d,61.270000,61.310000,60.620000,61.210000,61.210000,34174000,FinMind
IBIT,NASDAQ,iShares Bitcoin Trust ETF,2025-07-01,1d,60.580000,60.920000,59.830000,59.840000,59.840000,35575500,FinMind
IBIT,NASDAQ,iShares Bitcoin Trust ETF,2025-07-02,1d,61.120000,62.470000,61.010000,62.420000,62.420000,65900200,FinMind
IBIT,NASDAQ,iShares Bitcoin Trust ETF,2025-07-03,1d,62.210000,62.940000,62.010000,62.190000,62.190000,32662400,FinMind
IBIT,NASDAQ,iShares Bitcoin Trust ETF,2025-07-07,1d,61.630000,61.780000,61.040000,61.400000,61.400000,37793400,FinMind
IBIT,NASDAQ,iShares Bitcoin Trust ETF,2025-07-08,1d,61.900000,62.100000,61.400000,61.820000,61.820000,29471500,FinMind
IBIT,NASDAQ,iShares Bitcoin Trust ETF,2025-07-09,1d,62.290000,63.760000,61.630000,63.580000,63.580000,56974400,FinMind
IBIT,NASDAQ,iShares Bitcoin Trust ETF,2025-07-10,1d,63.140000,64.810000,62.800000,64.500000,64.500000,84144900,FinMind
IBIT,NASDAQ,iShares Bitcoin Trust ETF,2025-07-11,1d,66.880000,67.240000,66.290000,67.210000,67.210000,78031900,FinMind
IBIT,NASDAQ,iShares Bitcoin Trust ETF,2025-07-14,1d,69.170000,69.460000,67.740000,68.180000,68.180000,68391600,FinMind
IBIT,NASDAQ,iShares Bitcoin Trust ETF,2025-07-15,1d,66.930000,67.400000,65.770000,66.160000,66.160000,82079400,FinMind
IBIT,NASDAQ,iShares Bitcoin Trust ETF,2025-07-16,1d,67.550000,68.240000,67.140000,67.830000,67.830000,58547500,FinMind
IBIT,NASDAQ,iShares Bitcoin Trust ETF,2025-07-17,1d,67.040000,68.210000,66.820000,67.650000,67.650000,45310300,FinMind
IBIT,NASDAQ,iShares Bitcoin Trust ETF,2025-07-18,1d,67.540000,67.840000,66.540000,66.680000,66.680000,51010400,FinMind
IBIT,NASDAQ,iShares Bitcoin Trust ETF,2025-07-21,1d,67.210000,67.810000,66.230000,66.330000,66.330000,47080800,FinMind
IBIT,NASDAQ,iShares Bitcoin Trust ETF,2025-07-22,1d,67.770000,68.390000,66.790000,67.820000,67.820000,45383900,FinMind
IBIT,NASDAQ,iShares Bitcoin Trust ETF,2025-07-23,1d,67.110000,67.510000,66.660000,67.290000,67.290000,34878700,FinMind
IBIT,NASDAQ,iShares Bitcoin Trust ETF,2025-07-24,1d,67.500000,67.980000,66.960000,67.660000,67.660000,33249900,FinMind
IBIT,NASDAQ,iShares Bitcoin Trust ETF,2025-07-25,1d,66.090000,66.570000,65.350000,66.360000,66.360000,53995700,FinMind
IBIT,NASDAQ,iShares Bitcoin Trust ETF,2025-07-28,1d,67.400000,67.740000,66.700000,67.100000,67.100000,38748000,FinMind
IBIT,NASDAQ,iShares Bitcoin Trust ETF,2025-07-29,1d,67.610000,67.670000,66.370000,66.710000,66.710000,38407300,FinMind
IBIT,NASDAQ,iShares Bitcoin Trust ETF,2025-07-30,1d,66.780000,67.530000,65.720000,66.370000,66.370000,40903100,FinMind
IBIT,NASDAQ,iShares Bitcoin Trust ETF,2025-07-31,1d,67.120000,67.580000,66.290000,66.320000,66.320000,41463100,FinMind
IBIT,NASDAQ,iShares Bitcoin Trust ETF,2025-08-01,1d,65.650000,65.740000,64.140000,64.220000,64.220000,69829700,FinMind
IBIT,NASDAQ,iShares Bitcoin Trust ETF,2025-08-04,1d,64.790000,65.740000,64.730000,65.200000,65.200000,29985200,FinMind
IBIT,NASDAQ,iShares Bitcoin Trust ETF,2025-08-05,1d,64.860000,65.120000,63.930000,64.550000,64.550000,31327700,FinMind
IBIT,NASDAQ,iShares Bitcoin Trust ETF,2025-08-06,1d,64.710000,65.780000,64.480000,65.510000,65.510000,26866700,FinMind
IBIT,NASDAQ,iShares Bitcoin Trust ETF,2025-08-07,1d,66.190000,66.890000,65.740000,66.830000,66.830000,41363900,FinMind
IBIT,NASDAQ,iShares Bitcoin Trust ETF,2025-08-08,1d,66.380000,66.720000,65.820000,66.130000,66.130000,29121400,FinMind
IBIT,NASDAQ,iShares Bitcoin Trust ETF,2025-08-11,1d,67.880000,68.650000,67.370000,67.640000,67.640000,43158500,FinMind
IBIT,NASDAQ,iShares Bitcoin Trust ETF,2025-08-12,1d,67.730000,68.300000,67.360000,67.950000,67.950000,33459300,FinMind
IBIT,NASDAQ,iShares Bitcoin Trust ETF,2025-08-13,1d,68.550000,69.890000,68.220000,69.840000,69.840000,54824600,FinMind
IBIT,NASDAQ,iShares Bitcoin Trust ETF,2025-08-14,1d,67.210000,67.880000,66.550000,67.030000,67.030000,71199600,FinMind
IBIT,NASDAQ,iShares Bitcoin Trust ETF,2025-08-15,1d,67.310000,67.360000,66.340000,66.440000,66.440000,39585100,FinMind
IBIT,NASDAQ,iShares Bitcoin Trust ETF,2025-08-18,1d,65.720000,66.350000,65.180000,66.050000,66.050000,33918500,FinMind
IBIT,NASDAQ,iShares Bitcoin Trust ETF,2025-08-19,1d,65.740000,65.810000,63.900000,64.190000,64.190000,56556200,FinMind
IBIT,NASDAQ,iShares Bitcoin Trust ETF,2025-08-20,1d,64.360000,64.990000,63.740000,64.900000,64.900000,40798800,FinMind
IBIT,NASDAQ,iShares Bitcoin Trust ETF,2025-08-21,1d,64.350000,64.770000,63.540000,63.690000,63.690000,34187100,FinMind
IBIT,NASDAQ,iShares Bitcoin Trust ETF,2025-08-22,1d,63.800000,66.750000,63.560000,66.250000,66.250000,66739200,FinMind
IBIT,NASDAQ,iShares Bitcoin Trust ETF,2025-08-25,1d,63.450000,64.190000,62.760000,62.880000,62.880000,55863400,FinMind
IBIT,NASDAQ,iShares Bitcoin Trust ETF,2025-08-26,1d,62.410000,63.180000,62.110000,63.100000,63.100000,41469300,FinMind
IBIT,NASDAQ,iShares Bitcoin Trust ETF,2025-08-27,1d,63.240000,64.020000,63.040000,63.650000,63.650000,33800800,FinMind
IBIT,NASDAQ,iShares Bitcoin Trust ETF,2025-08-28,1d,64.210000,64.380000,63.560000,63.580000,63.580000,30895800,FinMind
IBIT,NASDAQ,iShares Bitcoin Trust ETF,2025-08-29,1d,62.780000,62.830000,61.310000,61.440000,61.440000,52647000,FinMind
IBIT,NASDAQ,iShares Bitcoin Trust ETF,2025-09-02,1d,62.130000,63.540000,61.940000,62.970000,62.970000,46457400,FinMind
IBIT,NASDAQ,iShares Bitcoin Trust ETF,2025-09-03,1d,63.260000,64.000000,63.140000,63.770000,63.770000,34218100,FinMind
IBIT,NASDAQ,iShares Bitcoin Trust ETF,2025-09-04,1d,62.930000,63.010000,62.060000,62.350000,62.350000,32780400,FinMind
IBIT,NASDAQ,iShares Bitcoin Trust ETF,2025-09-05,1d,64.120000,64.350000,62.540000,63.420000,63.420000,47921800,FinMind
IBIT,NASDAQ,iShares Bitcoin Trust ETF,2025-09-08,1d,63.760000,64.190000,63.530000,63.700000,63.700000,37129800,FinMind
IBIT,NASDAQ,iShares Bitcoin Trust ETF,2025-09-09,1d,64.100000,64.190000,62.870000,63.220000,63.220000,36145400,FinMind
IBIT,NASDAQ,iShares Bitcoin Trust ETF,2025-09-10,1d,64.600000,65.030000,64.270000,64.530000,64.530000,45183000,FinMind
IBIT,NASDAQ,iShares Bitcoin Trust ETF,2025-09-11,1d,64.620000,65.210000,64.570000,65.030000,65.030000,34658200,FinMind
IBIT,NASDAQ,iShares Bitcoin Trust ETF,2025-09-12,1d,65.320000,66.450000,65.220000,66.380000,66.380000,48551100,FinMind
IBIT,NASDAQ,iShares Bitcoin Trust ETF,2025-09-15,1d,65.360000,65.660000,64.930000,65.500000,65.500000,34018400,FinMind
IBIT,NASDAQ,iShares Bitcoin Trust ETF,2025-09-16,1d,65.570000,66.470000,65.140000,66.370000,66.370000,33920600,FinMind
IBIT,NASDAQ,iShares Bitcoin Trust ETF,2025-09-17,1d,66.030000,66.190000,65.100000,65.670000,65.670000,46293700,FinMind
IBIT,NASDAQ,iShares Bitcoin Trust ETF,2025-09-18,1d,66.730000,67.040000,66.480000,66.750000,66.750000,38481200,FinMind
IBIT,NASDAQ,iShares Bitcoin Trust ETF,2025-09-19,1d,66.010000,66.200000,65.340000,65.370000,65.370000,32989400,FinMind
IBIT,NASDAQ,iShares Bitcoin Trust ETF,2025-09-22,1d,64.180000,64.460000,63.580000,63.650000,63.650000,42504100,FinMind
IBIT,NASDAQ,iShares Bitcoin Trust ETF,2025-09-23,1d,64.160000,64.390000,63.330000,63.410000,63.410000,40145000,FinMind
IBIT,NASDAQ,iShares Bitcoin Trust ETF,2025-09-24,1d,64.200000,64.780000,64.070000,64.420000,64.420000,30977600,FinMind
IBIT,NASDAQ,iShares Bitcoin Trust ETF,2025-09-25,1d,63.380000,63.430000,61.580000,62.100000,62.100000,63817400,FinMind
IBIT,NASDAQ,iShares Bitcoin Trust ETF,2025-09-26,1d,62.010000,62.650000,61.670000,61.940000,61.940000,48826000,FinMind
IBIT,NASDAQ,iShares Bitcoin Trust ETF,2025-09-29,1d,63.720000,65.040000,63.650000,64.970000,64.970000,51102300,FinMind
IBIT,NASDAQ,iShares Bitcoin Trust ETF,2025-09-30,1d,64.400000,65.110000,64.100000,65.000000,65.000000,38099900,FinMind
IBIT,NASDAQ,iShares Bitcoin Trust ETF,2025-10-01,1d,66.300000,67.230000,66.150000,66.740000,66.740000,57783300,FinMind
IBIT,NASDAQ,iShares Bitcoin Trust ETF,2025-10-02,1d,67.760000,68.840000,67.370000,68.770000,68.770000,62252200,FinMind
IBIT,NASDAQ,iShares Bitcoin Trust ETF,2025-10-03,1d,68.610000,70.530000,68.220000,69.810000,69.810000,83244100,FinMind
IBIT,NASDAQ,iShares Bitcoin Trust ETF,2025-10-06,1d,71.010000,71.820000,70.710000,71.290000,71.290000,68777400,FinMind
IBIT,NASDAQ,iShares Bitcoin Trust ETF,2025-10-07,1d,70.970000,71.000000,68.530000,69.130000,69.130000,81680200,FinMind
IBIT,NASDAQ,iShares Bitcoin Trust ETF,2025-10-08,1d,69.580000,70.590000,69.120000,70.060000,70.060000,54245600,FinMind
IBIT,NASDAQ,iShares Bitcoin Trust ETF,2025-10-09,1d,70.150000,70.160000,67.950000,68.740000,68.740000,55757600,FinMind
IBIT,NASDAQ,iShares Bitcoin Trust ETF,2025-10-10,1d,69.320000,69.660000,65.800000,66.200000,66.200000,104949200,FinMind
IBIT,NASDAQ,iShares Bitcoin Trust ETF,2025-10-13,1d,64.960000,65.880000,64.620000,65.810000,65.810000,71877400,FinMind
IBIT,NASDAQ,iShares Bitcoin Trust ETF,2025-10-14,1d,62.910000,64.530000,62.370000,63.910000,63.910000,75710400,FinMind
IBIT,NASDAQ,iShares Bitcoin Trust ETF,2025-10-15,1d,63.290000,63.770000,62.490000,63.170000,63.170000,49569100,FinMind
IBIT,NASDAQ,iShares Bitcoin Trust ETF,2025-10-16,1d,63.100000,63.300000,61.010000,61.430000,61.430000,89080600,FinMind
IBIT,NASDAQ,iShares Bitcoin Trust ETF,2025-10-17,1d,59.890000,61.030000,59.310000,60.470000,60.470000,94055300,FinMind
IBIT,NASDAQ,iShares Bitcoin Trust ETF,2025-10-20,1d,62.880000,63.440000,62.360000,62.930000,62.930000,51770200,FinMind
IBIT,NASDAQ,iShares Bitcoin Trust ETF,2025-10-21,1d,61.730000,64.800000,61.420000,63.490000,63.490000,82011100,FinMind
IBIT,NASDAQ,iShares Bitcoin Trust ETF,2025-10-22,1d,61.420000,61.970000,60.960000,61.210000,61.210000,72451100,FinMind
IBIT,NASDAQ,iShares Bitcoin Trust ETF,2025-10-23,1d,61.960000,63.240000,61.710000,62.560000,62.560000,41591300,FinMind
IBIT,NASDAQ,iShares Bitcoin Trust ETF,2025-10-24,1d,63.170000,63.260000,62.290000,62.830000,62.830000,39980900,FinMind
IBIT,NASDAQ,iShares Bitcoin Trust ETF,2025-10-27,1d,65.380000,65.760000,65.000000,65.280000,65.280000,49298000,FinMind
IBIT,NASDAQ,iShares Bitcoin Trust ETF,2025-10-28,1d,65.350000,65.970000,64.410000,64.490000,64.490000,47609800,FinMind
IBIT,NASDAQ,iShares Bitcoin Trust ETF,2025-10-29,1d,64.490000,64.510000,62.000000,62.750000,62.750000,76944400,FinMind
IBIT,NASDAQ,iShares Bitcoin Trust ETF,2025-10-30,1d,61.530000,61.590000,60.280000,60.400000,60.400000,57355600,FinMind
IBIT,NASDAQ,iShares Bitcoin Trust ETF,2025-10-31,1d,62.350000,63.030000,61.620000,62.300000,62.300000,47300700,FinMind
IBIT,NASDAQ,iShares Bitcoin Trust ETF,2025-11-03,1d,61.010000,61.390000,59.740000,60.530000,60.530000,51820400,FinMind
IBIT,NASDAQ,iShares Bitcoin Trust ETF,2025-11-04,1d,58.880000,59.490000,56.490000,57.180000,57.180000,105318000,FinMind
IBIT,NASDAQ,iShares Bitcoin Trust ETF,2025-11-05,1d,58.260000,59.390000,57.960000,58.920000,58.920000,51487200,FinMind
IBIT,NASDAQ,iShares Bitcoin Trust ETF,2025-11-06,1d,58.400000,58.410000,56.900000,57.260000,57.260000,54876200,FinMind
IBIT,NASDAQ,iShares Bitcoin Trust ETF,2025-11-07,1d,56.880000,58.960000,56.390000,58.880000,58.880000,64022300,FinMind
IBIT,NASDAQ,iShares Bitcoin Trust ETF,2025-11-10,1d,60.300000,60.360000,59.400000,60.190000,60.190000,51036700,FinMind
IBIT,NASDAQ,iShares Bitcoin Trust ETF,2025-11-11,1d,59.330000,59.410000,58.250000,58.350000,58.350000,33993800,FinMind
IBIT,NASDAQ,iShares Bitcoin Trust ETF,2025-11-12,1d,59.470000,59.560000,57.170000,57.590000,57.590000,41656400,FinMind
IBIT,NASDAQ,iShares Bitcoin Trust ETF,2025-11-13,1d,58.120000,58.700000,55.480000,55.590000,55.590000,78277800,FinMind
IBIT,NASDAQ,iShares Bitcoin Trust ETF,2025-11-14,1d,54.090000,55.280000,53.380000,53.470000,53.470000,94217100,FinMind
IBIT,NASDAQ,iShares Bitcoin Trust ETF,2025-11-17,1d,53.380000,54.440000,51.700000,52.100000,52.100000,92045900,FinMind
IBIT,NASDAQ,iShares Bitcoin Trust ETF,2025-11-18,1d,52.030000,53.240000,51.600000,52.660000,52.660000,75629000,FinMind
IBIT,NASDAQ,iShares Bitcoin Trust ETF,2025-11-19,1d,51.710000,52.440000,50.200000,50.730000,50.730000,94744600,FinMind
IBIT,NASDAQ,iShares Bitcoin Trust ETF,2025-11-20,1d,51.860000,51.970000,48.740000,48.960000,48.960000,122462500,FinMind
IBIT,NASDAQ,iShares Bitcoin Trust ETF,2025-11-21,1d,47.490000,48.570000,46.680000,47.970000,47.970000,168213500,FinMind
IBIT,NASDAQ,iShares Bitcoin Trust ETF,2025-11-24,1d,48.720000,50.660000,48.330000,50.570000,50.570000,82759100,FinMind
IBIT,NASDAQ,iShares Bitcoin Trust ETF,2025-11-25,1d,49.470000,50.000000,48.840000,49.560000,49.560000,65052800,FinMind
IBIT,NASDAQ,iShares Bitcoin Trust ETF,2025-11-26,1d,49.520000,51.330000,49.170000,51.030000,51.030000,66507200,FinMind
IBIT,NASDAQ,iShares Bitcoin Trust ETF,2025-11-28,1d,52.800000,52.850000,51.230000,51.550000,51.550000,47334600,FinMind
IBIT,NASDAQ,iShares Bitcoin Trust ETF,2025-12-01,1d,48.940000,49.210000,47.550000,48.500000,48.500000,89232100,FinMind
IBIT,NASDAQ,iShares Bitcoin Trust ETF,2025-12-02,1d,50.330000,52.390000,50.150000,51.670000,51.670000,72757600,FinMind
IBIT,NASDAQ,iShares Bitcoin Trust ETF,2025-12-03,1d,52.550000,53.180000,52.080000,52.740000,52.740000,57151700,FinMind
IBIT,NASDAQ,iShares Bitcoin Trust ETF,2025-12-04,1d,52.670000,52.930000,51.580000,52.510000,52.510000,40571700,FinMind
IBIT,NASDAQ,iShares Bitcoin Trust ETF,2025-12-05,1d,51.350000,51.940000,50.030000,50.690000,50.690000,55578500,FinMind
IBIT,NASDAQ,iShares Bitcoin Trust ETF,2025-12-08,1d,51.830000,52.060000,50.830000,51.520000,51.520000,43121800,FinMind
IBIT,NASDAQ,iShares Bitcoin Trust ETF,2025-12-09,1d,51.230000,53.720000,51.060000,52.850000,52.850000,55905900,FinMind
IBIT,NASDAQ,iShares Bitcoin Trust ETF,2025-12-10,1d,52.190000,53.650000,51.960000,52.490000,52.490000,56217000,FinMind
IBIT,NASDAQ,iShares Bitcoin Trust ETF,2025-12-11,1d,51.160000,52.120000,50.650000,52.100000,52.100000,50372600,FinMind
IBIT,NASDAQ,iShares Bitcoin Trust ETF,2025-12-12,1d,52.310000,52.620000,50.760000,51.200000,51.200000,47356200,FinMind
IBIT,NASDAQ,iShares Bitcoin Trust ETF,2025-12-15,1d,50.720000,51.000000,48.280000,48.660000,48.660000,73130500,FinMind
IBIT,NASDAQ,iShares Bitcoin Trust ETF,2025-12-16,1d,49.310000,50.020000,49.230000,49.710000,49.710000,56074700,FinMind
IBIT,NASDAQ,iShares Bitcoin Trust ETF,2025-12-17,1d,49.770000,51.260000,48.360000,48.710000,48.710000,79012800,FinMind
IBIT,NASDAQ,iShares Bitcoin Trust ETF,2025-12-18,1d,50.200000,50.690000,47.870000,47.960000,47.960000,71534600,FinMind
IBIT,NASDAQ,iShares Bitcoin Trust ETF,2025-12-19,1d,49.920000,50.710000,49.220000,49.910000,49.910000,62739200,FinMind
IBIT,NASDAQ,iShares Bitcoin Trust ETF,2025-12-22,1d,51.010000,51.290000,49.820000,50.090000,50.090000,50019100,FinMind
IBIT,NASDAQ,iShares Bitcoin Trust ETF,2025-12-23,1d,49.680000,50.090000,49.070000,49.650000,49.650000,43757600,FinMind
IBIT,NASDAQ,iShares Bitcoin Trust ETF,2025-12-24,1d,49.460000,49.700000,48.960000,49.460000,49.460000,22759300,FinMind
IBIT,NASDAQ,iShares Bitcoin Trust ETF,2025-12-26,1d,50.440000,50.500000,49.070000,49.610000,49.610000,38333100,FinMind
IBIT,NASDAQ,iShares Bitcoin Trust ETF,2025-12-29,1d,49.630000,49.990000,49.310000,49.380000,49.380000,32269300,FinMind
IBIT,NASDAQ,iShares Bitcoin Trust ETF,2025-12-30,1d,49.950000,50.730000,49.780000,49.830000,49.830000,44071800,FinMind
IBIT,NASDAQ,iShares Bitcoin Trust ETF,2025-12-31,1d,50.430000,50.430000,49.400000,49.650000,49.650000,33834300,FinMind
IBIT,NASDAQ,iShares Bitcoin Trust ETF,2026-01-02,1d,50.380000,51.660000,50.140000,50.940000,50.940000,65968800,FinMind
IBIT,NASDAQ,iShares Bitcoin Trust ETF,2026-01-05,1d,52.610000,53.820000,52.380000,53.460000,53.460000,76547400,FinMind
IBIT,NASDAQ,iShares Bitcoin Trust ETF,2026-01-06,1d,53.540000,53.550000,51.720000,52.450000,52.450000,54907400,FinMind
IBIT,NASDAQ,iShares Bitcoin Trust ETF,2026-01-07,1d,51.860000,52.230000,51.370000,51.540000,51.540000,44367000,FinMind
IBIT,NASDAQ,iShares Bitcoin Trust ETF,2026-01-08,1d,50.760000,51.840000,50.560000,51.520000,51.520000,42787300,FinMind
IBIT,NASDAQ,iShares Bitcoin Trust ETF,2026-01-09,1d,51.350000,52.180000,50.890000,51.160000,51.160000,39688400,FinMind
IBIT,NASDAQ,iShares Bitcoin Trust ETF,2026-01-12,1d,51.140000,52.380000,51.070000,51.870000,51.870000,40729100,FinMind
IBIT,NASDAQ,iShares Bitcoin Trust ETF,2026-01-13,1d,52.390000,53.660000,52.220000,53.570000,53.570000,65696700,FinMind
IBIT,NASDAQ,iShares Bitcoin Trust ETF,2026-01-14,1d,54.260000,55.600000,54.080000,55.440000,55.440000,85891200,FinMind
IBIT,NASDAQ,iShares Bitcoin Trust ETF,2026-01-15,1d,54.910000,55.050000,53.930000,54.000000,54.000000,50521000,FinMind
IBIT,NASDAQ,iShares Bitcoin Trust ETF,2026-01-16,1d,54.300000,54.370000,53.430000,54.240000,54.240000,43292300,FinMind
IBIT,NASDAQ,iShares Bitcoin Trust ETF,2026-01-20,1d,51.540000,51.780000,50.550000,50.760000,50.760000,76481100,FinMind
IBIT,NASDAQ,iShares Bitcoin Trust ETF,2026-01-21,1d,50.760000,51.340000,49.400000,51.110000,51.110000,70127800,FinMind
IBIT,NASDAQ,iShares Bitcoin Trust ETF,2026-01-22,1d,50.760000,50.980000,50.120000,50.670000,50.670000,49100900,FinMind
IBIT,NASDAQ,iShares Bitcoin Trust ETF,2026-01-23,1d,50.810000,51.710000,50.140000,50.700000,50.700000,48026600,FinMind
IBIT,NASDAQ,iShares Bitcoin Trust ETF,2026-01-26,1d,49.690000,50.350000,49.320000,49.650000,49.650000,43973100,FinMind
IBIT,NASDAQ,iShares Bitcoin Trust ETF,2026-01-27,1d,49.990000,50.700000,49.410000,50.630000,50.630000,51840700,FinMind
IBIT,NASDAQ,iShares Bitcoin Trust ETF,2026-01-28,1d,50.990000,51.310000,50.340000,50.510000,50.510000,42931400,FinMind
IBIT,NASDAQ,iShares Bitcoin Trust ETF,2026-01-29,1d,49.700000,49.790000,47.120000,47.600000,47.600000,113944200,FinMind
IBIT,NASDAQ,iShares Bitcoin Trust ETF,2026-01-30,1d,46.970000,47.970000,46.370000,47.490000,47.490000,72346100,FinMind
IBIT,NASDAQ,iShares Bitcoin Trust ETF,2026-02-02,1d,44.250000,45.010000,43.970000,44.220000,44.220000,106528100,FinMind
IBIT,NASDAQ,iShares Bitcoin Trust ETF,2026-02-03,1d,44.460000,44.460000,41.290000,43.300000,43.300000,125821800,FinMind
IBIT,NASDAQ,iShares Bitcoin Trust ETF,2026-02-04,1d,42.630000,42.890000,40.800000,41.570000,41.570000,110932700,FinMind
IBIT,NASDAQ,iShares Bitcoin Trust ETF,2026-02-05,1d,39.700000,40.150000,35.300000,36.100000,36.100000,284371500,FinMind
IBIT,NASDAQ,iShares Bitcoin Trust ETF,2026-02-06,1d,38.050000,40.570000,38.010000,39.680000,39.680000,163384200,FinMind
IBIT,NASDAQ,iShares Bitcoin Trust ETF,2026-02-09,1d,39.120000,40.350000,38.810000,40.110000,40.110000,77526100,FinMind
IBIT,NASDAQ,iShares Bitcoin Trust ETF,2026-02-10,1d,39.220000,39.700000,38.490000,38.970000,38.970000,61505400,FinMind
IBIT,NASDAQ,iShares Bitcoin Trust ETF,2026-02-11,1d,38.560000,38.690000,37.240000,38.290000,38.290000,71103800,FinMind
IBIT,NASDAQ,iShares Bitcoin Trust ETF,2026-02-12,1d,38.520000,38.720000,36.880000,37.050000,37.050000,62511900,FinMind
IBIT,NASDAQ,iShares Bitcoin Trust ETF,2026-02-13,1d,38.160000,39.380000,37.890000,38.970000,38.970000,65553100,FinMind
IBIT,NASDAQ,iShares Bitcoin Trust ETF,2026-02-17,1d,38.540000,38.690000,37.740000,38.390000,38.390000,54882700,FinMind
IBIT,NASDAQ,iShares Bitcoin Trust ETF,2026-02-18,1d,38.000000,38.750000,37.300000,37.540000,37.540000,50091300,FinMind
IBIT,NASDAQ,iShares Bitcoin Trust ETF,2026-02-19,1d,37.380000,38.100000,37.200000,38.070000,38.070000,44587900,FinMind
IBIT,NASDAQ,iShares Bitcoin Trust ETF,2026-02-20,1d,37.990000,38.610000,37.720000,38.420000,38.420000,62202100,FinMind
IBIT,NASDAQ,iShares Bitcoin Trust ETF,2026-02-23,1d,37.470000,37.560000,36.200000,36.550000,36.550000,61935300,FinMind
IBIT,NASDAQ,iShares Bitcoin Trust ETF,2026-02-24,1d,35.720000,36.710000,35.600000,36.530000,36.530000,47064700,FinMind
IBIT,NASDAQ,iShares Bitcoin Trust ETF,2026-02-25,1d,37.750000,39.460000,37.530000,39.230000,39.230000,79921100,FinMind
IBIT,NASDAQ,iShares Bitcoin Trust ETF,2026-02-26,1d,38.620000,38.720000,37.710000,38.260000,38.260000,51941100,FinMind
IBIT,NASDAQ,iShares Bitcoin Trust ETF,2026-02-27,1d,37.500000,37.630000,36.910000,37.190000,37.190000,48597800,FinMind
IBIT,NASDAQ,iShares Bitcoin Trust ETF,2026-03-02,1d,37.190000,39.780000,37.170000,39.190000,39.190000,101283200,FinMind
IBIT,NASDAQ,iShares Bitcoin Trust ETF,2026-03-03,1d,38.030000,39.140000,37.500000,38.700000,38.700000,70667500,FinMind
IBIT,NASDAQ,iShares Bitcoin Trust ETF,2026-03-04,1d,40.700000,42.020000,40.440000,41.440000,41.440000,115483500,FinMind
IBIT,NASDAQ,iShares Bitcoin Trust ETF,2026-03-05,1d,41.140000,41.310000,40.030000,40.390000,40.390000,61402200,FinMind
IBIT,NASDAQ,iShares Bitcoin Trust ETF,2026-03-06,1d,39.110000,39.190000,38.380000,38.600000,38.600000,57220300,FinMind
IBIT,NASDAQ,iShares Bitcoin Trust ETF,2026-03-09,1d,38.990000,39.440000,38.690000,39.130000,39.130000,73613500,FinMind
IBIT,NASDAQ,iShares Bitcoin Trust ETF,2026-03-10,1d,40.190000,40.720000,39.290000,39.710000,39.710000,62965500,FinMind
IBIT,NASDAQ,iShares Bitcoin Trust ETF,2026-03-11,1d,39.830000,40.470000,39.520000,40.070000,40.070000,46499500,FinMind
IBIT,NASDAQ,iShares Bitcoin Trust ETF,2026-03-12,1d,39.760000,40.080000,39.310000,39.950000,39.950000,42455300,FinMind
IBIT,NASDAQ,iShares Bitcoin Trust ETF,2026-03-13,1d,41.430000,41.970000,40.170000,40.370000,40.370000,83099400,FinMind
IBIT,NASDAQ,iShares Bitcoin Trust ETF,2026-03-16,1d,41.920000,42.280000,41.380000,41.940000,41.940000,61056300,FinMind
IBIT,NASDAQ,iShares Bitcoin Trust ETF,2026-03-17,1d,41.790000,42.500000,41.610000,42.270000,42.270000,41259400,FinMind
IBIT,NASDAQ,iShares Bitcoin Trust ETF,2026-03-18,1d,41.090000,41.130000,40.170000,40.260000,40.260000,64030000,FinMind
IBIT,NASDAQ,iShares Bitcoin Trust ETF,2026-03-19,1d,39.290000,40.030000,39.000000,39.820000,39.820000,58778600,FinMind
IBIT,NASDAQ,iShares Bitcoin Trust ETF,2026-03-20,1d,39.970000,40.000000,39.330000,39.770000,39.770000,50329600,FinMind
IBIT,NASDAQ,iShares Bitcoin Trust ETF,2026-03-23,1d,40.130000,40.720000,39.720000,40.050000,40.050000,49007900,FinMind
IBIT,NASDAQ,iShares Bitcoin Trust ETF,2026-03-24,1d,40.000000,40.120000,39.040000,39.280000,39.280000,54512900,FinMind
IBIT,NASDAQ,iShares Bitcoin Trust ETF,2026-03-25,1d,40.600000,40.800000,39.980000,40.170000,40.170000,41787900,FinMind
IBIT,NASDAQ,iShares Bitcoin Trust ETF,2026-03-26,1d,39.310000,39.580000,38.590000,38.820000,38.820000,43649100,FinMind
IBIT,NASDAQ,iShares Bitcoin Trust ETF,2026-03-27,1d,37.790000,37.820000,37.130000,37.400000,37.400000,66924500,FinMind
IBIT,NASDAQ,iShares Bitcoin Trust ETF,2026-03-30,1d,38.450000,38.550000,37.500000,37.680000,37.680000,41352900,FinMind
IBIT,NASDAQ,iShares Bitcoin Trust ETF,2026-03-31,1d,37.820000,38.850000,37.620000,38.420000,38.420000,51580700,FinMind
IBIT,NASDAQ,iShares Bitcoin Trust ETF,2026-04-01,1d,38.850000,39.210000,38.470000,38.640000,38.640000,34296500,FinMind
IBIT,NASDAQ,iShares Bitcoin Trust ETF,2026-04-02,1d,37.490000,38.240000,37.240000,37.970000,37.970000,34264400,FinMind
IBIT,NASDAQ,iShares Bitcoin Trust ETF,2026-04-06,1d,39.380000,39.900000,39.210000,39.520000,39.520000,40428400,FinMind
IBIT,NASDAQ,iShares Bitcoin Trust ETF,2026-04-07,1d,38.810000,39.160000,38.370000,39.100000,39.100000,30502000,FinMind
IBIT,NASDAQ,iShares Bitcoin Trust ETF,2026-04-08,1d,41.080000,41.150000,40.040000,40.420000,40.420000,60582600,FinMind
IBIT,NASDAQ,iShares Bitcoin Trust ETF,2026-04-09,1d,40.320000,41.150000,39.960000,40.910000,40.910000,33030900,FinMind
IBIT,NASDAQ,iShares Bitcoin Trust ETF,2026-04-10,1d,41.000000,41.590000,40.760000,41.560000,41.560000,34798000,FinMind
IBIT,NASDAQ,iShares Bitcoin Trust ETF,2026-04-13,1d,40.350000,41.670000,40.140000,41.590000,41.590000,42989000,FinMind
IBIT,NASDAQ,iShares Bitcoin Trust ETF,2026-04-14,1d,42.250000,43.190000,41.870000,42.130000,42.130000,68489800,FinMind
IBIT,NASDAQ,iShares Bitcoin Trust ETF,2026-04-15,1d,42.190000,42.690000,41.720000,42.560000,42.560000,35561300,FinMind
IBIT,NASDAQ,iShares Bitcoin Trust ETF,2026-04-16,1d,42.490000,42.770000,41.510000,42.730000,42.730000,37189200,FinMind
IBIT,NASDAQ,iShares Bitcoin Trust ETF,2026-04-17,1d,43.450000,44.460000,43.220000,43.940000,43.940000,80357500,FinMind
IBIT,NASDAQ,iShares Bitcoin Trust ETF,2026-04-20,1d,42.650000,43.380000,42.350000,43.250000,43.250000,37820900,FinMind
IBIT,NASDAQ,iShares Bitcoin Trust ETF,2026-04-21,1d,43.110000,43.420000,42.400000,42.510000,42.510000,30898300,FinMind
IBIT,NASDAQ,iShares Bitcoin Trust ETF,2026-04-22,1d,44.500000,45.080000,44.380000,44.750000,44.750000,51415300,FinMind
IBIT,NASDAQ,iShares Bitcoin Trust ETF,2026-04-23,1d,43.990000,44.610000,43.620000,44.050000,44.050000,40169200,FinMind
IBIT,NASDAQ,iShares Bitcoin Trust ETF,2026-04-24,1d,44.320000,44.410000,43.850000,44.020000,44.020000,28637100,FinMind
IBIT,NASDAQ,iShares Bitcoin Trust ETF,2026-04-27,1d,44.030000,44.370000,43.330000,43.560000,43.560000,31999800,FinMind
IBIT,NASDAQ,iShares Bitcoin Trust ETF,2026-04-28,1d,43.170000,43.320000,42.850000,43.270000,43.270000,23774400,FinMind
IBIT,NASDAQ,iShares Bitcoin Trust ETF,2026-04-29,1d,43.560000,43.590000,42.440000,42.750000,42.750000,33991100,FinMind
IBIT,NASDAQ,iShares Bitcoin Trust ETF,2026-04-30,1d,43.150000,43.470000,43.100000,43.320000,43.320000,22965200,FinMind
IBIT,NASDAQ,iShares Bitcoin Trust ETF,2026-05-01,1d,44.400000,44.790000,44.240000,44.470000,44.470000,46151400,FinMind
IBIT,NASDAQ,iShares Bitcoin Trust ETF,2026-05-04,1d,44.750000,45.790000,44.470000,45.400000,45.400000,62909400,FinMind
IBIT,NASDAQ,iShares Bitcoin Trust ETF,2026-05-05,1d,46.180000,46.330000,45.880000,46.280000,46.280000,43996200,FinMind
IBIT,NASDAQ,iShares Bitcoin Trust ETF,2026-05-06,1d,46.410000,46.510000,45.960000,46.190000,46.190000,36051300,FinMind
IBIT,NASDAQ,iShares Bitcoin Trust ETF,2026-05-07,1d,45.870000,45.880000,45.020000,45.400000,45.400000,31868200,FinMind
IBIT,NASDAQ,iShares Bitcoin Trust ETF,2026-05-08,1d,45.080000,45.580000,45.030000,45.450000,45.450000,24590800,FinMind
IBIT,NASDAQ,iShares Bitcoin Trust ETF,2026-05-11,1d,45.960000,46.560000,45.550000,46.470000,46.470000,31097100,FinMind
IBIT,NASDAQ,iShares Bitcoin Trust ETF,2026-05-12,1d,45.680000,45.830000,45.210000,45.800000,45.800000,27407800,FinMind
IBIT,NASDAQ,iShares Bitcoin Trust ETF,2026-05-13,1d,45.390000,45.440000,44.580000,45.120000,45.120000,32419900,FinMind
IBIT,NASDAQ,iShares Bitcoin Trust ETF,2026-05-14,1d,45.280000,46.530000,45.070000,46.170000,46.170000,44670300,FinMind
IBIT,NASDAQ,iShares Bitcoin Trust ETF,2026-05-15,1d,45.320000,45.330000,44.500000,44.820000,44.820000,39817900,FinMind
IBIT,NASDAQ,iShares Bitcoin Trust ETF,2026-05-18,1d,43.740000,43.760000,43.030000,43.530000,43.530000,55893800,FinMind
IBIT,NASDAQ,iShares Bitcoin Trust ETF,2026-05-19,1d,43.340000,43.630000,43.080000,43.500000,43.500000,25399900,FinMind
IBIT,NASDAQ,iShares Bitcoin Trust ETF,2026-05-20,1d,43.750000,44.080000,43.510000,43.990000,43.990000,21838300,FinMind
IBIT,NASDAQ,iShares Bitcoin Trust ETF,2026-05-21,1d,43.750000,44.220000,43.400000,44.000000,44.000000,25781200,FinMind
IBIT,NASDAQ,iShares Bitcoin Trust ETF,2026-05-22,1d,43.740000,43.790000,42.810000,42.960000,42.960000,30066000,FinMind
IBIT,NASDAQ,iShares Bitcoin Trust ETF,2026-05-26,1d,43.450000,44.240000,42.830000,42.990000,42.990000,84084900,FinMind
IBIT,NASDAQ,iShares Bitcoin Trust ETF,2026-05-27,1d,42.510000,42.700000,42.220000,42.450000,42.450000,35159200,FinMind
IBIT,NASDAQ,iShares Bitcoin Trust ETF,2026-05-28,1d,41.370000,41.720000,41.030000,41.560000,41.560000,42607600,FinMind
IBIT,NASDAQ,iShares Bitcoin Trust ETF,2026-05-29,1d,41.330000,42.080000,41.010000,41.630000,41.630000,40077700,FinMind
IBIT,NASDAQ,iShares Bitcoin Trust ETF,2026-06-01,1d,40.620000,40.750000,39.960000,40.490000,40.490000,54539200,FinMind
IBIT,NASDAQ,iShares Bitcoin Trust ETF,2026-06-02,1d,39.020000,39.090000,37.570000,38.050000,38.050000,74937844,FinMind
MSFT,NASDAQ,Microsoft Corporation,2025-06-03,1d,461.470000,464.140000,460.860000,462.970000,459.300000,15743800,FinMind
MSFT,NASDAQ,Microsoft Corporation,2025-06-04,1d,464.000000,465.690000,463.020000,463.870000,460.190000,14162700,FinMind
MSFT,NASDAQ,Microsoft Corporation,2025-06-05,1d,464.960000,469.650000,464.030000,467.680000,463.970000,20131700,FinMind
MSFT,NASDAQ,Microsoft Corporation,2025-06-06,1d,470.090000,473.340000,468.780000,470.380000,466.650000,15285600,FinMind
MSFT,NASDAQ,Microsoft Corporation,2025-06-09,1d,469.700000,473.430000,468.620000,472.750000,469.000000,16469900,FinMind
MSFT,NASDAQ,Microsoft Corporation,2025-06-10,1d,471.190000,472.800000,466.960000,470.920000,467.190000,15375900,FinMind
MSFT,NASDAQ,Microsoft Corporation,2025-06-11,1d,470.020000,475.470000,469.660000,472.620000,468.870000,16399200,FinMind
MSFT,NASDAQ,Microsoft Corporation,2025-06-12,1d,475.020000,480.420000,473.520000,478.870000,475.080000,18950600,FinMind
MSFT,NASDAQ,Microsoft Corporation,2025-06-13,1d,476.410000,479.180000,472.760000,474.960000,471.200000,16814500,FinMind
MSFT,NASDAQ,Microsoft Corporation,2025-06-16,1d,475.210000,480.690000,475.000000,479.140000,475.340000,15626100,FinMind
MSFT,NASDAQ,Microsoft Corporation,2025-06-17,1d,475.400000,478.740000,474.080000,478.040000,474.250000,15414100,FinMind
MSFT,NASDAQ,Microsoft Corporation,2025-06-18,1d,478.000000,481.000000,474.460000,480.240000,476.430000,17526500,FinMind
MSFT,NASDAQ,Microsoft Corporation,2025-06-20,1d,482.230000,483.460000,476.870000,477.400000,473.620000,37576200,FinMind
MSFT,NASDAQ,Microsoft Corporation,2025-06-23,1d,478.210000,487.750000,472.510000,486.000000,482.150000,24864000,FinMind
MSFT,NASDAQ,Microsoft Corporation,2025-06-24,1d,488.950000,491.850000,486.800000,490.110000,486.230000,22305600,FinMind
MSFT,NASDAQ,Microsoft Corporation,2025-06-25,1d,492.040000,494.560000,489.390000,492.270000,488.370000,17495100,FinMind
MSFT,NASDAQ,Microsoft Corporation,2025-06-26,1d,492.980000,498.040000,492.810000,497.450000,493.510000,21578900,FinMind
MSFT,NASDAQ,Microsoft Corporation,2025-06-27,1d,497.550000,499.300000,493.030000,495.940000,492.010000,34539200,FinMind
MSFT,NASDAQ,Microsoft Corporation,2025-06-30,1d,497.040000,500.760000,495.330000,497.410000,493.470000,28369000,FinMind
MSFT,NASDAQ,Microsoft Corporation,2025-07-01,1d,496.470000,498.050000,490.980000,492.050000,488.150000,19945400,FinMind
MSFT,NASDAQ,Microsoft Corporation,2025-07-02,1d,489.990000,493.500000,488.700000,491.090000,487.200000,16319600,FinMind
MSFT,NASDAQ,Microsoft Corporation,2025-07-03,1d,493.810000,500.130000,493.440000,498.840000,494.890000,13984800,FinMind
MSFT,NASDAQ,Microsoft Corporation,2025-07-07,1d,497.380000,498.750000,495.230000,497.720000,493.780000,13981600,FinMind
MSFT,NASDAQ,Microsoft Corporation,2025-07-08,1d,497.240000,498.200000,494.110000,496.620000,492.680000,11846600,FinMind
MSFT,NASDAQ,Microsoft Corporation,2025-07-09,1d,500.300000,506.780000,499.740000,503.510000,499.520000,18659500,FinMind
MSFT,NASDAQ,Microsoft Corporation,2025-07-10,1d,503.050000,504.440000,497.750000,501.480000,497.510000,16492100,FinMind
MSFT,NASDAQ,Microsoft Corporation,2025-07-11,1d,498.470000,505.030000,497.800000,503.320000,499.330000,16459500,FinMind
MSFT,NASDAQ,Microsoft Corporation,2025-07-14,1d,501.520000,503.970000,501.030000,503.020000,499.030000,12058800,FinMind
MSFT,NASDAQ,Microsoft Corporation,2025-07-15,1d,503.020000,508.300000,502.790000,505.820000,501.810000,14927200,FinMind
MSFT,NASDAQ,Microsoft Corporation,2025-07-16,1d,505.180000,506.720000,501.890000,505.620000,501.610000,15154400,FinMind
MSFT,NASDAQ,Microsoft Corporation,2025-07-17,1d,505.680000,513.370000,505.620000,511.700000,507.650000,17503100,FinMind
MSFT,NASDAQ,Microsoft Corporation,2025-07-18,1d,514.480000,514.640000,507.430000,510.050000,506.010000,21209700,FinMind
MSFT,NASDAQ,Microsoft Corporation,2025-07-21,1d,506.710000,512.090000,505.550000,510.060000,506.020000,14066800,FinMind
MSFT,NASDAQ,Microsoft Corporation,2025-07-22,1d,510.970000,511.200000,505.270000,505.270000,501.270000,13868600,FinMind
MSFT,NASDAQ,Microsoft Corporation,2025-07-23,1d,506.750000,506.790000,500.700000,505.870000,501.860000,16396600,FinMind
MSFT,NASDAQ,Microsoft Corporation,2025-07-24,1d,508.770000,513.670000,507.300000,510.880000,506.830000,16107000,FinMind
MSFT,NASDAQ,Microsoft Corporation,2025-07-25,1d,512.470000,518.290000,510.360000,513.710000,509.640000,19125700,FinMind
MSFT,NASDAQ,Microsoft Corporation,2025-07-28,1d,514.080000,515.000000,510.120000,512.500000,508.440000,14308000,FinMind
MSFT,NASDAQ,Microsoft Corporation,2025-07-29,1d,515.530000,517.620000,511.560000,512.570000,508.510000,16469200,FinMind
MSFT,NASDAQ,Microsoft Corporation,2025-07-30,1d,515.170000,515.950000,509.440000,513.240000,509.170000,26380400,FinMind
MSFT,NASDAQ,Microsoft Corporation,2025-07-31,1d,555.230000,555.450000,531.900000,533.500000,529.270000,51617300,FinMind
MSFT,NASDAQ,Microsoft Corporation,2025-08-01,1d,535.000000,535.800000,520.860000,524.110000,519.960000,28977600,FinMind
MSFT,NASDAQ,Microsoft Corporation,2025-08-04,1d,528.270000,538.250000,528.130000,535.640000,531.400000,25349000,FinMind
MSFT,NASDAQ,Microsoft Corporation,2025-08-05,1d,537.180000,537.300000,527.240000,527.750000,523.570000,19171600,FinMind
MSFT,NASDAQ,Microsoft Corporation,2025-08-06,1d,530.900000,531.700000,524.030000,524.940000,520.780000,21355700,FinMind
MSFT,NASDAQ,Microsoft Corporation,2025-08-07,1d,526.800000,528.090000,517.550000,520.840000,516.710000,16079100,FinMind
MSFT,NASDAQ,Microsoft Corporation,2025-08-08,1d,522.600000,524.660000,519.410000,522.040000,517.900000,15531000,FinMind
MSFT,NASDAQ,Microsoft Corporation,2025-08-11,1d,522.300000,527.590000,519.720000,521.770000,517.640000,20194400,FinMind
MSFT,NASDAQ,Microsoft Corporation,2025-08-12,1d,523.750000,530.980000,522.700000,529.240000,525.050000,18667000,FinMind
MSFT,NASDAQ,Microsoft Corporation,2025-08-13,1d,532.110000,532.700000,519.370000,520.580000,516.450000,19619200,FinMind
MSFT,NASDAQ,Microsoft Corporation,2025-08-14,1d,522.560000,525.950000,520.140000,522.480000,518.340000,20269100,FinMind
MSFT,NASDAQ,Microsoft Corporation,2025-08-15,1d,522.770000,526.100000,519.080000,520.170000,516.050000,25213300,FinMind
MSFT,NASDAQ,Microsoft Corporation,2025-08-18,1d,521.590000,522.820000,514.020000,517.100000,513.000000,23760600,FinMind
MSFT,NASDAQ,Microsoft Corporation,2025-08-19,1d,515.000000,515.160000,508.550000,509.770000,505.730000,21481000,FinMind
MSFT,NASDAQ,Microsoft Corporation,2025-08-20,1d,509.870000,511.000000,504.440000,505.720000,501.710000,27723000,FinMind
MSFT,NASDAQ,Microsoft Corporation,2025-08-21,1d,503.690000,507.630000,502.720000,504.240000,501.070000,18443300,FinMind
MSFT,NASDAQ,Microsoft Corporation,2025-08-22,1d,504.250000,510.730000,502.410000,507.230000,504.040000,24324200,FinMind
MSFT,NASDAQ,Microsoft Corporation,2025-08-25,1d,506.630000,508.190000,504.120000,504.260000,501.090000,21638600,FinMind
MSFT,NASDAQ,Microsoft Corporation,2025-08-26,1d,504.360000,504.980000,498.510000,502.040000,498.880000,30835700,FinMind
MSFT,NASDAQ,Microsoft Corporation,2025-08-27,1d,502.000000,507.290000,499.900000,506.740000,503.550000,17277900,FinMind
MSFT,NASDAQ,Microsoft Corporation,2025-08-28,1d,507.090000,511.090000,505.500000,509.640000,506.430000,18015600,FinMind
MSFT,NASDAQ,Microsoft Corporation,2025-08-29,1d,508.660000,509.600000,504.490000,506.690000,503.500000,20961600,FinMind
MSFT,NASDAQ,Microsoft Corporation,2025-09-02,1d,500.470000,506.000000,496.810000,505.120000,501.940000,18128000,FinMind
MSFT,NASDAQ,Microsoft Corporation,2025-09-03,1d,503.790000,507.790000,502.320000,505.350000,502.170000,16345100,FinMind
MSFT,NASDAQ,Microsoft Corporation,2025-09-04,1d,504.300000,508.150000,503.150000,507.970000,504.770000,15509500,FinMind
MSFT,NASDAQ,Microsoft Corporation,2025-09-05,1d,509.070000,511.970000,492.370000,495.000000,491.880000,31994800,FinMind
MSFT,NASDAQ,Microsoft Corporation,2025-09-08,1d,498.110000,501.200000,495.030000,498.200000,495.060000,16771000,FinMind
MSFT,NASDAQ,Microsoft Corporation,2025-09-09,1d,501.430000,502.250000,497.700000,498.410000,495.270000,14410500,FinMind
MSFT,NASDAQ,Microsoft Corporation,2025-09-10,1d,502.980000,503.230000,496.720000,500.370000,497.220000,21611800,FinMind
MSFT,NASDAQ,Microsoft Corporation,2025-09-11,1d,502.250000,503.170000,497.880000,501.010000,497.860000,18881600,FinMind
MSFT,NASDAQ,Microsoft Corporation,2025-09-12,1d,506.650000,512.550000,503.850000,509.900000,506.690000,23624900,FinMind
MSFT,NASDAQ,Microsoft Corporation,2025-09-15,1d,508.790000,515.470000,507.000000,515.360000,512.120000,17143800,FinMind
MSFT,NASDAQ,Microsoft Corporation,2025-09-16,1d,516.880000,517.230000,508.600000,509.040000,505.840000,19711900,FinMind
MSFT,NASDAQ,Microsoft Corporation,2025-09-17,1d,510.620000,511.290000,505.930000,510.020000,506.810000,15816600,FinMind
MSFT,NASDAQ,Microsoft Corporation,2025-09-18,1d,511.490000,513.070000,507.660000,508.450000,505.250000,18913700,FinMind
MSFT,NASDAQ,Microsoft Corporation,2025-09-19,1d,510.560000,519.300000,510.310000,517.930000,514.670000,52474100,FinMind
MSFT,NASDAQ,Microsoft Corporation,2025-09-22,1d,515.590000,517.740000,512.540000,514.450000,511.210000,20009300,FinMind
MSFT,NASDAQ,Microsoft Corporation,2025-09-23,1d,513.800000,514.590000,507.310000,509.230000,506.030000,19799600,FinMind
MSFT,NASDAQ,Microsoft Corporation,2025-09-24,1d,510.380000,512.480000,506.920000,510.150000,506.940000,13533700,FinMind
MSFT,NASDAQ,Microsoft Corporation,2025-09-25,1d,508.300000,510.010000,505.040000,507.030000,503.840000,15786500,FinMind
MSFT,NASDAQ,Microsoft Corporation,2025-09-26,1d,510.060000,513.940000,506.620000,511.460000,508.240000,16213100,FinMind
MSFT,NASDAQ,Microsoft Corporation,2025-09-29,1d,511.500000,516.850000,508.880000,514.600000,511.360000,17617800,FinMind
MSFT,NASDAQ,Microsoft Corporation,2025-09-30,1d,513.240000,518.160000,509.660000,517.950000,514.690000,19728200,FinMind
MSFT,NASDAQ,Microsoft Corporation,2025-10-01,1d,514.800000,520.510000,511.690000,519.710000,516.440000,22632300,FinMind
MSFT,NASDAQ,Microsoft Corporation,2025-10-02,1d,517.640000,521.600000,510.680000,515.740000,512.490000,21222900,FinMind
MSFT,NASDAQ,Microsoft Corporation,2025-10-03,1d,517.100000,520.490000,515.000000,517.350000,514.090000,15112300,FinMind
MSFT,NASDAQ,Microsoft Corporation,2025-10-06,1d,518.610000,531.030000,518.200000,528.570000,525.240000,21388600,FinMind
MSFT,NASDAQ,Microsoft Corporation,2025-10-07,1d,528.290000,529.800000,521.440000,523.980000,520.680000,14615200,FinMind
MSFT,NASDAQ,Microsoft Corporation,2025-10-08,1d,523.280000,526.950000,523.090000,524.850000,521.550000,13363400,FinMind
MSFT,NASDAQ,Microsoft Corporation,2025-10-09,1d,522.340000,524.330000,517.400000,522.400000,519.110000,18343600,FinMind
MSFT,NASDAQ,Microsoft Corporation,2025-10-10,1d,519.640000,523.580000,509.630000,510.960000,507.740000,24133800,FinMind
MSFT,NASDAQ,Microsoft Corporation,2025-10-13,1d,516.410000,516.410000,511.680000,514.050000,510.810000,14284200,FinMind
MSFT,NASDAQ,Microsoft Corporation,2025-10-14,1d,510.230000,515.280000,506.000000,513.570000,510.340000,14684300,FinMind
MSFT,NASDAQ,Microsoft Corporation,2025-10-15,1d,514.960000,517.190000,510.000000,513.430000,510.200000,14694700,FinMind
MSFT,NASDAQ,Microsoft Corporation,2025-10-16,1d,512.580000,516.850000,508.130000,511.610000,508.390000,15559600,FinMind
MSFT,NASDAQ,Microsoft Corporation,2025-10-17,1d,509.040000,515.480000,507.310000,513.580000,510.350000,19867800,FinMind
MSFT,NASDAQ,Microsoft Corporation,2025-10-20,1d,514.610000,518.700000,513.430000,516.790000,513.540000,14665600,FinMind
MSFT,NASDAQ,Microsoft Corporation,2025-10-21,1d,517.500000,518.690000,513.040000,517.660000,514.400000,15586200,FinMind
MSFT,NASDAQ,Microsoft Corporation,2025-10-22,1d,521.150000,525.230000,517.710000,520.540000,517.260000,18962700,FinMind
MSFT,NASDAQ,Microsoft Corporation,2025-10-23,1d,522.460000,523.950000,518.610000,520.560000,517.280000,14023500,FinMind
MSFT,NASDAQ,Microsoft Corporation,2025-10-24,1d,522.790000,525.350000,520.710000,523.610000,520.310000,15532400,FinMind
MSFT,NASDAQ,Microsoft Corporation,2025-10-27,1d,531.780000,534.580000,529.010000,531.520000,528.170000,18734700,FinMind
MSFT,NASDAQ,Microsoft Corporation,2025-10-28,1d,550.000000,553.720000,540.770000,542.070000,538.660000,29986700,FinMind
MSFT,NASDAQ,Microsoft Corporation,2025-10-29,1d,544.940000,546.270000,536.730000,541.550000,538.140000,36023000,FinMind
MSFT,NASDAQ,Microsoft Corporation,2025-10-30,1d,530.480000,534.970000,522.120000,525.760000,522.450000,41023100,FinMind
MSFT,NASDAQ,Microsoft Corporation,2025-10-31,1d,528.880000,529.320000,515.100000,517.810000,514.550000,34006400,FinMind
MSFT,NASDAQ,Microsoft Corporation,2025-11-03,1d,519.810000,524.960000,514.590000,517.030000,513.780000,22374700,FinMind
MSFT,NASDAQ,Microsoft Corporation,2025-11-04,1d,511.760000,515.550000,507.840000,514.330000,511.090000,20958700,FinMind
MSFT,NASDAQ,Microsoft Corporation,2025-11-05,1d,513.300000,514.830000,506.580000,507.160000,503.970000,23024300,FinMind
MSFT,NASDAQ,Microsoft Corporation,2025-11-06,1d,505.660000,505.700000,495.810000,497.100000,493.970000,27406500,FinMind
MSFT,NASDAQ,Microsoft Corporation,2025-11-07,1d,496.950000,499.380000,493.250000,496.820000,493.690000,24019800,FinMind
MSFT,NASDAQ,Microsoft Corporation,2025-11-10,1d,500.040000,506.850000,498.800000,506.000000,502.820000,26101500,FinMind
MSFT,NASDAQ,Microsoft Corporation,2025-11-11,1d,504.800000,509.600000,502.350000,508.680000,505.480000,17980000,FinMind
MSFT,NASDAQ,Microsoft Corporation,2025-11-12,1d,509.360000,511.670000,499.120000,511.140000,507.920000,26574900,FinMind
MSFT,NASDAQ,Microsoft Corporation,2025-11-13,1d,510.310000,513.500000,501.290000,503.290000,500.120000,25273100,FinMind
MSFT,NASDAQ,Microsoft Corporation,2025-11-14,1d,498.230000,511.600000,497.440000,510.180000,506.970000,28505700,FinMind
MSFT,NASDAQ,Microsoft Corporation,2025-11-17,1d,508.450000,512.120000,504.910000,507.490000,504.300000,19092800,FinMind
MSFT,NASDAQ,Microsoft Corporation,2025-11-18,1d,495.370000,502.980000,486.780000,493.790000,490.680000,33815100,FinMind
MSFT,NASDAQ,Microsoft Corporation,2025-11-19,1d,490.100000,495.190000,482.830000,487.120000,484.050000,23245300,FinMind
MSFT,NASDAQ,Microsoft Corporation,2025-11-20,1d,492.710000,493.570000,475.500000,478.430000,476.310000,26802500,FinMind
MSFT,NASDAQ,Microsoft Corporation,2025-11-21,1d,478.500000,478.920000,468.270000,472.120000,470.030000,31769200,FinMind
MSFT,NASDAQ,Microsoft Corporation,2025-11-24,1d,475.000000,476.900000,468.020000,474.000000,471.900000,34421000,FinMind
MSFT,NASDAQ,Microsoft Corporation,2025-11-25,1d,474.070000,479.150000,464.890000,476.990000,474.880000,28019800,FinMind
MSFT,NASDAQ,Microsoft Corporation,2025-11-26,1d,486.310000,488.310000,481.200000,485.500000,483.350000,25709100,FinMind
MSFT,NASDAQ,Microsoft Corporation,2025-11-28,1d,487.600000,492.630000,486.650000,492.010000,489.830000,14386700,FinMind
MSFT,NASDAQ,Microsoft Corporation,2025-12-01,1d,488.440000,489.860000,484.650000,486.740000,484.580000,23964000,FinMind
MSFT,NASDAQ,Microsoft Corporation,2025-12-02,1d,486.720000,493.500000,486.320000,490.000000,487.830000,19562700,FinMind
MSFT,NASDAQ,Microsoft Corporation,2025-12-03,1d,476.320000,484.240000,475.200000,477.730000,475.610000,34615100,FinMind
MSFT,NASDAQ,Microsoft Corporation,2025-12-04,1d,479.760000,481.320000,476.490000,480.840000,478.710000,22318200,FinMind
MSFT,NASDAQ,Microsoft Corporation,2025-12-05,1d,482.520000,483.400000,478.880000,483.160000,481.020000,22608700,FinMind
MSFT,NASDAQ,Microsoft Corporation,2025-12-08,1d,484.890000,492.300000,484.380000,491.020000,488.840000,21965900,FinMind
MSFT,NASDAQ,Microsoft Corporation,2025-12-09,1d,489.100000,492.120000,488.500000,492.020000,489.840000,14696100,FinMind
MSFT,NASDAQ,Microsoft Corporation,2025-12-10,1d,484.030000,484.250000,475.080000,478.560000,476.440000,35756200,FinMind
MSFT,NASDAQ,Microsoft Corporation,2025-12-11,1d,476.630000,486.030000,475.860000,483.470000,481.330000,24669200,FinMind
MSFT,NASDAQ,Microsoft Corporation,2025-12-12,1d,479.820000,482.450000,476.340000,478.530000,476.410000,21248100,FinMind
MSFT,NASDAQ,Microsoft Corporation,2025-12-15,1d,480.100000,480.720000,472.520000,474.820000,472.710000,23727700,FinMind
MSFT,NASDAQ,Microsoft Corporation,2025-12-16,1d,471.910000,477.890000,470.880000,476.390000,474.280000,20705600,FinMind
MSFT,NASDAQ,Microsoft Corporation,2025-12-17,1d,476.910000,480.000000,475.000000,476.120000,474.010000,24527200,FinMind
MSFT,NASDAQ,Microsoft Corporation,2025-12-18,1d,478.190000,489.600000,477.890000,483.980000,481.830000,28573500,FinMind
MSFT,NASDAQ,Microsoft Corporation,2025-12-19,1d,487.360000,487.850000,482.490000,485.920000,483.770000,70836100,FinMind
MSFT,NASDAQ,Microsoft Corporation,2025-12-22,1d,486.120000,488.730000,482.690000,484.920000,482.770000,16963000,FinMind
MSFT,NASDAQ,Microsoft Corporation,2025-12-23,1d,484.980000,487.830000,484.740000,486.850000,484.690000,14683600,FinMind
MSFT,NASDAQ,Microsoft Corporation,2025-12-24,1d,485.680000,489.160000,484.830000,488.020000,485.860000,5855900,FinMind
MSFT,NASDAQ,Microsoft Corporation,2025-12-26,1d,486.710000,488.120000,485.960000,487.710000,485.550000,8842200,FinMind
MSFT,NASDAQ,Microsoft Corporation,2025-12-29,1d,484.860000,488.350000,484.180000,487.100000,484.940000,10893400,FinMind
MSFT,NASDAQ,Microsoft Corporation,2025-12-30,1d,485.930000,489.680000,485.500000,487.480000,485.320000,13944500,FinMind
MSFT,NASDAQ,Microsoft Corporation,2025-12-31,1d,487.840000,488.140000,483.300000,483.620000,481.480000,15601600,FinMind
MSFT,NASDAQ,Microsoft Corporation,2026-01-02,1d,484.390000,484.660000,470.160000,472.940000,470.840000,25571600,FinMind
MSFT,NASDAQ,Microsoft Corporation,2026-01-05,1d,474.060000,476.070000,469.500000,472.850000,470.750000,25250300,FinMind
MSFT,NASDAQ,Microsoft Corporation,2026-01-06,1d,473.800000,478.740000,469.750000,478.510000,476.390000,23037700,FinMind
MSFT,NASDAQ,Microsoft Corporation,2026-01-07,1d,479.760000,489.700000,477.950000,483.470000,481.330000,25564200,FinMind
MSFT,NASDAQ,Microsoft Corporation,2026-01-08,1d,481.240000,482.660000,475.860000,478.110000,475.990000,18162600,FinMind
MSFT,NASDAQ,Microsoft Corporation,2026-01-09,1d,474.060000,479.820000,472.200000,479.280000,477.160000,18491000,FinMind
MSFT,NASDAQ,Microsoft Corporation,2026-01-12,1d,476.670000,480.990000,475.680000,477.180000,475.060000,23519900,FinMind
MSFT,NASDAQ,Microsoft Corporation,2026-01-13,1d,474.680000,475.780000,465.950000,470.670000,468.580000,28545800,FinMind
MSFT,NASDAQ,Microsoft Corporation,2026-01-14,1d,466.460000,468.200000,457.170000,459.380000,457.340000,28184300,FinMind
MSFT,NASDAQ,Microsoft Corporation,2026-01-15,1d,464.120000,464.250000,455.900000,456.660000,454.640000,23225800,FinMind
MSFT,NASDAQ,Microsoft Corporation,2026-01-16,1d,457.830000,463.190000,456.480000,459.860000,457.820000,34246700,FinMind
MSFT,NASDAQ,Microsoft Corporation,2026-01-20,1d,451.220000,456.800000,449.280000,454.520000,452.500000,26130000,FinMind
MSFT,NASDAQ,Microsoft Corporation,2026-01-21,1d,452.600000,452.690000,438.680000,444.110000,442.140000,37980500,FinMind
MSFT,NASDAQ,Microsoft Corporation,2026-01-22,1d,447.620000,452.840000,444.700000,451.140000,449.140000,25349400,FinMind
MSFT,NASDAQ,Microsoft Corporation,2026-01-23,1d,451.870000,471.100000,450.530000,465.950000,463.880000,38000200,FinMind
MSFT,NASDAQ,Microsoft Corporation,2026-01-26,1d,465.310000,474.250000,462.000000,470.280000,468.200000,29291200,FinMind
MSFT,NASDAQ,Microsoft Corporation,2026-01-27,1d,473.700000,482.870000,473.160000,480.580000,478.450000,29213900,FinMind
MSFT,NASDAQ,Microsoft Corporation,2026-01-28,1d,483.210000,483.740000,478.000000,481.630000,479.490000,36875400,FinMind
MSFT,NASDAQ,Microsoft Corporation,2026-01-29,1d,439.990000,442.500000,421.020000,433.500000,431.580000,128855300,FinMind
MSFT,NASDAQ,Microsoft Corporation,2026-01-30,1d,439.170000,439.600000,426.450000,430.290000,428.380000,58566800,FinMind
MSFT,NASDAQ,Microsoft Corporation,2026-02-02,1d,430.240000,430.740000,422.250000,423.370000,421.490000,42219900,FinMind
MSFT,NASDAQ,Microsoft Corporation,2026-02-03,1d,422.010000,422.050000,408.560000,411.210000,409.390000,61424100,FinMind
MSFT,NASDAQ,Microsoft Corporation,2026-02-04,1d,411.000000,419.800000,409.240000,414.190000,412.350000,45012400,FinMind
MSFT,NASDAQ,Microsoft Corporation,2026-02-05,1d,407.440000,408.300000,392.320000,393.670000,391.920000,66289200,FinMind
MSFT,NASDAQ,Microsoft Corporation,2026-02-06,1d,399.170000,401.790000,392.920000,401.140000,399.360000,53515300,FinMind
MSFT,NASDAQ,Microsoft Corporation,2026-02-09,1d,404.850000,414.890000,400.870000,413.600000,411.770000,45480500,FinMind
MSFT,NASDAQ,Microsoft Corporation,2026-02-10,1d,419.620000,423.680000,412.700000,413.270000,411.440000,44857900,FinMind
MSFT,NASDAQ,Microsoft Corporation,2026-02-11,1d,416.180000,416.460000,401.010000,404.370000,402.580000,42491000,FinMind
MSFT,NASDAQ,Microsoft Corporation,2026-02-12,1d,405.000000,406.200000,398.010000,401.840000,400.060000,40802400,FinMind
MSFT,NASDAQ,Microsoft Corporation,2026-02-13,1d,404.450000,405.540000,398.050000,401.320000,399.540000,34091600,FinMind
MSFT,NASDAQ,Microsoft Corporation,2026-02-17,1d,399.220000,400.520000,394.530000,396.860000,395.100000,32078800,FinMind
MSFT,NASDAQ,Microsoft Corporation,2026-02-18,1d,398.130000,402.560000,396.320000,399.600000,397.830000,23223400,FinMind
MSFT,NASDAQ,Microsoft Corporation,2026-02-19,1d,400.690000,404.430000,396.670000,398.460000,397.600000,28234000,FinMind
MSFT,NASDAQ,Microsoft Corporation,2026-02-20,1d,396.110000,400.120000,395.160000,397.230000,396.370000,34015200,FinMind
MSFT,NASDAQ,Microsoft Corporation,2026-02-23,1d,395.000000,395.360000,383.100000,384.470000,383.640000,43238300,FinMind
MSFT,NASDAQ,Microsoft Corporation,2026-02-24,1d,384.140000,389.360000,381.710000,389.000000,388.160000,33884700,FinMind
MSFT,NASDAQ,Microsoft Corporation,2026-02-25,1d,390.530000,401.470000,390.160000,400.600000,399.730000,43625500,FinMind
MSFT,NASDAQ,Microsoft Corporation,2026-02-26,1d,404.710000,407.490000,398.740000,401.720000,400.850000,34405900,FinMind
MSFT,NASDAQ,Microsoft Corporation,2026-02-27,1d,390.880000,396.820000,389.880000,392.740000,391.890000,51367200,FinMind
MSFT,NASDAQ,Microsoft Corporation,2026-03-02,1d,392.860000,401.190000,390.630000,398.550000,397.690000,35474900,FinMind
MSFT,NASDAQ,Microsoft Corporation,2026-03-03,1d,393.140000,406.700000,392.670000,403.930000,403.060000,38199200,FinMind
MSFT,NASDAQ,Microsoft Corporation,2026-03-04,1d,401.270000,411.030000,400.310000,405.200000,404.320000,35808000,FinMind
MSFT,NASDAQ,Microsoft Corporation,2026-03-05,1d,404.420000,411.610000,404.400000,410.680000,409.790000,39001300,FinMind
MSFT,NASDAQ,Microsoft Corporation,2026-03-06,1d,409.200000,413.050000,408.510000,408.960000,408.080000,31123900,FinMind
MSFT,NASDAQ,Microsoft Corporation,2026-03-09,1d,404.920000,410.210000,403.500000,409.410000,408.530000,30131900,FinMind
MSFT,NASDAQ,Microsoft Corporation,2026-03-10,1d,410.030000,410.200000,402.930000,405.760000,404.880000,31706400,FinMind
MSFT,NASDAQ,Microsoft Corporation,2026-03-11,1d,405.570000,409.010000,401.590000,404.880000,404.000000,25512100,FinMind
MSFT,NASDAQ,Microsoft Corporation,2026-03-12,1d,404.630000,406.120000,401.710000,401.860000,400.990000,27263900,FinMind
MSFT,NASDAQ,Microsoft Corporation,2026-03-13,1d,401.000000,404.800000,394.250000,395.550000,394.700000,26848000,FinMind
MSFT,NASDAQ,Microsoft Corporation,2026-03-16,1d,398.070000,400.630000,394.790000,399.950000,399.090000,27733700,FinMind
MSFT,NASDAQ,Microsoft Corporation,2026-03-17,1d,400.270000,404.400000,397.750000,399.410000,398.550000,26228300,FinMind
MSFT,NASDAQ,Microsoft Corporation,2026-03-18,1d,397.130000,398.000000,391.000000,391.790000,390.940000,25908500,FinMind
MSFT,NASDAQ,Microsoft Corporation,2026-03-19,1d,390.100000,392.490000,387.060000,389.020000,388.180000,25138800,FinMind
MSFT,NASDAQ,Microsoft Corporation,2026-03-20,1d,386.790000,387.000000,380.120000,381.870000,381.040000,50853200,FinMind
MSFT,NASDAQ,Microsoft Corporation,2026-03-23,1d,383.900000,387.210000,381.680000,383.000000,382.170000,29680100,FinMind
MSFT,NASDAQ,Microsoft Corporation,2026-03-24,1d,382.360000,382.470000,371.850000,372.740000,371.930000,42733600,FinMind
MSFT,NASDAQ,Microsoft Corporation,2026-03-25,1d,376.920000,377.060000,369.630000,371.040000,370.240000,31181200,FinMind
MSFT,NASDAQ,Microsoft Corporation,2026-03-26,1d,370.820000,374.720000,365.190000,365.970000,365.180000,36836600,FinMind
MSFT,NASDAQ,Microsoft Corporation,2026-03-27,1d,361.900000,362.450000,356.510000,356.770000,356.000000,37883400,FinMind
MSFT,NASDAQ,Microsoft Corporation,2026-03-30,1d,361.900000,365.360000,356.280000,358.960000,358.180000,44797000,FinMind
MSFT,NASDAQ,Microsoft Corporation,2026-03-31,1d,364.550000,372.900000,363.070000,370.170000,369.370000,45244400,FinMind
MSFT,NASDAQ,Microsoft Corporation,2026-04-01,1d,373.490000,373.990000,368.200000,369.370000,368.570000,29417200,FinMind
MSFT,NASDAQ,Microsoft Corporation,2026-04-02,1d,367.210000,373.640000,364.150000,373.460000,372.650000,24099100,FinMind
MSFT,NASDAQ,Microsoft Corporation,2026-04-06,1d,373.490000,373.730000,369.500000,372.880000,372.070000,16146600,FinMind
MSFT,NASDAQ,Microsoft Corporation,2026-04-07,1d,370.340000,372.450000,366.560000,372.290000,371.490000,21443300,FinMind
MSFT,NASDAQ,Microsoft Corporation,2026-04-08,1d,384.980000,385.000000,371.410000,374.330000,373.520000,33064800,FinMind
MSFT,NASDAQ,Microsoft Corporation,2026-04-09,1d,372.500000,373.500000,367.050000,373.070000,372.260000,30435300,FinMind
MSFT,NASDAQ,Microsoft Corporation,2026-04-10,1d,372.980000,375.640000,370.030000,370.870000,370.070000,28111100,FinMind
MSFT,NASDAQ,Microsoft Corporation,2026-04-13,1d,373.610000,384.540000,371.020000,384.370000,383.540000,35745800,FinMind
MSFT,NASDAQ,Microsoft Corporation,2026-04-14,1d,387.920000,394.690000,386.520000,393.110000,392.260000,37504500,FinMind
MSFT,NASDAQ,Microsoft Corporation,2026-04-15,1d,398.000000,414.370000,396.730000,411.220000,410.330000,45063400,FinMind
MSFT,NASDAQ,Microsoft Corporation,2026-04-16,1d,419.860000,420.820000,412.140000,420.260000,419.350000,41642400,FinMind
MSFT,NASDAQ,Microsoft Corporation,2026-04-17,1d,424.820000,431.580000,420.690000,422.790000,421.880000,48568200,FinMind
MSFT,NASDAQ,Microsoft Corporation,2026-04-20,1d,421.150000,423.330000,416.300000,418.070000,417.170000,27582200,FinMind
MSFT,NASDAQ,Microsoft Corporation,2026-04-21,1d,420.240000,427.180000,417.200000,424.160000,423.240000,32048500,FinMind
MSFT,NASDAQ,Microsoft Corporation,2026-04-22,1d,426.190000,433.700000,423.670000,432.920000,431.980000,29378200,FinMind
MSFT,NASDAQ,Microsoft Corporation,2026-04-23,1d,419.890000,423.660000,411.410000,415.750000,414.850000,38308000,FinMind
MSFT,NASDAQ,Microsoft Corporation,2026-04-24,1d,416.970000,424.950000,415.800000,424.620000,423.700000,27457400,FinMind
MSFT,NASDAQ,Microsoft Corporation,2026-04-27,1d,422.380000,427.110000,417.070000,424.820000,423.900000,30867300,FinMind
MSFT,NASDAQ,Microsoft Corporation,2026-04-28,1d,424.570000,429.920000,421.900000,429.250000,428.320000,30438100,FinMind
MSFT,NASDAQ,Microsoft Corporation,2026-04-29,1d,424.580000,426.820000,420.290000,424.460000,423.540000,38288300,FinMind
MSFT,NASDAQ,Microsoft Corporation,2026-04-30,1d,410.810000,414.420000,398.010000,407.780000,406.900000,70909400,FinMind
MSFT,NASDAQ,Microsoft Corporation,2026-05-01,1d,412.800000,417.110000,410.440000,414.440000,413.540000,31372400,FinMind
MSFT,NASDAQ,Microsoft Corporation,2026-05-04,1d,411.540000,420.780000,410.800000,413.620000,412.730000,28066500,FinMind
MSFT,NASDAQ,Microsoft Corporation,2026-05-05,1d,415.320000,416.780000,408.800000,411.380000,410.490000,25700900,FinMind
MSFT,NASDAQ,Microsoft Corporation,2026-05-06,1d,408.000000,418.420000,405.110000,413.960000,413.070000,30285900,FinMind
MSFT,NASDAQ,Microsoft Corporation,2026-05-07,1d,420.110000,427.980000,418.760000,420.770000,419.860000,34942400,FinMind
MSFT,NASDAQ,Microsoft Corporation,2026-05-08,1d,417.390000,418.630000,414.000000,415.120000,414.220000,33383800,FinMind
MSFT,NASDAQ,Microsoft Corporation,2026-05-11,1d,407.870000,412.690000,405.500000,412.660000,411.770000,35657900,FinMind
MSFT,NASDAQ,Microsoft Corporation,2026-05-12,1d,414.480000,415.500000,406.640000,407.770000,406.890000,38594200,FinMind
MSFT,NASDAQ,Microsoft Corporation,2026-05-13,1d,403.200000,406.310000,401.030000,405.210000,404.330000,29667100,FinMind
MSFT,NASDAQ,Microsoft Corporation,2026-05-14,1d,404.480000,411.840000,400.880000,409.430000,408.550000,27077500,FinMind
MSFT,NASDAQ,Microsoft Corporation,2026-05-15,1d,414.270000,428.170000,412.910000,421.920000,421.010000,50771200,FinMind
MSFT,NASDAQ,Microsoft Corporation,2026-05-18,1d,416.620000,425.120000,415.610000,423.540000,422.620000,32564100,FinMind
MSFT,NASDAQ,Microsoft Corporation,2026-05-19,1d,429.900000,432.700000,416.490000,417.420000,416.520000,33018700,FinMind
MSFT,NASDAQ,Microsoft Corporation,2026-05-20,1d,414.170000,422.100000,411.300000,421.060000,420.150000,27864000,FinMind
MSFT,NASDAQ,Microsoft Corporation,2026-05-21,1d,424.750000,426.340000,415.710000,419.090000,419.090000,31393500,FinMind
MSFT,NASDAQ,Microsoft Corporation,2026-05-22,1d,419.540000,424.400000,416.330000,418.570000,418.570000,22390300,FinMind
MSFT,NASDAQ,Microsoft Corporation,2026-05-26,1d,416.430000,419.770000,413.020000,416.030000,416.030000,30398000,FinMind
MSFT,NASDAQ,Microsoft Corporation,2026-05-27,1d,411.010000,415.940000,409.580000,412.670000,412.670000,28901500,FinMind
MSFT,NASDAQ,Microsoft Corporation,2026-05-28,1d,412.980000,429.490000,412.670000,426.990000,426.990000,47250500,FinMind
MSFT,NASDAQ,Microsoft Corporation,2026-05-29,1d,432.550000,450.330000,432.360000,450.240000,450.240000,79654400,FinMind
MSFT,NASDAQ,Microsoft Corporation,2026-06-01,1d,464.840000,466.320000,458.270000,460.520000,460.520000,53628900,FinMind
MSFT,NASDAQ,Microsoft Corporation,2026-06-02,1d,447.170000,453.500000,440.430000,441.310000,441.310000,36692242,FinMind
MU,NASDAQ,Micron Technology Inc.,2025-06-03,1d,98.360000,102.930000,96.960000,102.250000,102.010000,22757600,FinMind
MU,NASDAQ,Micron Technology Inc.,2025-06-04,1d,102.380000,103.910000,101.700000,103.250000,103.000000,14595900,FinMind
MU,NASDAQ,Micron Technology Inc.,2025-06-05,1d,106.300000,109.030000,105.530000,106.290000,106.040000,28833700,FinMind
MU,NASDAQ,Micron Technology Inc.,2025-06-06,1d,108.080000,111.050000,108.040000,108.560000,108.300000,20710100,FinMind
MU,NASDAQ,Micron Technology Inc.,2025-06-09,1d,109.510000,112.530000,108.580000,110.950000,110.690000,20159700,FinMind
MU,NASDAQ,Micron Technology Inc.,2025-06-10,1d,111.530000,114.920000,111.230000,114.140000,113.870000,22949400,FinMind
MU,NASDAQ,Micron Technology Inc.,2025-06-11,1d,115.600000,117.260000,114.730000,116.030000,115.750000,21614100,FinMind
MU,NASDAQ,Micron Technology Inc.,2025-06-12,1d,114.110000,116.480000,113.520000,116.180000,115.900000,17076500,FinMind
MU,NASDAQ,Micron Technology Inc.,2025-06-13,1d,113.800000,117.100000,113.660000,115.600000,115.320000,17453000,FinMind
MU,NASDAQ,Micron Technology Inc.,2025-06-16,1d,117.810000,120.960000,117.320000,119.840000,119.550000,21374100,FinMind
MU,NASDAQ,Micron Technology Inc.,2025-06-17,1d,119.600000,123.510000,119.350000,120.340000,120.050000,20837700,FinMind
MU,NASDAQ,Micron Technology Inc.,2025-06-18,1d,120.460000,122.980000,120.180000,121.820000,121.530000,20180000,FinMind
MU,NASDAQ,Micron Technology Inc.,2025-06-20,1d,122.770000,124.160000,120.380000,123.600000,123.300000,29290400,FinMind
MU,NASDAQ,Micron Technology Inc.,2025-06-23,1d,123.670000,124.510000,119.810000,122.080000,121.790000,23399200,FinMind
MU,NASDAQ,Micron Technology Inc.,2025-06-24,1d,125.110000,128.100000,124.960000,127.910000,127.600000,26420600,FinMind
MU,NASDAQ,Micron Technology Inc.,2025-06-25,1d,126.610000,127.500000,125.620000,127.250000,126.950000,39407000,FinMind
MU,NASDAQ,Micron Technology Inc.,2025-06-26,1d,129.530000,129.850000,123.790000,126.000000,125.700000,62678100,FinMind
MU,NASDAQ,Micron Technology Inc.,2025-06-27,1d,125.140000,127.540000,123.390000,124.760000,124.460000,36888600,FinMind
MU,NASDAQ,Micron Technology Inc.,2025-06-30,1d,124.900000,125.080000,121.850000,123.250000,122.960000,22799700,FinMind
MU,NASDAQ,Micron Technology Inc.,2025-07-01,1d,122.350000,123.990000,119.080000,120.890000,120.600000,24825800,FinMind
MU,NASDAQ,Micron Technology Inc.,2025-07-02,1d,120.500000,123.000000,118.060000,121.740000,121.450000,29303800,FinMind
MU,NASDAQ,Micron Technology Inc.,2025-07-03,1d,122.330000,123.630000,121.830000,122.290000,122.000000,13247900,FinMind
MU,NASDAQ,Micron Technology Inc.,2025-07-07,1d,121.180000,121.510000,118.910000,119.920000,119.750000,19148400,FinMind
MU,NASDAQ,Micron Technology Inc.,2025-07-08,1d,122.450000,125.450000,121.950000,124.420000,124.240000,26238200,FinMind
MU,NASDAQ,Micron Technology Inc.,2025-07-09,1d,124.820000,126.150000,121.280000,122.240000,122.060000,20464000,FinMind
MU,NASDAQ,Micron Technology Inc.,2025-07-10,1d,124.280000,124.350000,122.020000,123.110000,122.930000,15378400,FinMind
MU,NASDAQ,Micron Technology Inc.,2025-07-11,1d,122.130000,124.810000,121.240000,124.530000,124.350000,15820600,FinMind
MU,NASDAQ,Micron Technology Inc.,2025-07-14,1d,120.380000,120.440000,117.020000,118.610000,118.440000,32117700,FinMind
MU,NASDAQ,Micron Technology Inc.,2025-07-15,1d,120.940000,121.390000,119.120000,120.110000,119.940000,24958900,FinMind
MU,NASDAQ,Micron Technology Inc.,2025-07-16,1d,119.030000,119.090000,114.810000,116.430000,116.260000,30614800,FinMind
MU,NASDAQ,Micron Technology Inc.,2025-07-17,1d,113.930000,114.200000,110.950000,113.260000,113.100000,34702400,FinMind
MU,NASDAQ,Micron Technology Inc.,2025-07-18,1d,114.240000,114.800000,113.280000,114.390000,114.220000,19349900,FinMind
MU,NASDAQ,Micron Technology Inc.,2025-07-21,1d,113.590000,115.920000,112.670000,113.230000,113.070000,22189800,FinMind
MU,NASDAQ,Micron Technology Inc.,2025-07-22,1d,112.860000,113.000000,108.130000,109.220000,109.060000,27917600,FinMind
MU,NASDAQ,Micron Technology Inc.,2025-07-23,1d,109.440000,110.290000,108.880000,109.830000,109.670000,17810000,FinMind
MU,NASDAQ,Micron Technology Inc.,2025-07-24,1d,111.060000,112.730000,110.250000,111.730000,111.570000,20293100,FinMind
MU,NASDAQ,Micron Technology Inc.,2025-07-25,1d,110.990000,111.500000,108.830000,111.260000,111.100000,16372300,FinMind
MU,NASDAQ,Micron Technology Inc.,2025-07-28,1d,111.720000,112.000000,109.860000,111.250000,111.090000,12932300,FinMind
MU,NASDAQ,Micron Technology Inc.,2025-07-29,1d,112.050000,113.540000,110.670000,111.960000,111.800000,16653300,FinMind
MU,NASDAQ,Micron Technology Inc.,2025-07-30,1d,112.600000,114.890000,112.410000,114.740000,114.570000,16378800,FinMind
MU,NASDAQ,Micron Technology Inc.,2025-07-31,1d,112.190000,112.270000,106.940000,109.140000,108.980000,29224300,FinMind
MU,NASDAQ,Micron Technology Inc.,2025-08-01,1d,105.490000,106.500000,103.380000,104.880000,104.730000,24003300,FinMind
MU,NASDAQ,Micron Technology Inc.,2025-08-04,1d,106.020000,107.880000,105.460000,107.770000,107.610000,14780600,FinMind
MU,NASDAQ,Micron Technology Inc.,2025-08-05,1d,109.300000,110.640000,106.830000,109.060000,108.900000,17836000,FinMind
MU,NASDAQ,Micron Technology Inc.,2025-08-06,1d,107.900000,108.960000,106.750000,108.780000,108.620000,13021900,FinMind
MU,NASDAQ,Micron Technology Inc.,2025-08-07,1d,114.140000,115.280000,110.790000,111.870000,111.710000,18986500,FinMind
MU,NASDAQ,Micron Technology Inc.,2025-08-08,1d,112.170000,119.330000,111.670000,118.890000,118.720000,28962200,FinMind
MU,NASDAQ,Micron Technology Inc.,2025-08-11,1d,124.970000,127.280000,121.650000,123.720000,123.540000,35065800,FinMind
MU,NASDAQ,Micron Technology Inc.,2025-08-12,1d,124.700000,128.550000,123.040000,127.750000,127.560000,25961200,FinMind
MU,NASDAQ,Micron Technology Inc.,2025-08-13,1d,127.580000,128.600000,123.350000,124.270000,124.090000,18438200,FinMind
MU,NASDAQ,Micron Technology Inc.,2025-08-14,1d,123.200000,125.740000,121.400000,125.290000,125.110000,12235900,FinMind
MU,NASDAQ,Micron Technology Inc.,2025-08-15,1d,123.170000,123.380000,119.440000,120.870000,120.690000,18986700,FinMind
MU,NASDAQ,Micron Technology Inc.,2025-08-18,1d,121.350000,123.680000,120.660000,123.550000,123.370000,12208800,FinMind
MU,NASDAQ,Micron Technology Inc.,2025-08-19,1d,122.940000,124.240000,121.310000,122.050000,121.870000,11491200,FinMind
MU,NASDAQ,Micron Technology Inc.,2025-08-20,1d,118.700000,118.910000,113.460000,117.210000,117.040000,25795000,FinMind
MU,NASDAQ,Micron Technology Inc.,2025-08-21,1d,117.000000,117.730000,115.610000,115.790000,115.620000,13174900,FinMind
MU,NASDAQ,Micron Technology Inc.,2025-08-22,1d,117.650000,120.700000,116.510000,117.680000,117.510000,17038300,FinMind
MU,NASDAQ,Micron Technology Inc.,2025-08-25,1d,117.680000,118.080000,116.100000,116.420000,116.250000,8674800,FinMind
MU,NASDAQ,Micron Technology Inc.,2025-08-26,1d,116.090000,118.360000,115.810000,116.500000,116.330000,12584300,FinMind
MU,NASDAQ,Micron Technology Inc.,2025-08-27,1d,116.850000,118.730000,116.440000,117.750000,117.580000,15349300,FinMind
MU,NASDAQ,Micron Technology Inc.,2025-08-28,1d,118.880000,122.570000,118.730000,122.000000,121.820000,17295500,FinMind
MU,NASDAQ,Micron Technology Inc.,2025-08-29,1d,122.600000,122.770000,118.060000,119.010000,118.840000,16774000,FinMind
MU,NASDAQ,Micron Technology Inc.,2025-09-02,1d,115.860000,118.560000,114.250000,118.480000,118.310000,13771900,FinMind
MU,NASDAQ,Micron Technology Inc.,2025-09-03,1d,119.360000,119.440000,117.300000,118.720000,118.550000,14101300,FinMind
MU,NASDAQ,Micron Technology Inc.,2025-09-04,1d,118.850000,124.410000,118.520000,124.210000,124.030000,18589100,FinMind
MU,NASDAQ,Micron Technology Inc.,2025-09-05,1d,127.770000,131.410000,125.660000,131.370000,131.180000,28416000,FinMind
MU,NASDAQ,Micron Technology Inc.,2025-09-08,1d,130.550000,132.260000,128.400000,131.460000,131.270000,19492600,FinMind
MU,NASDAQ,Micron Technology Inc.,2025-09-09,1d,131.760000,138.000000,131.560000,135.240000,135.040000,20705000,FinMind
MU,NASDAQ,Micron Technology Inc.,2025-09-10,1d,140.020000,142.240000,138.340000,140.000000,139.800000,25791300,FinMind
MU,NASDAQ,Micron Technology Inc.,2025-09-11,1d,147.720000,156.260000,147.610000,150.570000,150.350000,52446400,FinMind
MU,NASDAQ,Micron Technology Inc.,2025-09-12,1d,153.550000,158.280000,153.210000,157.230000,157.000000,32288300,FinMind
MU,NASDAQ,Micron Technology Inc.,2025-09-15,1d,156.960000,160.340000,156.550000,157.770000,157.540000,20101400,FinMind
MU,NASDAQ,Micron Technology Inc.,2025-09-16,1d,157.980000,159.560000,157.170000,158.820000,158.590000,16911600,FinMind
MU,NASDAQ,Micron Technology Inc.,2025-09-17,1d,157.410000,160.590000,155.260000,159.990000,159.760000,18843600,FinMind
MU,NASDAQ,Micron Technology Inc.,2025-09-18,1d,162.990000,170.450000,162.600000,168.890000,168.650000,28212800,FinMind
MU,NASDAQ,Micron Technology Inc.,2025-09-19,1d,162.750000,163.700000,159.380000,162.730000,162.490000,37309900,FinMind
MU,NASDAQ,Micron Technology Inc.,2025-09-22,1d,164.380000,167.260000,161.590000,164.620000,164.380000,25851200,FinMind
MU,NASDAQ,Micron Technology Inc.,2025-09-23,1d,165.680000,168.990000,165.230000,166.410000,166.170000,43316500,FinMind
MU,NASDAQ,Micron Technology Inc.,2025-09-24,1d,165.080000,166.000000,158.300000,161.710000,161.480000,57096400,FinMind
MU,NASDAQ,Micron Technology Inc.,2025-09-25,1d,157.390000,158.950000,154.650000,156.830000,156.600000,32209200,FinMind
MU,NASDAQ,Micron Technology Inc.,2025-09-26,1d,158.520000,158.920000,155.180000,157.270000,157.040000,24045000,FinMind
MU,NASDAQ,Micron Technology Inc.,2025-09-29,1d,160.000000,165.800000,159.970000,163.900000,163.660000,26506500,FinMind
MU,NASDAQ,Micron Technology Inc.,2025-09-30,1d,164.110000,168.950000,163.960000,167.320000,167.080000,20092500,FinMind
MU,NASDAQ,Micron Technology Inc.,2025-10-01,1d,165.600000,182.390000,165.500000,182.150000,181.890000,41674800,FinMind
MU,NASDAQ,Micron Technology Inc.,2025-10-02,1d,184.960000,186.180000,181.210000,183.750000,183.480000,25122200,FinMind
MU,NASDAQ,Micron Technology Inc.,2025-10-03,1d,185.210000,191.850000,184.920000,187.830000,187.680000,29399300,FinMind
MU,NASDAQ,Micron Technology Inc.,2025-10-06,1d,195.010000,201.000000,189.430000,190.960000,190.800000,36392300,FinMind
MU,NASDAQ,Micron Technology Inc.,2025-10-07,1d,194.850000,195.300000,183.240000,185.690000,185.540000,27828200,FinMind
MU,NASDAQ,Micron Technology Inc.,2025-10-08,1d,188.990000,196.950000,188.800000,196.540000,196.380000,26833900,FinMind
MU,NASDAQ,Micron Technology Inc.,2025-10-09,1d,192.970000,196.620000,189.500000,192.330000,192.170000,19721500,FinMind
MU,NASDAQ,Micron Technology Inc.,2025-10-10,1d,192.960000,193.440000,179.610000,181.600000,181.450000,26990300,FinMind
MU,NASDAQ,Micron Technology Inc.,2025-10-13,1d,190.790000,193.400000,187.990000,192.770000,192.610000,20928400,FinMind
MU,NASDAQ,Micron Technology Inc.,2025-10-14,1d,186.960000,192.460000,186.250000,187.060000,186.910000,15912400,FinMind
MU,NASDAQ,Micron Technology Inc.,2025-10-15,1d,192.480000,192.880000,187.420000,191.940000,191.780000,17793100,FinMind
MU,NASDAQ,Micron Technology Inc.,2025-10-16,1d,199.960000,206.340000,195.200000,202.530000,202.360000,42041300,FinMind
MU,NASDAQ,Micron Technology Inc.,2025-10-17,1d,199.280000,203.390000,195.550000,202.380000,202.210000,23283100,FinMind
MU,NASDAQ,Micron Technology Inc.,2025-10-20,1d,209.660000,214.750000,205.500000,206.770000,206.600000,23268400,FinMind
MU,NASDAQ,Micron Technology Inc.,2025-10-21,1d,204.300000,205.870000,200.840000,202.290000,202.120000,13717300,FinMind
MU,NASDAQ,Micron Technology Inc.,2025-10-22,1d,202.250000,205.580000,192.400000,198.470000,198.310000,21949800,FinMind
MU,NASDAQ,Micron Technology Inc.,2025-10-23,1d,196.700000,209.000000,195.200000,206.710000,206.540000,19397900,FinMind
MU,NASDAQ,Micron Technology Inc.,2025-10-24,1d,212.390000,219.820000,209.980000,219.020000,218.840000,25821800,FinMind
MU,NASDAQ,Micron Technology Inc.,2025-10-27,1d,224.810000,224.980000,215.740000,220.100000,219.920000,23873100,FinMind
MU,NASDAQ,Micron Technology Inc.,2025-10-28,1d,218.930000,222.900000,217.560000,221.910000,221.730000,14957500,FinMind
MU,NASDAQ,Micron Technology Inc.,2025-10-29,1d,229.060000,232.400000,226.100000,226.630000,226.440000,23217300,FinMind
MU,NASDAQ,Micron Technology Inc.,2025-10-30,1d,226.100000,227.400000,220.740000,224.010000,223.830000,14795100,FinMind
MU,NASDAQ,Micron Technology Inc.,2025-10-31,1d,227.750000,231.250000,218.820000,223.770000,223.590000,16320000,FinMind
MU,NASDAQ,Micron Technology Inc.,2025-11-03,1d,233.880000,237.620000,231.800000,234.700000,234.510000,21199300,FinMind
MU,NASDAQ,Micron Technology Inc.,2025-11-04,1d,222.140000,228.670000,217.400000,218.030000,217.850000,23696200,FinMind
MU,NASDAQ,Micron Technology Inc.,2025-11-05,1d,225.670000,239.880000,224.730000,237.500000,237.300000,28617400,FinMind
MU,NASDAQ,Micron Technology Inc.,2025-11-06,1d,237.840000,246.410000,234.880000,238.330000,238.130000,32016800,FinMind
MU,NASDAQ,Micron Technology Inc.,2025-11-07,1d,234.030000,242.550000,226.400000,237.920000,237.720000,30613800,FinMind
MU,NASDAQ,Micron Technology Inc.,2025-11-10,1d,247.960000,257.070000,247.810000,253.300000,253.090000,27870600,FinMind
MU,NASDAQ,Micron Technology Inc.,2025-11-11,1d,248.340000,249.990000,238.790000,241.110000,240.910000,22622500,FinMind
MU,NASDAQ,Micron Technology Inc.,2025-11-12,1d,244.900000,249.190000,240.840000,244.900000,244.700000,17263100,FinMind
MU,NASDAQ,Micron Technology Inc.,2025-11-13,1d,243.600000,249.500000,230.160000,236.950000,236.750000,32324600,FinMind
MU,NASDAQ,Micron Technology Inc.,2025-11-14,1d,231.450000,255.170000,231.230000,246.830000,246.630000,36171100,FinMind
MU,NASDAQ,Micron Technology Inc.,2025-11-17,1d,246.920000,260.580000,239.460000,241.950000,241.750000,30304400,FinMind
MU,NASDAQ,Micron Technology Inc.,2025-11-18,1d,235.480000,238.930000,225.520000,228.500000,228.310000,33843900,FinMind
MU,NASDAQ,Micron Technology Inc.,2025-11-19,1d,226.910000,234.350000,216.360000,225.920000,225.730000,35256600,FinMind
MU,NASDAQ,Micron Technology Inc.,2025-11-20,1d,230.240000,230.600000,199.600000,201.370000,201.200000,47420700,FinMind
MU,NASDAQ,Micron Technology Inc.,2025-11-21,1d,204.530000,212.000000,192.590000,207.370000,207.200000,36679700,FinMind
MU,NASDAQ,Micron Technology Inc.,2025-11-24,1d,213.410000,226.110000,212.360000,223.930000,223.750000,33052800,FinMind
MU,NASDAQ,Micron Technology Inc.,2025-11-25,1d,219.220000,226.190000,216.000000,224.530000,224.350000,17441600,FinMind
MU,NASDAQ,Micron Technology Inc.,2025-11-26,1d,229.620000,233.830000,226.000000,230.260000,230.070000,17817600,FinMind
MU,NASDAQ,Micron Technology Inc.,2025-11-28,1d,235.620000,238.100000,233.470000,236.480000,236.290000,12914700,FinMind
MU,NASDAQ,Micron Technology Inc.,2025-12-01,1d,232.290000,242.360000,231.500000,240.460000,240.260000,18238200,FinMind
MU,NASDAQ,Micron Technology Inc.,2025-12-02,1d,238.750000,244.370000,234.330000,239.490000,239.290000,18166200,FinMind
MU,NASDAQ,Micron Technology Inc.,2025-12-03,1d,236.390000,237.800000,228.090000,234.160000,233.970000,19188200,FinMind
MU,NASDAQ,Micron Technology Inc.,2025-12-04,1d,230.280000,234.160000,223.330000,226.650000,226.460000,23513900,FinMind
MU,NASDAQ,Micron Technology Inc.,2025-12-05,1d,228.950000,240.570000,226.690000,237.220000,237.020000,21161000,FinMind
MU,NASDAQ,Micron Technology Inc.,2025-12-08,1d,243.490000,249.230000,241.610000,246.920000,246.720000,20495400,FinMind
MU,NASDAQ,Micron Technology Inc.,2025-12-09,1d,244.490000,255.510000,242.830000,252.420000,252.210000,17067100,FinMind
MU,NASDAQ,Micron Technology Inc.,2025-12-10,1d,255.130000,264.750000,250.580000,263.710000,263.490000,21960700,FinMind
MU,NASDAQ,Micron Technology Inc.,2025-12-11,1d,261.530000,262.850000,251.550000,258.460000,258.250000,18867000,FinMind
MU,NASDAQ,Micron Technology Inc.,2025-12-12,1d,255.670000,255.820000,239.320000,241.140000,240.940000,25936900,FinMind
MU,NASDAQ,Micron Technology Inc.,2025-12-15,1d,247.110000,250.110000,236.000000,237.500000,237.300000,27483600,FinMind
MU,NASDAQ,Micron Technology Inc.,2025-12-16,1d,235.800000,239.400000,230.580000,232.510000,232.320000,22577300,FinMind
MU,NASDAQ,Micron Technology Inc.,2025-12-17,1d,236.560000,237.450000,221.690000,225.520000,225.330000,41957100,FinMind
MU,NASDAQ,Micron Technology Inc.,2025-12-18,1d,256.530000,263.650000,245.000000,248.550000,248.350000,65006100,FinMind
MU,NASDAQ,Micron Technology Inc.,2025-12-19,1d,251.750000,268.380000,251.750000,265.920000,265.700000,62312100,FinMind
MU,NASDAQ,Micron Technology Inc.,2025-12-22,1d,277.150000,279.990000,268.290000,276.590000,276.360000,30961900,FinMind
MU,NASDAQ,Micron Technology Inc.,2025-12-23,1d,275.920000,281.860000,272.320000,276.270000,276.040000,20767600,FinMind
MU,NASDAQ,Micron Technology Inc.,2025-12-24,1d,278.000000,289.300000,277.250000,286.680000,286.440000,18592600,FinMind
MU,NASDAQ,Micron Technology Inc.,2025-12-26,1d,290.840000,290.870000,283.420000,284.790000,284.560000,17878500,FinMind
MU,NASDAQ,Micron Technology Inc.,2025-12-29,1d,280.330000,294.500000,278.500000,294.370000,294.250000,26642900,FinMind
MU,NASDAQ,Micron Technology Inc.,2025-12-30,1d,294.700000,298.830000,292.010000,292.630000,292.510000,23056400,FinMind
MU,NASDAQ,Micron Technology Inc.,2025-12-31,1d,293.170000,293.170000,284.180000,285.410000,285.290000,17573800,FinMind
MU,NASDAQ,Micron Technology Inc.,2026-01-02,1d,295.130000,315.600000,294.860000,315.420000,315.290000,42604300,FinMind
MU,NASDAQ,Micron Technology Inc.,2026-01-05,1d,325.130000,325.530000,309.550000,312.150000,312.020000,34608600,FinMind
MU,NASDAQ,Micron Technology Inc.,2026-01-06,1d,318.280000,344.550000,318.060000,343.430000,343.290000,48732400,FinMind
MU,NASDAQ,Micron Technology Inc.,2026-01-07,1d,340.710000,346.300000,337.180000,339.550000,339.410000,32781100,FinMind
MU,NASDAQ,Micron Technology Inc.,2026-01-08,1d,342.900000,343.660000,321.360000,327.020000,326.880000,33897700,FinMind
MU,NASDAQ,Micron Technology Inc.,2026-01-09,1d,332.750000,345.800000,326.190000,345.090000,344.950000,33387500,FinMind
MU,NASDAQ,Micron Technology Inc.,2026-01-12,1d,340.550000,348.470000,339.320000,345.870000,345.720000,23152600,FinMind
MU,NASDAQ,Micron Technology Inc.,2026-01-13,1d,346.270000,351.230000,335.220000,338.130000,337.990000,23881300,FinMind
MU,NASDAQ,Micron Technology Inc.,2026-01-14,1d,334.840000,339.100000,328.200000,333.350000,333.210000,20277200,FinMind
MU,NASDAQ,Micron Technology Inc.,2026-01-15,1d,345.330000,347.770000,336.270000,336.630000,336.490000,25370200,FinMind
MU,NASDAQ,Micron Technology Inc.,2026-01-16,1d,353.100000,365.810000,352.040000,362.750000,362.600000,47901900,FinMind
MU,NASDAQ,Micron Technology Inc.,2026-01-20,1d,364.680000,381.560000,361.350000,365.000000,364.850000,49744900,FinMind
MU,NASDAQ,Micron Technology Inc.,2026-01-21,1d,372.850000,394.200000,366.730000,389.110000,388.950000,56712800,FinMind
MU,NASDAQ,Micron Technology Inc.,2026-01-22,1d,396.640000,397.780000,376.920000,397.580000,397.410000,39607600,FinMind
MU,NASDAQ,Micron Technology Inc.,2026-01-23,1d,397.160000,412.430000,390.740000,399.650000,399.480000,35404200,FinMind
MU,NASDAQ,Micron Technology Inc.,2026-01-26,1d,395.500000,398.000000,384.300000,389.090000,388.930000,29193900,FinMind
MU,NASDAQ,Micron Technology Inc.,2026-01-27,1d,404.610000,416.450000,399.600000,410.240000,410.070000,36212100,FinMind
MU,NASDAQ,Micron Technology Inc.,2026-01-28,1d,422.440000,438.940000,417.000000,435.280000,435.100000,42725700,FinMind
MU,NASDAQ,Micron Technology Inc.,2026-01-29,1d,439.370000,444.710000,417.700000,435.790000,435.610000,42675700,FinMind
MU,NASDAQ,Micron Technology Inc.,2026-01-30,1d,446.470000,455.500000,407.130000,414.880000,414.710000,51022900,FinMind
MU,NASDAQ,Micron Technology Inc.,2026-02-02,1d,412.180000,442.430000,410.000000,437.800000,437.620000,37771200,FinMind
MU,NASDAQ,Micron Technology Inc.,2026-02-03,1d,442.160000,442.300000,407.530000,419.440000,419.260000,42763300,FinMind
MU,NASDAQ,Micron Technology Inc.,2026-02-04,1d,410.590000,413.000000,363.900000,379.400000,379.240000,58074900,FinMind
MU,NASDAQ,Micron Technology Inc.,2026-02-05,1d,369.620000,390.930000,366.000000,382.890000,382.730000,38899500,FinMind
MU,NASDAQ,Micron Technology Inc.,2026-02-06,1d,377.970000,396.650000,372.870000,394.690000,394.520000,37196000,FinMind
MU,NASDAQ,Micron Technology Inc.,2026-02-09,1d,380.690000,391.810000,370.680000,383.500000,383.340000,31009600,FinMind
MU,NASDAQ,Micron Technology Inc.,2026-02-10,1d,375.990000,382.790000,366.060000,373.250000,373.090000,35433800,FinMind
MU,NASDAQ,Micron Technology Inc.,2026-02-11,1d,395.390000,414.160000,386.570000,410.340000,410.170000,48475000,FinMind
MU,NASDAQ,Micron Technology Inc.,2026-02-12,1d,422.250000,438.770000,411.160000,413.970000,413.800000,45639100,FinMind
MU,NASDAQ,Micron Technology Inc.,2026-02-13,1d,405.190000,420.880000,392.710000,411.660000,411.490000,33807600,FinMind
MU,NASDAQ,Micron Technology Inc.,2026-02-17,1d,400.950000,413.660000,395.300000,399.780000,399.610000,28549500,FinMind
MU,NASDAQ,Micron Technology Inc.,2026-02-18,1d,399.500000,427.850000,394.600000,420.950000,420.770000,32306600,FinMind
MU,NASDAQ,Micron Technology Inc.,2026-02-19,1d,415.810000,420.320000,407.740000,417.350000,417.170000,21651300,FinMind
MU,NASDAQ,Micron Technology Inc.,2026-02-20,1d,415.180000,430.570000,415.150000,428.170000,427.990000,29894900,FinMind
MU,NASDAQ,Micron Technology Inc.,2026-02-23,1d,422.310000,431.700000,415.300000,420.970000,420.790000,25426600,FinMind
MU,NASDAQ,Micron Technology Inc.,2026-02-24,1d,429.220000,436.270000,411.280000,418.010000,417.830000,33389200,FinMind
MU,NASDAQ,Micron Technology Inc.,2026-02-25,1d,426.500000,436.890000,423.000000,429.000000,428.820000,27296300,FinMind
MU,NASDAQ,Micron Technology Inc.,2026-02-26,1d,424.840000,434.000000,401.960000,415.560000,415.390000,35433500,FinMind
MU,NASDAQ,Micron Technology Inc.,2026-02-27,1d,401.810000,417.960000,401.180000,412.370000,412.200000,28653900,FinMind
MU,NASDAQ,Micron Technology Inc.,2026-03-02,1d,401.470000,417.610000,397.000000,412.670000,412.500000,30049200,FinMind
MU,NASDAQ,Micron Technology Inc.,2026-03-03,1d,386.550000,390.090000,374.550000,379.680000,379.520000,39010900,FinMind
MU,NASDAQ,Micron Technology Inc.,2026-03-04,1d,393.640000,407.880000,387.610000,400.770000,400.600000,32644900,FinMind
MU,NASDAQ,Micron Technology Inc.,2026-03-05,1d,398.600000,404.530000,380.300000,397.050000,396.880000,29960100,FinMind
MU,NASDAQ,Micron Technology Inc.,2026-03-06,1d,380.140000,391.180000,367.450000,370.300000,370.140000,34458800,FinMind
MU,NASDAQ,Micron Technology Inc.,2026-03-09,1d,363.960000,390.000000,357.670000,389.320000,389.160000,35547200,FinMind
MU,NASDAQ,Micron Technology Inc.,2026-03-10,1d,394.010000,415.310000,393.640000,403.110000,402.940000,33745400,FinMind
MU,NASDAQ,Micron Technology Inc.,2026-03-11,1d,410.770000,422.750000,405.790000,418.690000,418.510000,30191400,FinMind
MU,NASDAQ,Micron Technology Inc.,2026-03-12,1d,410.000000,413.730000,396.670000,405.350000,405.180000,31720900,FinMind
MU,NASDAQ,Micron Technology Inc.,2026-03-13,1d,413.750000,429.350000,413.000000,426.130000,425.950000,39261000,FinMind
MU,NASDAQ,Micron Technology Inc.,2026-03-16,1d,446.160000,454.860000,437.750000,441.800000,441.610000,43067600,FinMind
MU,NASDAQ,Micron Technology Inc.,2026-03-17,1d,452.540000,462.730000,445.140000,461.690000,461.500000,43017900,FinMind
MU,NASDAQ,Micron Technology Inc.,2026-03-18,1d,464.760000,471.340000,458.300000,461.730000,461.540000,58973700,FinMind
MU,NASDAQ,Micron Technology Inc.,2026-03-19,1d,424.970000,457.220000,421.110000,444.270000,444.080000,74591900,FinMind
MU,NASDAQ,Micron Technology Inc.,2026-03-20,1d,443.920000,449.100000,415.360000,422.900000,422.720000,64224900,FinMind
MU,NASDAQ,Micron Technology Inc.,2026-03-23,1d,426.150000,444.270000,401.520000,404.350000,404.180000,54807300,FinMind
MU,NASDAQ,Micron Technology Inc.,2026-03-24,1d,401.280000,404.980000,388.910000,395.530000,395.360000,44975100,FinMind
MU,NASDAQ,Micron Technology Inc.,2026-03-25,1d,383.000000,388.920000,371.380000,382.090000,381.930000,55328700,FinMind
MU,NASDAQ,Micron Technology Inc.,2026-03-26,1d,370.020000,374.250000,350.000000,355.460000,355.310000,54515900,FinMind
MU,NASDAQ,Micron Technology Inc.,2026-03-27,1d,359.860000,368.700000,354.060000,357.220000,357.070000,45806700,FinMind
MU,NASDAQ,Micron Technology Inc.,2026-03-30,1d,362.660000,362.810000,318.400000,321.800000,321.800000,73833200,FinMind
MU,NASDAQ,Micron Technology Inc.,2026-03-31,1d,321.670000,337.840000,311.490000,337.840000,337.840000,73551800,FinMind
MU,NASDAQ,Micron Technology Inc.,2026-04-01,1d,348.910000,377.890000,343.000000,367.850000,367.850000,74429800,FinMind
MU,NASDAQ,Micron Technology Inc.,2026-04-02,1d,341.340000,366.940000,340.200000,366.240000,366.240000,51498700,FinMind
MU,NASDAQ,Micron Technology Inc.,2026-04-06,1d,373.800000,385.080000,370.610000,377.760000,377.760000,41414900,FinMind
MU,NASDAQ,Micron Technology Inc.,2026-04-07,1d,374.130000,379.250000,364.100000,377.580000,377.580000,40224100,FinMind
MU,NASDAQ,Micron Technology Inc.,2026-04-08,1d,415.130000,416.000000,398.880000,406.730000,406.730000,49216600,FinMind
MU,NASDAQ,Micron Technology Inc.,2026-04-09,1d,407.610000,423.940000,398.440000,421.510000,421.510000,43101000,FinMind
MU,NASDAQ,Micron Technology Inc.,2026-04-10,1d,420.290000,423.860000,410.050000,420.590000,420.590000,36377600,FinMind
MU,NASDAQ,Micron Technology Inc.,2026-04-13,1d,416.470000,426.880000,408.500000,426.560000,426.560000,37015800,FinMind
MU,NASDAQ,Micron Technology Inc.,2026-04-14,1d,434.350000,465.780000,424.860000,465.660000,465.660000,52534900,FinMind
MU,NASDAQ,Micron Technology Inc.,2026-04-15,1d,457.630000,463.950000,439.320000,456.230000,456.230000,40370100,FinMind
MU,NASDAQ,Micron Technology Inc.,2026-04-16,1d,452.960000,462.340000,444.380000,457.230000,457.230000,33626400,FinMind
MU,NASDAQ,Micron Technology Inc.,2026-04-17,1d,466.850000,470.970000,452.200000,455.070000,455.070000,33405000,FinMind
MU,NASDAQ,Micron Technology Inc.,2026-04-20,1d,458.250000,464.560000,435.900000,448.420000,448.420000,32013600,FinMind
MU,NASDAQ,Micron Technology Inc.,2026-04-21,1d,451.320000,457.820000,441.300000,449.380000,449.380000,27734000,FinMind
MU,NASDAQ,Micron Technology Inc.,2026-04-22,1d,462.930000,491.980000,458.560000,487.480000,487.480000,45998100,FinMind
MU,NASDAQ,Micron Technology Inc.,2026-04-23,1d,482.280000,493.620000,471.800000,481.720000,481.720000,38178000,FinMind
MU,NASDAQ,Micron Technology Inc.,2026-04-24,1d,495.920000,506.990000,489.360000,496.720000,496.720000,35379600,FinMind
MU,NASDAQ,Micron Technology Inc.,2026-04-27,1d,510.560000,531.360000,510.020000,524.560000,524.560000,41298800,FinMind
MU,NASDAQ,Micron Technology Inc.,2026-04-28,1d,503.540000,518.830000,488.230000,504.290000,504.290000,44816600,FinMind
MU,NASDAQ,Micron Technology Inc.,2026-04-29,1d,526.000000,531.020000,508.800000,518.460000,518.460000,36248500,FinMind
MU,NASDAQ,Micron Technology Inc.,2026-04-30,1d,529.740000,535.500000,502.580000,517.160000,517.160000,36554400,FinMind
MU,NASDAQ,Micron Technology Inc.,2026-05-01,1d,511.780000,545.910000,510.210000,542.210000,542.210000,40215300,FinMind
MU,NASDAQ,Micron Technology Inc.,2026-05-04,1d,560.600000,592.800000,557.760000,576.450000,576.450000,46043700,FinMind
MU,NASDAQ,Micron Technology Inc.,2026-05-05,1d,609.780000,651.740000,605.470000,640.200000,640.200000,64268500,FinMind
MU,NASDAQ,Micron Technology Inc.,2026-05-06,1d,660.370000,667.670000,627.580000,666.590000,666.590000,55725800,FinMind
MU,NASDAQ,Micron Technology Inc.,2026-05-07,1d,649.830000,683.090000,635.420000,646.630000,646.630000,47527500,FinMind
MU,NASDAQ,Micron Technology Inc.,2026-05-08,1d,676.450000,747.210000,676.210000,746.810000,746.810000,65130900,FinMind
MU,NASDAQ,Micron Technology Inc.,2026-05-11,1d,792.980000,818.670000,768.000000,795.330000,795.330000,70972900,FinMind
MU,NASDAQ,Micron Technology Inc.,2026-05-12,1d,774.700000,782.760000,706.600000,766.580000,766.580000,73743000,FinMind
MU,NASDAQ,Micron Technology Inc.,2026-05-13,1d,813.160000,814.950000,779.470000,803.630000,803.630000,54875100,FinMind
MU,NASDAQ,Micron Technology Inc.,2026-05-14,1d,787.620000,812.000000,775.630000,776.010000,776.010000,42142700,FinMind
MU,NASDAQ,Micron Technology Inc.,2026-05-15,1d,732.570000,749.590000,719.000000,724.660000,724.660000,48519000,FinMind
MU,NASDAQ,Micron Technology Inc.,2026-05-18,1d,750.460000,757.000000,663.250000,681.540000,681.540000,60042500,FinMind
MU,NASDAQ,Micron Technology Inc.,2026-05-19,1d,665.580000,725.950000,652.210000,698.740000,698.740000,61792100,FinMind
MU,NASDAQ,Micron Technology Inc.,2026-05-20,1d,734.960000,735.680000,700.660000,731.990000,731.990000,48827400,FinMind
MU,NASDAQ,Micron Technology Inc.,2026-05-21,1d,736.360000,764.900000,732.200000,762.100000,762.100000,42461500,FinMind
MU,NASDAQ,Micron Technology Inc.,2026-05-22,1d,756.820000,780.200000,747.200000,751.000000,751.000000,36002900,FinMind
MU,NASDAQ,Micron Technology Inc.,2026-05-26,1d,820.500000,916.800000,820.300000,895.880000,895.880000,76560800,FinMind
MU,NASDAQ,Micron Technology Inc.,2026-05-27,1d,955.660000,956.160000,888.150000,928.410000,928.410000,72295700,FinMind
MU,NASDAQ,Micron Technology Inc.,2026-05-28,1d,929.830000,949.490000,904.780000,923.520000,923.520000,49694300,FinMind
MU,NASDAQ,Micron Technology Inc.,2026-05-29,1d,957.000000,981.000000,940.510000,971.000000,971.000000,60498600,FinMind
MU,NASDAQ,Micron Technology Inc.,2026-06-01,1d,1009.720000,1046.970000,1009.500000,1035.500000,1035.500000,46552100,FinMind
MU,NASDAQ,Micron Technology Inc.,2026-06-02,1d,1049.690000,1076.520000,1017.270000,1064.100000,1064.100000,46275666,FinMind
NVDA,NASDAQ,NVIDIA Corporation,2025-06-03,1d,138.780000,142.000000,137.950000,141.220000,141.190000,225578800,FinMind
NVDA,NASDAQ,NVIDIA Corporation,2025-06-04,1d,142.190000,142.390000,139.540000,141.920000,141.890000,167120800,FinMind
NVDA,NASDAQ,NVIDIA Corporation,2025-06-05,1d,142.170000,144.000000,138.830000,139.990000,139.960000,231397900,FinMind
NVDA,NASDAQ,NVIDIA Corporation,2025-06-06,1d,142.510000,143.270000,141.510000,141.720000,141.690000,153986200,FinMind
NVDA,NASDAQ,NVIDIA Corporation,2025-06-09,1d,143.190000,145.000000,141.940000,142.630000,142.600000,185114500,FinMind
NVDA,NASDAQ,NVIDIA Corporation,2025-06-10,1d,142.690000,144.290000,141.530000,143.960000,143.930000,155881900,FinMind
NVDA,NASDAQ,NVIDIA Corporation,2025-06-11,1d,144.610000,144.990000,141.870000,142.830000,142.810000,167694000,FinMind
NVDA,NASDAQ,NVIDIA Corporation,2025-06-12,1d,141.970000,145.000000,141.850000,145.000000,144.980000,162365000,FinMind
NVDA,NASDAQ,NVIDIA Corporation,2025-06-13,1d,142.480000,143.580000,140.850000,141.970000,141.950000,180820600,FinMind
NVDA,NASDAQ,NVIDIA Corporation,2025-06-16,1d,143.350000,146.180000,143.200000,144.690000,144.670000,183133700,FinMind
NVDA,NASDAQ,NVIDIA Corporation,2025-06-17,1d,144.490000,145.220000,143.780000,144.120000,144.100000,139108000,FinMind
NVDA,NASDAQ,NVIDIA Corporation,2025-06-18,1d,144.010000,145.650000,143.120000,145.480000,145.460000,161494100,FinMind
NVDA,NASDAQ,NVIDIA Corporation,2025-06-20,1d,145.450000,146.200000,142.650000,143.850000,143.830000,242956200,FinMind
NVDA,NASDAQ,NVIDIA Corporation,2025-06-23,1d,142.500000,144.780000,142.030000,144.170000,144.150000,154308900,FinMind
NVDA,NASDAQ,NVIDIA Corporation,2025-06-24,1d,145.560000,147.960000,145.500000,147.900000,147.880000,187566100,FinMind
NVDA,NASDAQ,NVIDIA Corporation,2025-06-25,1d,149.270000,154.450000,149.260000,154.310000,154.280000,269146500,FinMind
NVDA,NASDAQ,NVIDIA Corporation,2025-06-26,1d,155.980000,156.720000,154.000000,155.020000,154.990000,198145700,FinMind
NVDA,NASDAQ,NVIDIA Corporation,2025-06-27,1d,156.040000,158.710000,155.260000,157.750000,157.720000,263234500,FinMind
NVDA,NASDAQ,NVIDIA Corporation,2025-06-30,1d,158.400000,158.660000,155.960000,157.990000,157.960000,194580300,FinMind
NVDA,NASDAQ,NVIDIA Corporation,2025-07-01,1d,156.290000,157.200000,151.490000,153.300000,153.270000,213143600,FinMind
NVDA,NASDAQ,NVIDIA Corporation,2025-07-02,1d,152.980000,157.600000,152.970000,157.250000,157.220000,171224100,FinMind
NVDA,NASDAQ,NVIDIA Corporation,2025-07-03,1d,158.370000,160.980000,157.770000,159.340000,159.310000,143716100,FinMind
NVDA,NASDAQ,NVIDIA Corporation,2025-07-07,1d,158.200000,159.310000,157.340000,158.240000,158.210000,140139000,FinMind
NVDA,NASDAQ,NVIDIA Corporation,2025-07-08,1d,159.330000,160.220000,158.390000,160.000000,159.970000,138133000,FinMind
NVDA,NASDAQ,NVIDIA Corporation,2025-07-09,1d,161.220000,164.420000,161.160000,162.880000,162.850000,183656400,FinMind
NVDA,NASDAQ,NVIDIA Corporation,2025-07-10,1d,164.320000,164.500000,161.610000,164.100000,164.070000,167704100,FinMind
NVDA,NASDAQ,NVIDIA Corporation,2025-07-11,1d,163.720000,167.890000,163.470000,164.920000,164.890000,193633300,FinMind
NVDA,NASDAQ,NVIDIA Corporation,2025-07-14,1d,165.370000,165.490000,162.020000,164.070000,164.040000,136975800,FinMind
NVDA,NASDAQ,NVIDIA Corporation,2025-07-15,1d,171.190000,172.400000,169.200000,170.700000,170.670000,230627400,FinMind
NVDA,NASDAQ,NVIDIA Corporation,2025-07-16,1d,171.060000,171.750000,168.900000,171.370000,171.340000,158831500,FinMind
NVDA,NASDAQ,NVIDIA Corporation,2025-07-17,1d,172.020000,174.160000,170.830000,173.000000,172.970000,160841100,FinMind
NVDA,NASDAQ,NVIDIA Corporation,2025-07-18,1d,173.640000,174.250000,171.260000,172.410000,172.380000,146456400,FinMind
NVDA,NASDAQ,NVIDIA Corporation,2025-07-21,1d,172.750000,173.380000,171.000000,171.380000,171.350000,123126100,FinMind
NVDA,NASDAQ,NVIDIA Corporation,2025-07-22,1d,171.340000,171.390000,164.580000,167.030000,167.000000,193114300,FinMind
NVDA,NASDAQ,NVIDIA Corporation,2025-07-23,1d,169.530000,171.260000,167.970000,170.780000,170.750000,154082200,FinMind
NVDA,NASDAQ,NVIDIA Corporation,2025-07-24,1d,172.440000,173.830000,171.300000,173.740000,173.710000,128984600,FinMind
NVDA,NASDAQ,NVIDIA Corporation,2025-07-25,1d,173.610000,174.720000,172.960000,173.500000,173.470000,122316800,FinMind
NVDA,NASDAQ,NVIDIA Corporation,2025-07-28,1d,174.020000,177.000000,173.970000,176.750000,176.720000,140023500,FinMind
NVDA,NASDAQ,NVIDIA Corporation,2025-07-29,1d,177.960000,179.380000,175.020000,175.510000,175.480000,154077500,FinMind
NVDA,NASDAQ,NVIDIA Corporation,2025-07-30,1d,176.510000,179.890000,176.040000,179.270000,179.240000,174312200,FinMind
NVDA,NASDAQ,NVIDIA Corporation,2025-07-31,1d,182.900000,183.300000,175.930000,177.870000,177.840000,221685400,FinMind
NVDA,NASDAQ,NVIDIA Corporation,2025-08-01,1d,174.090000,176.540000,170.890000,173.720000,173.690000,204529000,FinMind
NVDA,NASDAQ,NVIDIA Corporation,2025-08-04,1d,175.160000,180.200000,174.520000,180.000000,179.970000,148174600,FinMind
NVDA,NASDAQ,NVIDIA Corporation,2025-08-05,1d,179.620000,180.260000,175.900000,178.260000,178.230000,156407600,FinMind
NVDA,NASDAQ,NVIDIA Corporation,2025-08-06,1d,176.330000,179.900000,176.250000,179.420000,179.390000,137192300,FinMind
NVDA,NASDAQ,NVIDIA Corporation,2025-08-07,1d,181.570000,183.880000,178.800000,180.770000,180.740000,151878400,FinMind
NVDA,NASDAQ,NVIDIA Corporation,2025-08-08,1d,181.550000,183.300000,180.400000,182.700000,182.670000,123396700,FinMind
NVDA,NASDAQ,NVIDIA Corporation,2025-08-11,1d,182.050000,183.840000,180.250000,182.060000,182.030000,138323200,FinMind
NVDA,NASDAQ,NVIDIA Corporation,2025-08-12,1d,182.960000,184.480000,179.460000,183.160000,183.130000,145485700,FinMind
NVDA,NASDAQ,NVIDIA Corporation,2025-08-13,1d,182.620000,183.970000,179.350000,181.590000,181.560000,179871700,FinMind
NVDA,NASDAQ,NVIDIA Corporation,2025-08-14,1d,179.750000,183.020000,179.460000,182.020000,181.990000,129554000,FinMind
NVDA,NASDAQ,NVIDIA Corporation,2025-08-15,1d,181.880000,181.900000,178.040000,180.450000,180.420000,156602200,FinMind
NVDA,NASDAQ,NVIDIA Corporation,2025-08-18,1d,180.600000,182.940000,180.590000,182.010000,181.980000,132008000,FinMind
NVDA,NASDAQ,NVIDIA Corporation,2025-08-19,1d,182.430000,182.500000,175.490000,175.640000,175.610000,185229200,FinMind
NVDA,NASDAQ,NVIDIA Corporation,2025-08-20,1d,175.170000,176.000000,168.800000,175.400000,175.370000,215142700,FinMind
NVDA,NASDAQ,NVIDIA Corporation,2025-08-21,1d,174.850000,176.900000,173.810000,174.980000,174.950000,140040900,FinMind
NVDA,NASDAQ,NVIDIA Corporation,2025-08-22,1d,172.610000,178.590000,171.200000,177.990000,177.960000,172789400,FinMind
NVDA,NASDAQ,NVIDIA Corporation,2025-08-25,1d,178.350000,181.910000,176.570000,179.810000,179.780000,163012800,FinMind
NVDA,NASDAQ,NVIDIA Corporation,2025-08-26,1d,180.060000,182.390000,178.810000,181.770000,181.740000,168688200,FinMind
NVDA,NASDAQ,NVIDIA Corporation,2025-08-27,1d,181.980000,182.490000,179.100000,181.600000,181.570000,235518900,FinMind
NVDA,NASDAQ,NVIDIA Corporation,2025-08-28,1d,180.820000,184.470000,176.410000,180.170000,180.140000,281787800,FinMind
NVDA,NASDAQ,NVIDIA Corporation,2025-08-29,1d,178.110000,178.150000,173.150000,174.180000,174.150000,243257900,FinMind
NVDA,NASDAQ,NVIDIA Corporation,2025-09-02,1d,170.000000,172.380000,167.220000,170.780000,170.750000,231164900,FinMind
NVDA,NASDAQ,NVIDIA Corporation,2025-09-03,1d,171.060000,172.410000,168.880000,170.620000,170.590000,164424900,FinMind
NVDA,NASDAQ,NVIDIA Corporation,2025-09-04,1d,170.570000,171.860000,169.410000,171.660000,171.630000,141670100,FinMind
NVDA,NASDAQ,NVIDIA Corporation,2025-09-05,1d,168.030000,169.030000,164.070000,167.020000,166.990000,224441400,FinMind
NVDA,NASDAQ,NVIDIA Corporation,2025-09-08,1d,167.550000,170.960000,167.350000,168.310000,168.280000,163769100,FinMind
NVDA,NASDAQ,NVIDIA Corporation,2025-09-09,1d,169.090000,170.980000,166.740000,170.760000,170.730000,157548400,FinMind
NVDA,NASDAQ,NVIDIA Corporation,2025-09-10,1d,176.640000,179.290000,175.470000,177.330000,177.300000,226852000,FinMind
NVDA,NASDAQ,NVIDIA Corporation,2025-09-11,1d,179.680000,180.280000,176.480000,177.170000,177.150000,151159300,FinMind
NVDA,NASDAQ,NVIDIA Corporation,2025-09-12,1d,177.770000,178.600000,176.450000,177.820000,177.800000,124911000,FinMind
NVDA,NASDAQ,NVIDIA Corporation,2025-09-15,1d,175.670000,178.850000,174.510000,177.750000,177.730000,147061600,FinMind
NVDA,NASDAQ,NVIDIA Corporation,2025-09-16,1d,177.000000,177.500000,174.380000,174.880000,174.860000,140737800,FinMind
NVDA,NASDAQ,NVIDIA Corporation,2025-09-17,1d,172.640000,173.200000,168.410000,170.290000,170.270000,211843800,FinMind
NVDA,NASDAQ,NVIDIA Corporation,2025-09-18,1d,173.980000,177.100000,172.960000,176.240000,176.220000,191763300,FinMind
NVDA,NASDAQ,NVIDIA Corporation,2025-09-19,1d,175.770000,178.080000,175.180000,176.670000,176.650000,237182100,FinMind
NVDA,NASDAQ,NVIDIA Corporation,2025-09-22,1d,175.300000,184.550000,174.710000,183.610000,183.590000,269637000,FinMind
NVDA,NASDAQ,NVIDIA Corporation,2025-09-23,1d,181.970000,182.420000,176.210000,178.430000,178.410000,192559600,FinMind
NVDA,NASDAQ,NVIDIA Corporation,2025-09-24,1d,179.770000,179.780000,175.400000,176.970000,176.950000,143564100,FinMind
NVDA,NASDAQ,NVIDIA Corporation,2025-09-25,1d,174.480000,180.260000,173.130000,177.690000,177.670000,191586700,FinMind
NVDA,NASDAQ,NVIDIA Corporation,2025-09-26,1d,178.170000,179.770000,174.930000,178.190000,178.170000,148573700,FinMind
NVDA,NASDAQ,NVIDIA Corporation,2025-09-29,1d,180.430000,184.000000,180.320000,181.850000,181.830000,193063500,FinMind
NVDA,NASDAQ,NVIDIA Corporation,2025-09-30,1d,182.080000,187.350000,181.480000,186.580000,186.560000,236981000,FinMind
NVDA,NASDAQ,NVIDIA Corporation,2025-10-01,1d,185.240000,188.140000,183.900000,187.240000,187.220000,173844900,FinMind
NVDA,NASDAQ,NVIDIA Corporation,2025-10-02,1d,189.600000,191.050000,188.060000,188.890000,188.870000,136805800,FinMind
NVDA,NASDAQ,NVIDIA Corporation,2025-10-03,1d,189.190000,190.360000,185.380000,187.620000,187.600000,137596900,FinMind
NVDA,NASDAQ,NVIDIA Corporation,2025-10-06,1d,185.500000,187.230000,183.330000,185.540000,185.520000,157678100,FinMind
NVDA,NASDAQ,NVIDIA Corporation,2025-10-07,1d,186.230000,189.060000,184.000000,185.040000,185.020000,140088000,FinMind
NVDA,NASDAQ,NVIDIA Corporation,2025-10-08,1d,186.570000,189.600000,186.540000,189.110000,189.090000,130168900,FinMind
NVDA,NASDAQ,NVIDIA Corporation,2025-10-09,1d,192.230000,195.300000,191.060000,192.570000,192.550000,182997200,FinMind
NVDA,NASDAQ,NVIDIA Corporation,2025-10-10,1d,193.510000,195.620000,182.050000,183.160000,183.140000,268774400,FinMind
NVDA,NASDAQ,NVIDIA Corporation,2025-10-13,1d,187.970000,190.110000,185.960000,188.320000,188.300000,153482800,FinMind
NVDA,NASDAQ,NVIDIA Corporation,2025-10-14,1d,184.770000,184.800000,179.700000,180.030000,180.010000,205641400,FinMind
NVDA,NASDAQ,NVIDIA Corporation,2025-10-15,1d,184.800000,184.870000,177.290000,179.830000,179.810000,214450500,FinMind
NVDA,NASDAQ,NVIDIA Corporation,2025-10-16,1d,182.230000,183.280000,179.770000,181.810000,181.790000,179723300,FinMind
NVDA,NASDAQ,NVIDIA Corporation,2025-10-17,1d,180.180000,184.100000,179.750000,183.220000,183.200000,173135200,FinMind
NVDA,NASDAQ,NVIDIA Corporation,2025-10-20,1d,183.130000,185.200000,181.730000,182.640000,182.620000,128544700,FinMind
NVDA,NASDAQ,NVIDIA Corporation,2025-10-21,1d,182.790000,182.790000,179.800000,181.160000,181.140000,124240200,FinMind
NVDA,NASDAQ,NVIDIA Corporation,2025-10-22,1d,181.140000,183.440000,176.760000,180.280000,180.260000,162249600,FinMind
NVDA,NASDAQ,NVIDIA Corporation,2025-10-23,1d,180.420000,183.030000,179.790000,182.160000,182.140000,111363700,FinMind
NVDA,NASDAQ,NVIDIA Corporation,2025-10-24,1d,183.840000,187.470000,183.500000,186.260000,186.240000,131296700,FinMind
NVDA,NASDAQ,NVIDIA Corporation,2025-10-27,1d,189.990000,192.000000,188.430000,191.490000,191.470000,153452700,FinMind
NVDA,NASDAQ,NVIDIA Corporation,2025-10-28,1d,193.050000,203.150000,191.910000,201.030000,201.010000,297986200,FinMind
NVDA,NASDAQ,NVIDIA Corporation,2025-10-29,1d,207.980000,212.190000,204.780000,207.040000,207.020000,308829600,FinMind
NVDA,NASDAQ,NVIDIA Corporation,2025-10-30,1d,205.150000,206.160000,201.410000,202.890000,202.870000,178864400,FinMind
NVDA,NASDAQ,NVIDIA Corporation,2025-10-31,1d,206.450000,207.970000,202.070000,202.490000,202.470000,179802200,FinMind
NVDA,NASDAQ,NVIDIA Corporation,2025-11-03,1d,208.080000,211.340000,205.560000,206.880000,206.860000,180267300,FinMind
NVDA,NASDAQ,NVIDIA Corporation,2025-11-04,1d,203.000000,203.970000,197.930000,198.690000,198.670000,188919300,FinMind
NVDA,NASDAQ,NVIDIA Corporation,2025-11-05,1d,198.770000,202.920000,194.650000,195.210000,195.190000,171350300,FinMind
NVDA,NASDAQ,NVIDIA Corporation,2025-11-06,1d,196.420000,197.620000,186.380000,188.080000,188.060000,223029800,FinMind
NVDA,NASDAQ,NVIDIA Corporation,2025-11-07,1d,184.900000,188.320000,178.910000,188.150000,188.130000,264942300,FinMind
NVDA,NASDAQ,NVIDIA Corporation,2025-11-10,1d,195.110000,199.940000,193.790000,199.050000,199.030000,198897100,FinMind
NVDA,NASDAQ,NVIDIA Corporation,2025-11-11,1d,195.160000,195.420000,191.300000,193.160000,193.140000,176483300,FinMind
NVDA,NASDAQ,NVIDIA Corporation,2025-11-12,1d,195.720000,195.890000,191.130000,193.800000,193.780000,154935300,FinMind
NVDA,NASDAQ,NVIDIA Corporation,2025-11-13,1d,191.050000,191.440000,183.850000,186.860000,186.840000,207423100,FinMind
NVDA,NASDAQ,NVIDIA Corporation,2025-11-14,1d,182.860000,191.010000,180.580000,190.170000,190.150000,186591900,FinMind
NVDA,NASDAQ,NVIDIA Corporation,2025-11-17,1d,185.970000,189.000000,184.320000,186.600000,186.580000,173628900,FinMind
NVDA,NASDAQ,NVIDIA Corporation,2025-11-18,1d,183.380000,184.800000,179.650000,181.360000,181.340000,213598900,FinMind
NVDA,NASDAQ,NVIDIA Corporation,2025-11-19,1d,184.790000,187.860000,182.830000,186.520000,186.500000,247246400,FinMind
NVDA,NASDAQ,NVIDIA Corporation,2025-11-20,1d,195.950000,196.000000,179.850000,180.640000,180.620000,343504800,FinMind
NVDA,NASDAQ,NVIDIA Corporation,2025-11-21,1d,181.240000,184.560000,172.930000,178.880000,178.860000,346926200,FinMind
NVDA,NASDAQ,NVIDIA Corporation,2025-11-24,1d,179.490000,183.500000,176.480000,182.550000,182.530000,256618300,FinMind
NVDA,NASDAQ,NVIDIA Corporation,2025-11-25,1d,174.910000,178.160000,169.550000,177.820000,177.800000,320600300,FinMind
NVDA,NASDAQ,NVIDIA Corporation,2025-11-26,1d,181.630000,182.910000,178.240000,180.260000,180.240000,183852000,FinMind
NVDA,NASDAQ,NVIDIA Corporation,2025-11-28,1d,179.010000,179.290000,176.500000,177.000000,176.980000,121332800,FinMind
NVDA,NASDAQ,NVIDIA Corporation,2025-12-01,1d,174.760000,180.300000,173.680000,179.920000,179.900000,188131000,FinMind
NVDA,NASDAQ,NVIDIA Corporation,2025-12-02,1d,181.760000,185.660000,180.000000,181.460000,181.440000,182632200,FinMind
NVDA,NASDAQ,NVIDIA Corporation,2025-12-03,1d,181.080000,182.450000,179.110000,179.590000,179.570000,165138000,FinMind
NVDA,NASDAQ,NVIDIA Corporation,2025-12-04,1d,181.620000,184.520000,179.960000,183.380000,183.370000,167364900,FinMind
NVDA,NASDAQ,NVIDIA Corporation,2025-12-05,1d,183.890000,184.660000,180.910000,182.410000,182.400000,143971100,FinMind
NVDA,NASDAQ,NVIDIA Corporation,2025-12-08,1d,182.640000,188.000000,182.400000,185.550000,185.540000,204378100,FinMind
NVDA,NASDAQ,NVIDIA Corporation,2025-12-09,1d,185.560000,185.720000,183.320000,184.970000,184.960000,144719700,FinMind
NVDA,NASDAQ,NVIDIA Corporation,2025-12-10,1d,184.970000,185.480000,182.040000,183.780000,183.770000,162785400,FinMind
NVDA,NASDAQ,NVIDIA Corporation,2025-12-11,1d,180.280000,181.320000,176.620000,180.930000,180.920000,182136600,FinMind
NVDA,NASDAQ,NVIDIA Corporation,2025-12-12,1d,181.110000,182.820000,174.620000,175.020000,175.010000,204274900,FinMind
NVDA,NASDAQ,NVIDIA Corporation,2025-12-15,1d,177.940000,178.420000,175.030000,176.290000,176.280000,164775600,FinMind
NVDA,NASDAQ,NVIDIA Corporation,2025-12-16,1d,176.260000,178.490000,174.900000,177.720000,177.710000,148588100,FinMind
NVDA,NASDAQ,NVIDIA Corporation,2025-12-17,1d,176.100000,176.130000,170.310000,170.940000,170.930000,222775500,FinMind
NVDA,NASDAQ,NVIDIA Corporation,2025-12-18,1d,174.530000,176.150000,171.820000,174.140000,174.130000,176096000,FinMind
NVDA,NASDAQ,NVIDIA Corporation,2025-12-19,1d,176.670000,181.450000,176.340000,180.990000,180.980000,324925900,FinMind
NVDA,NASDAQ,NVIDIA Corporation,2025-12-22,1d,183.920000,184.160000,182.350000,183.690000,183.680000,129064400,FinMind
NVDA,NASDAQ,NVIDIA Corporation,2025-12-23,1d,182.970000,189.330000,182.900000,189.210000,189.200000,174873600,FinMind
NVDA,NASDAQ,NVIDIA Corporation,2025-12-24,1d,187.940000,188.910000,186.590000,188.610000,188.600000,65528500,FinMind
NVDA,NASDAQ,NVIDIA Corporation,2025-12-26,1d,189.920000,192.690000,188.000000,190.530000,190.520000,139740300,FinMind
NVDA,NASDAQ,NVIDIA Corporation,2025-12-29,1d,187.710000,188.760000,185.910000,188.220000,188.210000,120006100,FinMind
NVDA,NASDAQ,NVIDIA Corporation,2025-12-30,1d,188.240000,188.990000,186.930000,187.540000,187.530000,97687300,FinMind
NVDA,NASDAQ,NVIDIA Corporation,2025-12-31,1d,189.570000,190.560000,186.490000,186.500000,186.490000,120100500,FinMind
NVDA,NASDAQ,NVIDIA Corporation,2026-01-02,1d,189.840000,192.930000,188.260000,188.850000,188.840000,148240500,FinMind
NVDA,NASDAQ,NVIDIA Corporation,2026-01-05,1d,191.760000,193.630000,186.150000,188.120000,188.110000,183529700,FinMind
NVDA,NASDAQ,NVIDIA Corporation,2026-01-06,1d,190.520000,192.170000,186.820000,187.240000,187.230000,176862600,FinMind
NVDA,NASDAQ,NVIDIA Corporation,2026-01-07,1d,188.570000,191.370000,186.560000,189.110000,189.100000,153543200,FinMind
NVDA,NASDAQ,NVIDIA Corporation,2026-01-08,1d,189.110000,189.550000,183.710000,185.040000,185.030000,172457000,FinMind
NVDA,NASDAQ,NVIDIA Corporation,2026-01-09,1d,185.080000,186.340000,183.670000,184.860000,184.850000,131327500,FinMind
NVDA,NASDAQ,NVIDIA Corporation,2026-01-12,1d,183.220000,187.120000,183.020000,184.940000,184.930000,137968500,FinMind
NVDA,NASDAQ,NVIDIA Corporation,2026-01-13,1d,185.000000,188.110000,183.400000,185.810000,185.800000,160128900,FinMind
NVDA,NASDAQ,NVIDIA Corporation,2026-01-14,1d,184.320000,184.460000,180.800000,183.140000,183.130000,159586100,FinMind
NVDA,NASDAQ,NVIDIA Corporation,2026-01-15,1d,186.500000,189.700000,186.330000,187.050000,187.040000,206188600,FinMind
NVDA,NASDAQ,NVIDIA Corporation,2026-01-16,1d,189.080000,190.440000,186.080000,186.230000,186.220000,187967200,FinMind
NVDA,NASDAQ,NVIDIA Corporation,2026-01-20,1d,181.900000,182.380000,177.610000,178.070000,178.060000,223345300,FinMind
NVDA,NASDAQ,NVIDIA Corporation,2026-01-21,1d,179.050000,185.380000,178.400000,183.320000,183.310000,200381000,FinMind
NVDA,NASDAQ,NVIDIA Corporation,2026-01-22,1d,184.750000,186.170000,183.930000,184.840000,184.830000,139636600,FinMind
NVDA,NASDAQ,NVIDIA Corporation,2026-01-23,1d,187.500000,189.600000,186.820000,187.670000,187.660000,142748100,FinMind
NVDA,NASDAQ,NVIDIA Corporation,2026-01-26,1d,187.160000,189.120000,185.990000,186.470000,186.460000,124799600,FinMind
NVDA,NASDAQ,NVIDIA Corporation,2026-01-27,1d,187.240000,190.000000,185.700000,188.520000,188.510000,143711600,FinMind
NVDA,NASDAQ,NVIDIA Corporation,2026-01-28,1d,191.270000,192.350000,189.840000,191.520000,191.510000,148552700,FinMind
NVDA,NASDAQ,NVIDIA Corporation,2026-01-29,1d,191.340000,193.480000,186.060000,192.510000,192.500000,171764400,FinMind
NVDA,NASDAQ,NVIDIA Corporation,2026-01-30,1d,191.210000,194.490000,189.470000,191.130000,191.120000,179489500,FinMind
NVDA,NASDAQ,NVIDIA Corporation,2026-02-02,1d,187.200000,190.300000,184.880000,185.610000,185.600000,165794100,FinMind
NVDA,NASDAQ,NVIDIA Corporation,2026-02-03,1d,186.240000,186.270000,176.230000,180.340000,180.330000,204019600,FinMind
NVDA,NASDAQ,NVIDIA Corporation,2026-02-04,1d,179.460000,179.580000,171.910000,174.190000,174.180000,207014100,FinMind
NVDA,NASDAQ,NVIDIA Corporation,2026-02-05,1d,174.930000,176.820000,171.030000,171.880000,171.870000,206312900,FinMind
NVDA,NASDAQ,NVIDIA Corporation,2026-02-06,1d,176.690000,187.000000,174.600000,185.410000,185.400000,231346200,FinMind
NVDA,NASDAQ,NVIDIA Corporation,2026-02-09,1d,184.260000,193.660000,183.950000,190.040000,190.030000,196387400,FinMind
NVDA,NASDAQ,NVIDIA Corporation,2026-02-10,1d,191.380000,192.480000,188.120000,188.540000,188.530000,136764800,FinMind
NVDA,NASDAQ,NVIDIA Corporation,2026-02-11,1d,192.450000,193.260000,188.770000,190.050000,190.040000,144192700,FinMind
NVDA,NASDAQ,NVIDIA Corporation,2026-02-12,1d,193.030000,193.610000,186.510000,186.940000,186.930000,189932500,FinMind
NVDA,NASDAQ,NVIDIA Corporation,2026-02-13,1d,187.480000,187.500000,181.590000,182.810000,182.800000,161888000,FinMind
NVDA,NASDAQ,NVIDIA Corporation,2026-02-17,1d,181.750000,187.150000,179.180000,184.970000,184.960000,162276900,FinMind
NVDA,NASDAQ,NVIDIA Corporation,2026-02-18,1d,188.750000,190.370000,186.760000,187.980000,187.970000,164749100,FinMind
NVDA,NASDAQ,NVIDIA Corporation,2026-02-19,1d,187.060000,188.430000,185.660000,187.900000,187.890000,126554500,FinMind
NVDA,NASDAQ,NVIDIA Corporation,2026-02-20,1d,186.570000,190.330000,185.940000,189.820000,189.810000,178422300,FinMind
NVDA,NASDAQ,NVIDIA Corporation,2026-02-23,1d,191.400000,193.950000,189.580000,191.550000,191.540000,171584800,FinMind
NVDA,NASDAQ,NVIDIA Corporation,2026-02-24,1d,191.490000,193.770000,187.400000,192.850000,192.840000,175123600,FinMind
NVDA,NASDAQ,NVIDIA Corporation,2026-02-25,1d,194.450000,197.630000,193.790000,195.560000,195.550000,250637100,FinMind
NVDA,NASDAQ,NVIDIA Corporation,2026-02-26,1d,194.270000,194.290000,184.320000,184.890000,184.880000,360807900,FinMind
NVDA,NASDAQ,NVIDIA Corporation,2026-02-27,1d,181.250000,182.590000,176.380000,177.190000,177.180000,311636500,FinMind
NVDA,NASDAQ,NVIDIA Corporation,2026-03-02,1d,175.010000,183.460000,174.640000,182.480000,182.470000,209095300,FinMind
NVDA,NASDAQ,NVIDIA Corporation,2026-03-03,1d,178.490000,180.900000,176.920000,180.050000,180.040000,178099400,FinMind
NVDA,NASDAQ,NVIDIA Corporation,2026-03-04,1d,180.440000,184.700000,180.060000,183.040000,183.030000,177731200,FinMind
NVDA,NASDAQ,NVIDIA Corporation,2026-03-05,1d,181.170000,184.060000,177.880000,183.340000,183.330000,198779700,FinMind
NVDA,NASDAQ,NVIDIA Corporation,2026-03-06,1d,179.840000,182.760000,176.820000,177.820000,177.810000,189021900,FinMind
NVDA,NASDAQ,NVIDIA Corporation,2026-03-09,1d,176.830000,182.910000,175.560000,182.650000,182.640000,177213600,FinMind
NVDA,NASDAQ,NVIDIA Corporation,2026-03-10,1d,182.400000,186.440000,182.010000,184.770000,184.760000,179118500,FinMind
NVDA,NASDAQ,NVIDIA Corporation,2026-03-11,1d,185.910000,187.620000,184.450000,186.030000,186.030000,145280400,FinMind
NVDA,NASDAQ,NVIDIA Corporation,2026-03-12,1d,184.050000,184.940000,181.750000,183.140000,183.140000,155762700,FinMind
NVDA,NASDAQ,NVIDIA Corporation,2026-03-13,1d,184.920000,186.090000,179.940000,180.250000,180.250000,160988400,FinMind
NVDA,NASDAQ,NVIDIA Corporation,2026-03-16,1d,182.970000,188.880000,181.410000,183.220000,183.220000,217307400,FinMind
NVDA,NASDAQ,NVIDIA Corporation,2026-03-17,1d,185.060000,185.400000,181.680000,181.930000,181.930000,182497800,FinMind
NVDA,NASDAQ,NVIDIA Corporation,2026-03-18,1d,182.480000,183.380000,180.330000,180.400000,180.400000,156683100,FinMind
NVDA,NASDAQ,NVIDIA Corporation,2026-03-19,1d,178.010000,179.980000,175.790000,178.560000,178.560000,170968500,FinMind
NVDA,NASDAQ,NVIDIA Corporation,2026-03-20,1d,178.000000,178.260000,171.720000,172.700000,172.700000,241323500,FinMind
NVDA,NASDAQ,NVIDIA Corporation,2026-03-23,1d,177.260000,178.370000,174.760000,175.640000,175.640000,182836300,FinMind
NVDA,NASDAQ,NVIDIA Corporation,2026-03-24,1d,174.830000,176.220000,173.980000,175.200000,175.200000,147667800,FinMind
NVDA,NASDAQ,NVIDIA Corporation,2026-03-25,1d,177.100000,181.220000,176.850000,178.680000,178.680000,162602100,FinMind
NVDA,NASDAQ,NVIDIA Corporation,2026-03-26,1d,176.070000,176.510000,171.140000,171.240000,171.240000,186152200,FinMind
NVDA,NASDAQ,NVIDIA Corporation,2026-03-27,1d,170.000000,170.970000,167.010000,167.520000,167.520000,196212700,FinMind
NVDA,NASDAQ,NVIDIA Corporation,2026-03-30,1d,168.780000,169.450000,164.270000,165.170000,165.170000,185627000,FinMind
NVDA,NASDAQ,NVIDIA Corporation,2026-03-31,1d,166.970000,174.620000,166.960000,174.400000,174.400000,226181300,FinMind
NVDA,NASDAQ,NVIDIA Corporation,2026-04-01,1d,176.000000,177.370000,174.750000,175.750000,175.750000,168132000,FinMind
NVDA,NASDAQ,NVIDIA Corporation,2026-04-02,1d,172.180000,177.490000,171.370000,177.390000,177.390000,143143200,FinMind
NVDA,NASDAQ,NVIDIA Corporation,2026-04-06,1d,177.160000,177.790000,175.760000,177.640000,177.640000,107564300,FinMind
NVDA,NASDAQ,NVIDIA Corporation,2026-04-07,1d,175.730000,178.230000,173.660000,178.100000,178.100000,132534900,FinMind
NVDA,NASDAQ,NVIDIA Corporation,2026-04-08,1d,184.500000,185.260000,180.300000,182.080000,182.080000,147732700,FinMind
NVDA,NASDAQ,NVIDIA Corporation,2026-04-09,1d,181.840000,184.080000,180.620000,183.910000,183.910000,116428500,FinMind
NVDA,NASDAQ,NVIDIA Corporation,2026-04-10,1d,184.310000,190.000000,184.300000,188.630000,188.630000,160459500,FinMind
NVDA,NASDAQ,NVIDIA Corporation,2026-04-13,1d,186.030000,189.660000,185.740000,189.310000,189.310000,133648200,FinMind
NVDA,NASDAQ,NVIDIA Corporation,2026-04-14,1d,190.840000,196.510000,190.770000,196.510000,196.510000,161307000,FinMind
NVDA,NASDAQ,NVIDIA Corporation,2026-04-15,1d,196.540000,200.400000,195.740000,198.870000,198.870000,185338400,FinMind
NVDA,NASDAQ,NVIDIA Corporation,2026-04-16,1d,197.430000,199.850000,195.810000,198.350000,198.350000,134012900,FinMind
NVDA,NASDAQ,NVIDIA Corporation,2026-04-17,1d,199.900000,201.700000,199.270000,201.680000,201.680000,160324400,FinMind
NVDA,NASDAQ,NVIDIA Corporation,2026-04-20,1d,199.980000,202.170000,197.840000,202.060000,202.060000,119381400,FinMind
NVDA,NASDAQ,NVIDIA Corporation,2026-04-21,1d,202.130000,202.750000,199.000000,199.880000,199.880000,107945300,FinMind
NVDA,NASDAQ,NVIDIA Corporation,2026-04-22,1d,200.990000,202.500000,199.000000,202.500000,202.500000,107501000,FinMind
NVDA,NASDAQ,NVIDIA Corporation,2026-04-23,1d,202.460000,203.830000,197.220000,199.640000,199.640000,113561800,FinMind
NVDA,NASDAQ,NVIDIA Corporation,2026-04-24,1d,199.960000,210.950000,199.810000,208.270000,208.270000,214134400,FinMind
NVDA,NASDAQ,NVIDIA Corporation,2026-04-27,1d,209.650000,216.830000,207.380000,216.610000,216.610000,187172400,FinMind
NVDA,NASDAQ,NVIDIA Corporation,2026-04-28,1d,209.490000,214.730000,208.200000,213.170000,213.170000,180275400,FinMind
NVDA,NASDAQ,NVIDIA Corporation,2026-04-29,1d,212.700000,212.720000,207.580000,209.250000,209.250000,123711800,FinMind
NVDA,NASDAQ,NVIDIA Corporation,2026-04-30,1d,209.930000,210.300000,198.700000,199.570000,199.570000,225239200,FinMind
NVDA,NASDAQ,NVIDIA Corporation,2026-05-01,1d,201.280000,203.000000,197.120000,198.450000,198.450000,128647000,FinMind
NVDA,NASDAQ,NVIDIA Corporation,2026-05-04,1d,199.500000,201.730000,194.740000,198.480000,198.480000,125368100,FinMind
NVDA,NASDAQ,NVIDIA Corporation,2026-05-05,1d,199.300000,200.240000,196.030000,196.500000,196.500000,113406600,FinMind
NVDA,NASDAQ,NVIDIA Corporation,2026-05-06,1d,199.890000,208.270000,198.610000,207.830000,207.830000,188362800,FinMind
NVDA,NASDAQ,NVIDIA Corporation,2026-05-07,1d,208.340000,214.200000,206.500000,211.500000,211.500000,168307900,FinMind
NVDA,NASDAQ,NVIDIA Corporation,2026-05-08,1d,213.030000,217.800000,212.890000,215.200000,215.200000,136421400,FinMind
NVDA,NASDAQ,NVIDIA Corporation,2026-05-11,1d,214.040000,222.300000,213.890000,219.440000,219.440000,160685800,FinMind
NVDA,NASDAQ,NVIDIA Corporation,2026-05-12,1d,218.550000,223.750000,214.920000,220.780000,220.780000,159176600,FinMind
NVDA,NASDAQ,NVIDIA Corporation,2026-05-13,1d,224.930000,227.840000,221.570000,225.830000,225.830000,150405400,FinMind
NVDA,NASDAQ,NVIDIA Corporation,2026-05-14,1d,229.850000,236.540000,229.300000,235.740000,235.740000,180782900,FinMind
NVDA,NASDAQ,NVIDIA Corporation,2026-05-15,1d,229.760000,231.500000,224.240000,225.320000,225.320000,180977600,FinMind
NVDA,NASDAQ,NVIDIA Corporation,2026-05-18,1d,229.870000,230.000000,218.370000,222.320000,222.320000,146280900,FinMind
NVDA,NASDAQ,NVIDIA Corporation,2026-05-19,1d,219.620000,224.480000,217.910000,220.610000,220.610000,140948200,FinMind
NVDA,NASDAQ,NVIDIA Corporation,2026-05-20,1d,223.180000,226.130000,220.500000,223.470000,223.470000,184201600,FinMind
NVDA,NASDAQ,NVIDIA Corporation,2026-05-21,1d,222.290000,227.400000,217.930000,219.510000,219.510000,203381800,FinMind
NVDA,NASDAQ,NVIDIA Corporation,2026-05-22,1d,220.900000,221.010000,214.800000,215.330000,215.330000,169275700,FinMind
NVDA,NASDAQ,NVIDIA Corporation,2026-05-26,1d,216.540000,218.180000,212.000000,214.860000,214.860000,187202600,FinMind
NVDA,NASDAQ,NVIDIA Corporation,2026-05-27,1d,214.120000,214.150000,208.780000,212.600000,212.600000,167601200,FinMind
NVDA,NASDAQ,NVIDIA Corporation,2026-05-28,1d,211.280000,215.520000,211.220000,214.250000,214.250000,143996000,FinMind
NVDA,NASDAQ,NVIDIA Corporation,2026-05-29,1d,214.580000,217.860000,211.130000,211.140000,211.140000,289410600,FinMind
NVDA,NASDAQ,NVIDIA Corporation,2026-06-01,1d,215.730000,224.870000,215.700000,224.360000,224.360000,212850700,FinMind
NVDA,NASDAQ,NVIDIA Corporation,2026-06-02,1d,227.190000,232.280000,221.350000,222.820000,222.820000,164860193,FinMind
PLTR,NASDAQ,Palantir Technologies Inc.,2025-06-03,1d,133.070000,135.280000,130.100000,133.170000,133.170000,91297700,FinMind
PLTR,NASDAQ,Palantir Technologies Inc.,2025-06-04,1d,132.800000,132.950000,125.580000,130.010000,130.010000,97306300,FinMind
PLTR,NASDAQ,Palantir Technologies Inc.,2025-06-05,1d,129.270000,132.850000,118.930000,119.910000,119.910000,131055900,FinMind
PLTR,NASDAQ,Palantir Technologies Inc.,2025-06-06,1d,123.730000,128.130000,121.920000,127.720000,127.720000,87175100,FinMind
PLTR,NASDAQ,Palantir Technologies Inc.,2025-06-09,1d,127.070000,132.230000,124.800000,132.060000,132.060000,74785600,FinMind
PLTR,NASDAQ,Palantir Technologies Inc.,2025-06-10,1d,131.020000,134.070000,129.410000,132.810000,132.810000,69308900,FinMind
PLTR,NASDAQ,Palantir Technologies Inc.,2025-06-11,1d,133.920000,140.000000,132.990000,136.390000,136.390000,97366000,FinMind
PLTR,NASDAQ,Palantir Technologies Inc.,2025-06-12,1d,136.400000,137.100000,134.630000,135.190000,135.190000,56248200,FinMind
PLTR,NASDAQ,Palantir Technologies Inc.,2025-06-13,1d,133.820000,139.990000,133.350000,137.400000,137.400000,93519000,FinMind
PLTR,NASDAQ,Palantir Technologies Inc.,2025-06-16,1d,140.030000,144.860000,139.810000,141.410000,141.410000,80779800,FinMind
PLTR,NASDAQ,Palantir Technologies Inc.,2025-06-17,1d,141.490000,141.690000,136.080000,138.200000,138.200000,70479100,FinMind
PLTR,NASDAQ,Palantir Technologies Inc.,2025-06-18,1d,139.040000,140.360000,137.490000,139.960000,139.960000,58260200,FinMind
PLTR,NASDAQ,Palantir Technologies Inc.,2025-06-20,1d,140.690000,142.240000,136.740000,137.300000,137.300000,87067000,FinMind
PLTR,NASDAQ,Palantir Technologies Inc.,2025-06-23,1d,138.900000,142.150000,135.960000,139.920000,139.920000,70501100,FinMind
PLTR,NASDAQ,Palantir Technologies Inc.,2025-06-24,1d,140.980000,143.660000,137.800000,143.230000,143.230000,58574200,FinMind
PLTR,NASDAQ,Palantir Technologies Inc.,2025-06-25,1d,144.490000,147.670000,141.530000,142.900000,142.900000,61435300,FinMind
PLTR,NASDAQ,Palantir Technologies Inc.,2025-06-26,1d,144.850000,148.210000,142.910000,144.250000,144.250000,69440500,FinMind
PLTR,NASDAQ,Palantir Technologies Inc.,2025-06-27,1d,144.870000,144.970000,130.540000,130.740000,130.740000,202598600,FinMind
PLTR,NASDAQ,Palantir Technologies Inc.,2025-06-30,1d,137.790000,138.880000,134.800000,136.320000,136.320000,97305600,FinMind
PLTR,NASDAQ,Palantir Technologies Inc.,2025-07-01,1d,135.270000,136.320000,128.510000,130.680000,130.680000,91479700,FinMind
PLTR,NASDAQ,Palantir Technologies Inc.,2025-07-02,1d,131.470000,133.600000,130.190000,132.120000,132.120000,59732000,FinMind
PLTR,NASDAQ,Palantir Technologies Inc.,2025-07-03,1d,134.360000,135.620000,132.510000,134.360000,134.360000,41812500,FinMind
PLTR,NASDAQ,Palantir Technologies Inc.,2025-07-07,1d,134.380000,139.290000,132.320000,139.120000,139.120000,71959700,FinMind
PLTR,NASDAQ,Palantir Technologies Inc.,2025-07-08,1d,138.770000,139.850000,135.790000,139.710000,139.710000,59834800,FinMind
PLTR,NASDAQ,Palantir Technologies Inc.,2025-07-09,1d,139.650000,143.170000,137.390000,143.130000,143.130000,68494800,FinMind
PLTR,NASDAQ,Palantir Technologies Inc.,2025-07-10,1d,143.310000,145.160000,139.530000,142.500000,142.500000,64383900,FinMind
PLTR,NASDAQ,Palantir Technologies Inc.,2025-07-11,1d,142.110000,144.580000,141.470000,142.100000,142.100000,52134800,FinMind
PLTR,NASDAQ,Palantir Technologies Inc.,2025-07-14,1d,142.720000,149.570000,142.220000,149.150000,149.150000,81774400,FinMind
PLTR,NASDAQ,Palantir Technologies Inc.,2025-07-15,1d,148.930000,150.620000,147.360000,148.580000,148.580000,59126200,FinMind
PLTR,NASDAQ,Palantir Technologies Inc.,2025-07-16,1d,149.300000,151.510000,147.670000,150.910000,150.910000,57550300,FinMind
PLTR,NASDAQ,Palantir Technologies Inc.,2025-07-17,1d,151.560000,155.680000,150.820000,153.990000,153.990000,60165500,FinMind
PLTR,NASDAQ,Palantir Technologies Inc.,2025-07-18,1d,154.860000,154.920000,151.900000,153.520000,153.520000,45771600,FinMind
PLTR,NASDAQ,Palantir Technologies Inc.,2025-07-21,1d,153.880000,155.440000,151.360000,151.790000,151.790000,45072800,FinMind
PLTR,NASDAQ,Palantir Technologies Inc.,2025-07-22,1d,150.850000,151.790000,145.060000,149.070000,149.070000,49880800,FinMind
PLTR,NASDAQ,Palantir Technologies Inc.,2025-07-23,1d,149.740000,155.000000,148.290000,154.630000,154.630000,48062000,FinMind
PLTR,NASDAQ,Palantir Technologies Inc.,2025-07-24,1d,153.980000,155.630000,152.570000,154.860000,154.860000,38925700,FinMind
PLTR,NASDAQ,Palantir Technologies Inc.,2025-07-25,1d,155.630000,160.390000,155.580000,158.800000,158.800000,57972300,FinMind
PLTR,NASDAQ,Palantir Technologies Inc.,2025-07-28,1d,159.880000,160.280000,153.040000,157.880000,157.880000,63886900,FinMind
PLTR,NASDAQ,Palantir Technologies Inc.,2025-07-29,1d,158.710000,160.140000,154.910000,156.240000,156.240000,42427200,FinMind
PLTR,NASDAQ,Palantir Technologies Inc.,2025-07-30,1d,157.370000,159.380000,156.560000,158.610000,158.610000,40261700,FinMind
PLTR,NASDAQ,Palantir Technologies Inc.,2025-07-31,1d,159.990000,160.890000,156.730000,158.350000,158.350000,45342600,FinMind
PLTR,NASDAQ,Palantir Technologies Inc.,2025-08-01,1d,155.050000,158.190000,151.060000,154.270000,154.270000,61287000,FinMind
PLTR,NASDAQ,Palantir Technologies Inc.,2025-08-04,1d,158.530000,161.400000,157.930000,160.660000,160.660000,82993600,FinMind
PLTR,NASDAQ,Palantir Technologies Inc.,2025-08-05,1d,171.810000,176.330000,169.220000,173.270000,173.270000,130917500,FinMind
PLTR,NASDAQ,Palantir Technologies Inc.,2025-08-06,1d,171.180000,180.580000,171.010000,179.540000,179.540000,82924800,FinMind
PLTR,NASDAQ,Palantir Technologies Inc.,2025-08-07,1d,181.010000,184.480000,178.170000,182.200000,182.200000,77829200,FinMind
PLTR,NASDAQ,Palantir Technologies Inc.,2025-08-08,1d,184.740000,187.990000,184.410000,186.960000,186.960000,62657900,FinMind
PLTR,NASDAQ,Palantir Technologies Inc.,2025-08-11,1d,186.470000,187.180000,181.920000,182.680000,182.680000,56125600,FinMind
PLTR,NASDAQ,Palantir Technologies Inc.,2025-08-12,1d,184.700000,190.000000,182.100000,186.970000,186.970000,54819000,FinMind
PLTR,NASDAQ,Palantir Technologies Inc.,2025-08-13,1d,189.000000,189.460000,183.590000,184.370000,184.370000,53610000,FinMind
PLTR,NASDAQ,Palantir Technologies Inc.,2025-08-14,1d,182.410000,185.330000,179.200000,181.020000,181.020000,53472900,FinMind
PLTR,NASDAQ,Palantir Technologies Inc.,2025-08-15,1d,179.730000,180.000000,173.380000,177.170000,177.170000,60288700,FinMind
PLTR,NASDAQ,Palantir Technologies Inc.,2025-08-18,1d,175.270000,177.900000,171.390000,174.030000,174.030000,62656600,FinMind
PLTR,NASDAQ,Palantir Technologies Inc.,2025-08-19,1d,171.360000,172.300000,156.900000,157.750000,157.750000,137922700,FinMind
PLTR,NASDAQ,Palantir Technologies Inc.,2025-08-20,1d,152.300000,156.460000,142.340000,156.010000,156.010000,220336400,FinMind
PLTR,NASDAQ,Palantir Technologies Inc.,2025-08-21,1d,157.170000,157.970000,153.810000,156.180000,156.180000,94678600,FinMind
PLTR,NASDAQ,Palantir Technologies Inc.,2025-08-22,1d,155.320000,163.200000,151.770000,158.740000,158.740000,102099200,FinMind
PLTR,NASDAQ,Palantir Technologies Inc.,2025-08-25,1d,156.100000,158.590000,149.370000,157.170000,157.170000,86879800,FinMind
PLTR,NASDAQ,Palantir Technologies Inc.,2025-08-26,1d,155.390000,162.130000,154.570000,160.870000,160.870000,86573700,FinMind
PLTR,NASDAQ,Palantir Technologies Inc.,2025-08-27,1d,162.320000,162.400000,155.980000,156.720000,156.720000,76380600,FinMind
PLTR,NASDAQ,Palantir Technologies Inc.,2025-08-28,1d,157.630000,158.230000,152.550000,158.120000,158.120000,57885200,FinMind
PLTR,NASDAQ,Palantir Technologies Inc.,2025-08-29,1d,156.980000,158.420000,153.000000,156.710000,156.710000,45270500,FinMind
PLTR,NASDAQ,Palantir Technologies Inc.,2025-09-02,1d,151.200000,158.390000,150.280000,157.090000,157.090000,65435000,FinMind
PLTR,NASDAQ,Palantir Technologies Inc.,2025-09-03,1d,158.000000,161.150000,152.710000,154.900000,154.900000,66052300,FinMind
PLTR,NASDAQ,Palantir Technologies Inc.,2025-09-04,1d,154.870000,157.040000,153.160000,156.140000,156.140000,53292300,FinMind
PLTR,NASDAQ,Palantir Technologies Inc.,2025-09-05,1d,157.820000,158.970000,148.040000,153.110000,153.110000,81855900,FinMind
PLTR,NASDAQ,Palantir Technologies Inc.,2025-09-08,1d,154.910000,158.300000,154.840000,156.100000,156.100000,47643000,FinMind
PLTR,NASDAQ,Palantir Technologies Inc.,2025-09-09,1d,157.250000,162.750000,156.370000,162.360000,162.360000,61359500,FinMind
PLTR,NASDAQ,Palantir Technologies Inc.,2025-09-10,1d,166.000000,169.000000,163.440000,166.740000,166.740000,62211400,FinMind
PLTR,NASDAQ,Palantir Technologies Inc.,2025-09-11,1d,167.240000,167.460000,163.220000,164.360000,164.360000,42025500,FinMind
PLTR,NASDAQ,Palantir Technologies Inc.,2025-09-12,1d,165.350000,171.530000,164.010000,171.430000,171.430000,54498500,FinMind
PLTR,NASDAQ,Palantir Technologies Inc.,2025-09-15,1d,169.600000,171.800000,167.410000,171.210000,171.210000,45396100,FinMind
PLTR,NASDAQ,Palantir Technologies Inc.,2025-09-16,1d,171.040000,171.310000,168.960000,170.260000,170.260000,34598700,FinMind
PLTR,NASDAQ,Palantir Technologies Inc.,2025-09-17,1d,169.020000,169.680000,161.270000,168.330000,168.330000,69255500,FinMind
PLTR,NASDAQ,Palantir Technologies Inc.,2025-09-18,1d,170.270000,178.800000,169.390000,176.970000,176.970000,70768600,FinMind
PLTR,NASDAQ,Palantir Technologies Inc.,2025-09-19,1d,177.070000,184.420000,176.710000,182.390000,182.390000,109129900,FinMind
PLTR,NASDAQ,Palantir Technologies Inc.,2025-09-22,1d,180.880000,182.250000,178.290000,179.330000,179.330000,45916700,FinMind
PLTR,NASDAQ,Palantir Technologies Inc.,2025-09-23,1d,182.510000,185.750000,177.010000,182.550000,182.550000,62354800,FinMind
PLTR,NASDAQ,Palantir Technologies Inc.,2025-09-24,1d,183.910000,184.850000,177.120000,179.560000,179.560000,45379700,FinMind
PLTR,NASDAQ,Palantir Technologies Inc.,2025-09-25,1d,175.800000,184.320000,174.290000,179.120000,179.120000,72321200,FinMind
PLTR,NASDAQ,Palantir Technologies Inc.,2025-09-26,1d,179.050000,180.120000,174.910000,177.570000,177.570000,44275800,FinMind
PLTR,NASDAQ,Palantir Technologies Inc.,2025-09-29,1d,179.640000,181.480000,177.160000,178.860000,178.860000,38413800,FinMind
PLTR,NASDAQ,Palantir Technologies Inc.,2025-09-30,1d,178.980000,182.770000,178.220000,182.420000,182.420000,43561700,FinMind
PLTR,NASDAQ,Palantir Technologies Inc.,2025-10-01,1d,181.320000,186.280000,179.500000,184.950000,184.950000,45717300,FinMind
PLTR,NASDAQ,Palantir Technologies Inc.,2025-10-02,1d,186.700000,188.200000,182.950000,187.050000,187.050000,39849200,FinMind
PLTR,NASDAQ,Palantir Technologies Inc.,2025-10-03,1d,186.400000,186.840000,170.770000,173.070000,173.070000,105533400,FinMind
PLTR,NASDAQ,Palantir Technologies Inc.,2025-10-06,1d,179.180000,182.950000,177.830000,179.530000,179.530000,52504200,FinMind
PLTR,NASDAQ,Palantir Technologies Inc.,2025-10-07,1d,180.310000,186.180000,179.420000,182.170000,182.170000,58179300,FinMind
PLTR,NASDAQ,Palantir Technologies Inc.,2025-10-08,1d,182.800000,184.260000,181.200000,183.560000,183.560000,36299700,FinMind
PLTR,NASDAQ,Palantir Technologies Inc.,2025-10-09,1d,183.580000,187.620000,179.950000,185.470000,185.470000,45050300,FinMind
PLTR,NASDAQ,Palantir Technologies Inc.,2025-10-10,1d,185.170000,187.100000,173.530000,175.440000,175.440000,55194000,FinMind
PLTR,NASDAQ,Palantir Technologies Inc.,2025-10-13,1d,178.680000,179.220000,173.450000,177.210000,177.210000,41332400,FinMind
PLTR,NASDAQ,Palantir Technologies Inc.,2025-10-14,1d,176.000000,182.340000,170.820000,179.740000,179.740000,49261400,FinMind
PLTR,NASDAQ,Palantir Technologies Inc.,2025-10-15,1d,181.650000,184.350000,176.020000,179.620000,179.620000,37372100,FinMind
PLTR,NASDAQ,Palantir Technologies Inc.,2025-10-16,1d,181.780000,184.820000,176.450000,178.120000,178.120000,42870900,FinMind
PLTR,NASDAQ,Palantir Technologies Inc.,2025-10-17,1d,177.750000,181.590000,173.950000,178.150000,178.150000,43421500,FinMind
PLTR,NASDAQ,Palantir Technologies Inc.,2025-10-20,1d,179.490000,183.090000,177.440000,181.590000,181.590000,31975800,FinMind
PLTR,NASDAQ,Palantir Technologies Inc.,2025-10-21,1d,182.060000,182.390000,178.650000,181.510000,181.510000,27528100,FinMind
PLTR,NASDAQ,Palantir Technologies Inc.,2025-10-22,1d,181.930000,182.210000,169.420000,175.490000,175.490000,58263100,FinMind
PLTR,NASDAQ,Palantir Technologies Inc.,2025-10-23,1d,175.450000,181.560000,175.010000,180.480000,180.480000,35812300,FinMind
PLTR,NASDAQ,Palantir Technologies Inc.,2025-10-24,1d,182.880000,186.170000,182.850000,184.630000,184.630000,34813500,FinMind
PLTR,NASDAQ,Palantir Technologies Inc.,2025-10-27,1d,188.970000,192.830000,187.520000,189.180000,189.180000,47153100,FinMind
PLTR,NASDAQ,Palantir Technologies Inc.,2025-10-28,1d,189.480000,191.780000,186.780000,189.600000,189.600000,38201000,FinMind
PLTR,NASDAQ,Palantir Technologies Inc.,2025-10-29,1d,191.080000,199.850000,190.490000,198.810000,198.810000,65537300,FinMind
PLTR,NASDAQ,Palantir Technologies Inc.,2025-10-30,1d,198.430000,199.670000,194.120000,194.550000,194.550000,43541700,FinMind
PLTR,NASDAQ,Palantir Technologies Inc.,2025-10-31,1d,199.200000,204.180000,197.920000,200.470000,200.470000,52697600,FinMind
PLTR,NASDAQ,Palantir Technologies Inc.,2025-11-03,1d,205.040000,207.520000,201.820000,207.180000,207.180000,81016800,FinMind
PLTR,NASDAQ,Palantir Technologies Inc.,2025-11-04,1d,192.070000,195.700000,185.560000,190.740000,190.740000,121380900,FinMind
PLTR,NASDAQ,Palantir Technologies Inc.,2025-11-05,1d,189.000000,190.320000,181.210000,187.900000,187.900000,76121000,FinMind
PLTR,NASDAQ,Palantir Technologies Inc.,2025-11-06,1d,187.990000,191.090000,174.530000,175.050000,175.050000,78468600,FinMind
PLTR,NASDAQ,Palantir Technologies Inc.,2025-11-07,1d,173.150000,178.700000,168.910000,177.930000,177.930000,73989700,FinMind
PLTR,NASDAQ,Palantir Technologies Inc.,2025-11-10,1d,184.310000,194.930000,183.520000,193.610000,193.610000,87764200,FinMind
PLTR,NASDAQ,Palantir Technologies Inc.,2025-11-11,1d,190.340000,192.930000,187.130000,190.960000,190.960000,49819700,FinMind
PLTR,NASDAQ,Palantir Technologies Inc.,2025-11-12,1d,190.580000,190.580000,180.400000,184.170000,184.170000,55347100,FinMind
PLTR,NASDAQ,Palantir Technologies Inc.,2025-11-13,1d,181.710000,182.700000,170.730000,172.140000,172.140000,63188800,FinMind
PLTR,NASDAQ,Palantir Technologies Inc.,2025-11-14,1d,166.980000,177.290000,164.500000,174.010000,174.010000,62596800,FinMind
PLTR,NASDAQ,Palantir Technologies Inc.,2025-11-17,1d,170.530000,174.240000,167.680000,171.250000,171.250000,50339000,FinMind
PLTR,NASDAQ,Palantir Technologies Inc.,2025-11-18,1d,168.370000,172.830000,165.500000,167.330000,167.330000,53710100,FinMind
PLTR,NASDAQ,Palantir Technologies Inc.,2025-11-19,1d,167.800000,169.600000,162.420000,165.420000,165.420000,46108200,FinMind
PLTR,NASDAQ,Palantir Technologies Inc.,2025-11-20,1d,172.070000,174.570000,154.400000,155.740000,155.740000,78443900,FinMind
PLTR,NASDAQ,Palantir Technologies Inc.,2025-11-21,1d,156.010000,158.110000,147.560000,154.850000,154.850000,71346400,FinMind
PLTR,NASDAQ,Palantir Technologies Inc.,2025-11-24,1d,157.470000,165.170000,157.000000,162.250000,162.250000,57877800,FinMind
PLTR,NASDAQ,Palantir Technologies Inc.,2025-11-25,1d,160.070000,164.650000,156.550000,163.550000,163.550000,36523500,FinMind
PLTR,NASDAQ,Palantir Technologies Inc.,2025-11-26,1d,166.850000,168.340000,163.880000,165.770000,165.770000,34610500,FinMind
PLTR,NASDAQ,Palantir Technologies Inc.,2025-11-28,1d,167.760000,168.800000,165.880000,168.450000,168.450000,17199500,FinMind
PLTR,NASDAQ,Palantir Technologies Inc.,2025-12-01,1d,165.000000,169.100000,163.120000,167.490000,167.490000,27779600,FinMind
PLTR,NASDAQ,Palantir Technologies Inc.,2025-12-02,1d,169.590000,175.750000,169.590000,170.690000,170.690000,35368000,FinMind
PLTR,NASDAQ,Palantir Technologies Inc.,2025-12-03,1d,170.140000,177.910000,168.830000,176.080000,176.080000,30541600,FinMind
PLTR,NASDAQ,Palantir Technologies Inc.,2025-12-04,1d,176.370000,178.440000,174.430000,177.920000,177.920000,29217800,FinMind
PLTR,NASDAQ,Palantir Technologies Inc.,2025-12-05,1d,178.230000,182.150000,177.160000,181.760000,181.760000,32079300,FinMind
PLTR,NASDAQ,Palantir Technologies Inc.,2025-12-08,1d,182.210000,183.880000,179.540000,181.490000,181.490000,30456700,FinMind
PLTR,NASDAQ,Palantir Technologies Inc.,2025-12-09,1d,180.970000,182.850000,180.380000,181.840000,181.840000,18937600,FinMind
PLTR,NASDAQ,Palantir Technologies Inc.,2025-12-10,1d,184.950000,190.390000,182.750000,187.910000,187.910000,59398000,FinMind
PLTR,NASDAQ,Palantir Technologies Inc.,2025-12-11,1d,184.800000,188.050000,180.210000,187.540000,187.540000,36843200,FinMind
PLTR,NASDAQ,Palantir Technologies Inc.,2025-12-12,1d,185.810000,186.520000,177.670000,183.570000,183.570000,42427400,FinMind
PLTR,NASDAQ,Palantir Technologies Inc.,2025-12-15,1d,185.080000,187.780000,180.030000,183.250000,183.250000,32796100,FinMind
PLTR,NASDAQ,Palantir Technologies Inc.,2025-12-16,1d,181.650000,188.500000,181.140000,187.750000,187.750000,42070300,FinMind
PLTR,NASDAQ,Palantir Technologies Inc.,2025-12-17,1d,187.710000,187.750000,176.500000,177.290000,177.290000,50424700,FinMind
PLTR,NASDAQ,Palantir Technologies Inc.,2025-12-18,1d,181.510000,187.330000,181.510000,185.690000,185.690000,40221500,FinMind
PLTR,NASDAQ,Palantir Technologies Inc.,2025-12-19,1d,186.740000,195.000000,186.730000,193.380000,193.380000,76929400,FinMind
PLTR,NASDAQ,Palantir Technologies Inc.,2025-12-22,1d,195.040000,198.880000,192.430000,193.980000,193.980000,36686000,FinMind
PLTR,NASDAQ,Palantir Technologies Inc.,2025-12-23,1d,192.820000,195.370000,191.740000,194.130000,194.130000,24041000,FinMind
PLTR,NASDAQ,Palantir Technologies Inc.,2025-12-24,1d,193.160000,195.170000,192.830000,194.170000,194.170000,11710100,FinMind
PLTR,NASDAQ,Palantir Technologies Inc.,2025-12-26,1d,195.010000,196.350000,188.620000,188.710000,188.710000,26262000,FinMind
PLTR,NASDAQ,Palantir Technologies Inc.,2025-12-29,1d,186.850000,187.200000,183.640000,184.180000,184.180000,28242000,FinMind
PLTR,NASDAQ,Palantir Technologies Inc.,2025-12-30,1d,184.350000,184.730000,180.700000,180.840000,180.840000,23336300,FinMind
PLTR,NASDAQ,Palantir Technologies Inc.,2025-12-31,1d,181.130000,181.530000,177.250000,177.750000,177.750000,22997400,FinMind
PLTR,NASDAQ,Palantir Technologies Inc.,2026-01-02,1d,181.300000,181.350000,166.350000,167.860000,167.860000,60634100,FinMind
PLTR,NASDAQ,Palantir Technologies Inc.,2026-01-05,1d,174.880000,175.820000,171.790000,174.040000,174.040000,39511700,FinMind
PLTR,NASDAQ,Palantir Technologies Inc.,2026-01-06,1d,175.760000,180.190000,174.770000,179.710000,179.710000,34838600,FinMind
PLTR,NASDAQ,Palantir Technologies Inc.,2026-01-07,1d,179.800000,187.280000,177.660000,181.680000,181.680000,45349000,FinMind
PLTR,NASDAQ,Palantir Technologies Inc.,2026-01-08,1d,185.620000,185.660000,174.370000,176.860000,176.860000,47304300,FinMind
PLTR,NASDAQ,Palantir Technologies Inc.,2026-01-09,1d,177.020000,178.720000,174.750000,177.490000,177.490000,31362900,FinMind
PLTR,NASDAQ,Palantir Technologies Inc.,2026-01-12,1d,177.680000,182.500000,176.340000,179.410000,179.410000,34954500,FinMind
PLTR,NASDAQ,Palantir Technologies Inc.,2026-01-13,1d,178.880000,181.100000,176.140000,178.960000,178.960000,27769400,FinMind
PLTR,NASDAQ,Palantir Technologies Inc.,2026-01-14,1d,178.120000,181.600000,173.950000,178.400000,178.400000,33651400,FinMind
PLTR,NASDAQ,Palantir Technologies Inc.,2026-01-15,1d,178.710000,180.600000,176.530000,177.070000,177.070000,31109200,FinMind
PLTR,NASDAQ,Palantir Technologies Inc.,2026-01-16,1d,179.360000,182.430000,170.010000,170.960000,170.960000,59483600,FinMind
PLTR,NASDAQ,Palantir Technologies Inc.,2026-01-20,1d,167.620000,171.970000,166.240000,168.530000,168.530000,36708500,FinMind
PLTR,NASDAQ,Palantir Technologies Inc.,2026-01-21,1d,168.400000,169.490000,161.110000,165.330000,165.330000,47851200,FinMind
PLTR,NASDAQ,Palantir Technologies Inc.,2026-01-22,1d,168.930000,169.000000,164.950000,165.900000,165.900000,28499500,FinMind
PLTR,NASDAQ,Palantir Technologies Inc.,2026-01-23,1d,167.270000,172.000000,166.300000,169.600000,169.600000,30285700,FinMind
PLTR,NASDAQ,Palantir Technologies Inc.,2026-01-26,1d,168.210000,170.590000,167.320000,167.470000,167.470000,22777200,FinMind
PLTR,NASDAQ,Palantir Technologies Inc.,2026-01-27,1d,167.480000,169.440000,164.690000,165.700000,165.700000,26542300,FinMind
PLTR,NASDAQ,Palantir Technologies Inc.,2026-01-28,1d,164.400000,165.040000,157.240000,157.350000,157.350000,44822800,FinMind
PLTR,NASDAQ,Palantir Technologies Inc.,2026-01-29,1d,157.630000,157.630000,147.120000,151.860000,151.860000,59846800,FinMind
PLTR,NASDAQ,Palantir Technologies Inc.,2026-01-30,1d,150.050000,151.000000,145.140000,146.590000,146.590000,47271000,FinMind
PLTR,NASDAQ,Palantir Technologies Inc.,2026-02-02,1d,150.940000,151.400000,146.650000,147.760000,147.760000,72811100,FinMind
PLTR,NASDAQ,Palantir Technologies Inc.,2026-02-03,1d,165.050000,165.080000,153.120000,157.880000,157.880000,113169200,FinMind
PLTR,NASDAQ,Palantir Technologies Inc.,2026-02-04,1d,155.410000,155.850000,135.680000,139.540000,139.540000,113199500,FinMind
PLTR,NASDAQ,Palantir Technologies Inc.,2026-02-05,1d,136.820000,137.980000,128.320000,130.010000,130.010000,93690800,FinMind
PLTR,NASDAQ,Palantir Technologies Inc.,2026-02-06,1d,135.330000,137.690000,132.350000,135.900000,135.900000,62661400,FinMind
PLTR,NASDAQ,Palantir Technologies Inc.,2026-02-09,1d,136.580000,145.870000,134.780000,142.910000,142.910000,58042500,FinMind
PLTR,NASDAQ,Palantir Technologies Inc.,2026-02-10,1d,144.960000,145.560000,137.770000,139.510000,139.510000,56061300,FinMind
PLTR,NASDAQ,Palantir Technologies Inc.,2026-02-11,1d,139.020000,139.250000,132.950000,135.680000,135.680000,52796100,FinMind
PLTR,NASDAQ,Palantir Technologies Inc.,2026-02-12,1d,135.360000,135.890000,126.560000,129.130000,129.130000,74090600,FinMind
PLTR,NASDAQ,Palantir Technologies Inc.,2026-02-13,1d,127.900000,133.560000,126.230000,131.410000,131.410000,49438100,FinMind
PLTR,NASDAQ,Palantir Technologies Inc.,2026-02-17,1d,128.900000,134.320000,127.290000,133.020000,133.020000,48407100,FinMind
PLTR,NASDAQ,Palantir Technologies Inc.,2026-02-18,1d,135.890000,140.960000,134.870000,135.380000,135.380000,59677100,FinMind
PLTR,NASDAQ,Palantir Technologies Inc.,2026-02-19,1d,132.310000,136.160000,131.010000,134.890000,134.890000,42197200,FinMind
PLTR,NASDAQ,Palantir Technologies Inc.,2026-02-20,1d,132.370000,136.210000,131.170000,135.240000,135.240000,53726800,FinMind
PLTR,NASDAQ,Palantir Technologies Inc.,2026-02-23,1d,132.040000,132.040000,127.390000,130.600000,130.600000,52512200,FinMind
PLTR,NASDAQ,Palantir Technologies Inc.,2026-02-24,1d,129.010000,130.240000,126.370000,128.840000,128.840000,47121400,FinMind
PLTR,NASDAQ,Palantir Technologies Inc.,2026-02-25,1d,130.610000,136.090000,129.180000,134.190000,134.190000,53078300,FinMind
PLTR,NASDAQ,Palantir Technologies Inc.,2026-02-26,1d,133.850000,137.510000,132.630000,135.940000,135.940000,45100000,FinMind
PLTR,NASDAQ,Palantir Technologies Inc.,2026-02-27,1d,134.070000,138.100000,133.980000,137.190000,137.190000,59412400,FinMind
PLTR,NASDAQ,Palantir Technologies Inc.,2026-03-02,1d,140.770000,147.140000,140.520000,145.170000,145.170000,72683900,FinMind
PLTR,NASDAQ,Palantir Technologies Inc.,2026-03-03,1d,142.100000,147.500000,138.200000,147.220000,147.220000,67460200,FinMind
PLTR,NASDAQ,Palantir Technologies Inc.,2026-03-04,1d,148.430000,154.520000,148.060000,153.190000,153.190000,60062200,FinMind
PLTR,NASDAQ,Palantir Technologies Inc.,2026-03-05,1d,152.940000,156.380000,149.610000,152.670000,152.670000,50714500,FinMind
PLTR,NASDAQ,Palantir Technologies Inc.,2026-03-06,1d,150.440000,161.450000,150.290000,157.160000,157.160000,74980900,FinMind
PLTR,NASDAQ,Palantir Technologies Inc.,2026-03-09,1d,155.690000,158.440000,152.970000,156.430000,156.430000,47574200,FinMind
PLTR,NASDAQ,Palantir Technologies Inc.,2026-03-10,1d,155.990000,156.660000,150.140000,151.140000,151.140000,47501400,FinMind
PLTR,NASDAQ,Palantir Technologies Inc.,2026-03-11,1d,151.380000,153.170000,149.330000,151.600000,151.600000,33955900,FinMind
PLTR,NASDAQ,Palantir Technologies Inc.,2026-03-12,1d,153.010000,155.880000,150.980000,153.500000,153.500000,54409800,FinMind
PLTR,NASDAQ,Palantir Technologies Inc.,2026-03-13,1d,153.300000,154.560000,148.580000,150.950000,150.950000,42460600,FinMind
PLTR,NASDAQ,Palantir Technologies Inc.,2026-03-16,1d,152.450000,153.860000,151.170000,152.720000,152.720000,32898900,FinMind
PLTR,NASDAQ,Palantir Technologies Inc.,2026-03-17,1d,152.400000,156.750000,152.120000,155.080000,155.080000,37118500,FinMind
PLTR,NASDAQ,Palantir Technologies Inc.,2026-03-18,1d,154.950000,156.690000,152.610000,152.770000,152.770000,32476700,FinMind
PLTR,NASDAQ,Palantir Technologies Inc.,2026-03-19,1d,153.100000,156.150000,150.500000,155.680000,155.680000,33915900,FinMind
PLTR,NASDAQ,Palantir Technologies Inc.,2026-03-20,1d,155.200000,156.650000,149.090000,150.680000,150.680000,48700200,FinMind
PLTR,NASDAQ,Palantir Technologies Inc.,2026-03-23,1d,153.240000,161.080000,153.240000,160.840000,160.840000,57507100,FinMind
PLTR,NASDAQ,Palantir Technologies Inc.,2026-03-24,1d,160.070000,162.400000,151.640000,154.780000,154.780000,56155700,FinMind
PLTR,NASDAQ,Palantir Technologies Inc.,2026-03-25,1d,157.420000,160.270000,154.850000,154.960000,154.960000,38543300,FinMind
PLTR,NASDAQ,Palantir Technologies Inc.,2026-03-26,1d,153.050000,153.120000,147.250000,147.560000,147.560000,43038400,FinMind
PLTR,NASDAQ,Palantir Technologies Inc.,2026-03-27,1d,145.880000,145.960000,141.560000,143.060000,143.060000,35790800,FinMind
PLTR,NASDAQ,Palantir Technologies Inc.,2026-03-30,1d,143.270000,144.120000,136.300000,137.550000,137.550000,41289800,FinMind
PLTR,NASDAQ,Palantir Technologies Inc.,2026-03-31,1d,140.020000,147.860000,138.970000,146.280000,146.280000,45558600,FinMind
PLTR,NASDAQ,Palantir Technologies Inc.,2026-04-01,1d,147.000000,148.300000,144.470000,146.490000,146.490000,34171000,FinMind
PLTR,NASDAQ,Palantir Technologies Inc.,2026-04-02,1d,143.490000,148.510000,137.990000,148.460000,148.460000,30437000,FinMind
PLTR,NASDAQ,Palantir Technologies Inc.,2026-04-06,1d,148.360000,150.610000,146.630000,147.930000,147.930000,25142200,FinMind
PLTR,NASDAQ,Palantir Technologies Inc.,2026-04-07,1d,146.880000,150.270000,144.450000,150.070000,150.070000,28671100,FinMind
PLTR,NASDAQ,Palantir Technologies Inc.,2026-04-08,1d,154.760000,156.280000,139.170000,140.760000,140.760000,64827700,FinMind
PLTR,NASDAQ,Palantir Technologies Inc.,2026-04-09,1d,139.400000,139.540000,128.470000,130.490000,130.490000,92361400,FinMind
PLTR,NASDAQ,Palantir Technologies Inc.,2026-04-10,1d,128.480000,129.200000,122.680000,128.060000,128.060000,116656800,FinMind
PLTR,NASDAQ,Palantir Technologies Inc.,2026-04-13,1d,130.230000,134.420000,129.150000,132.370000,132.370000,65772800,FinMind
PLTR,NASDAQ,Palantir Technologies Inc.,2026-04-14,1d,134.430000,138.070000,134.000000,135.700000,135.700000,52786800,FinMind
PLTR,NASDAQ,Palantir Technologies Inc.,2026-04-15,1d,136.790000,142.580000,134.930000,142.150000,142.150000,48389400,FinMind
PLTR,NASDAQ,Palantir Technologies Inc.,2026-04-16,1d,144.290000,145.550000,139.530000,142.760000,142.760000,43746000,FinMind
PLTR,NASDAQ,Palantir Technologies Inc.,2026-04-17,1d,145.320000,148.280000,143.300000,146.390000,146.390000,50657600,FinMind
PLTR,NASDAQ,Palantir Technologies Inc.,2026-04-20,1d,145.000000,147.200000,143.830000,145.890000,145.890000,33482700,FinMind
PLTR,NASDAQ,Palantir Technologies Inc.,2026-04-21,1d,146.810000,149.870000,144.000000,145.970000,145.970000,44830000,FinMind
PLTR,NASDAQ,Palantir Technologies Inc.,2026-04-22,1d,148.360000,152.680000,147.410000,152.620000,152.620000,43701500,FinMind
PLTR,NASDAQ,Palantir Technologies Inc.,2026-04-23,1d,149.700000,150.290000,139.920000,141.570000,141.570000,58654400,FinMind
PLTR,NASDAQ,Palantir Technologies Inc.,2026-04-24,1d,142.960000,143.330000,138.930000,143.090000,143.090000,38677200,FinMind
PLTR,NASDAQ,Palantir Technologies Inc.,2026-04-27,1d,141.250000,145.070000,141.010000,143.100000,143.100000,31275400,FinMind
PLTR,NASDAQ,Palantir Technologies Inc.,2026-04-28,1d,142.300000,143.850000,140.420000,141.180000,141.180000,24757200,FinMind
PLTR,NASDAQ,Palantir Technologies Inc.,2026-04-29,1d,139.760000,139.760000,134.680000,137.970000,137.970000,33348100,FinMind
PLTR,NASDAQ,Palantir Technologies Inc.,2026-04-30,1d,138.480000,140.200000,136.650000,139.110000,139.110000,32523600,FinMind
PLTR,NASDAQ,Palantir Technologies Inc.,2026-05-01,1d,143.250000,146.440000,141.390000,144.070000,144.070000,33219900,FinMind
PLTR,NASDAQ,Palantir Technologies Inc.,2026-05-04,1d,147.750000,149.640000,145.230000,146.030000,146.030000,70525900,FinMind
PLTR,NASDAQ,Palantir Technologies Inc.,2026-05-05,1d,140.290000,142.980000,134.720000,135.910000,135.910000,89747100,FinMind
PLTR,NASDAQ,Palantir Technologies Inc.,2026-05-06,1d,133.710000,135.700000,131.150000,133.790000,133.790000,55524800,FinMind
PLTR,NASDAQ,Palantir Technologies Inc.,2026-05-07,1d,135.100000,140.950000,134.780000,137.050000,137.050000,50184900,FinMind
PLTR,NASDAQ,Palantir Technologies Inc.,2026-05-08,1d,135.870000,137.880000,133.020000,137.800000,137.800000,41745400,FinMind
PLTR,NASDAQ,Palantir Technologies Inc.,2026-05-11,1d,134.910000,137.140000,132.770000,136.890000,136.890000,41414500,FinMind
PLTR,NASDAQ,Palantir Technologies Inc.,2026-05-12,1d,136.600000,137.430000,133.460000,136.000000,136.000000,38781100,FinMind
PLTR,NASDAQ,Palantir Technologies Inc.,2026-05-13,1d,134.010000,136.990000,128.750000,130.050000,130.050000,55189400,FinMind
PLTR,NASDAQ,Palantir Technologies Inc.,2026-05-14,1d,129.650000,134.480000,129.450000,133.730000,133.730000,37052600,FinMind
PLTR,NASDAQ,Palantir Technologies Inc.,2026-05-15,1d,132.800000,135.640000,132.290000,133.990000,133.990000,32629700,FinMind
PLTR,NASDAQ,Palantir Technologies Inc.,2026-05-18,1d,132.500000,135.930000,131.330000,135.140000,135.140000,32034600,FinMind
PLTR,NASDAQ,Palantir Technologies Inc.,2026-05-19,1d,135.170000,137.470000,133.600000,135.260000,135.260000,29777300,FinMind
PLTR,NASDAQ,Palantir Technologies Inc.,2026-05-20,1d,134.150000,137.240000,132.420000,137.150000,137.150000,31307700,FinMind
PLTR,NASDAQ,Palantir Technologies Inc.,2026-05-21,1d,135.800000,138.550000,135.420000,137.410000,137.410000,24311900,FinMind
PLTR,NASDAQ,Palantir Technologies Inc.,2026-05-22,1d,137.430000,139.020000,134.300000,136.880000,136.880000,27578000,FinMind
PLTR,NASDAQ,Palantir Technologies Inc.,2026-05-26,1d,136.160000,138.680000,133.300000,136.600000,136.600000,31723900,FinMind
PLTR,NASDAQ,Palantir Technologies Inc.,2026-05-27,1d,133.300000,135.730000,131.630000,132.510000,132.510000,34159800,FinMind
PLTR,NASDAQ,Palantir Technologies Inc.,2026-05-28,1d,133.160000,145.000000,133.000000,143.340000,143.340000,52085200,FinMind
PLTR,NASDAQ,Palantir Technologies Inc.,2026-05-29,1d,147.820000,157.780000,145.790000,156.540000,156.540000,92196600,FinMind
PLTR,NASDAQ,Palantir Technologies Inc.,2026-06-01,1d,159.980000,163.700000,155.880000,160.650000,160.650000,57654000,FinMind
PLTR,NASDAQ,Palantir Technologies Inc.,2026-06-02,1d,156.870000,159.520000,149.800000,152.170000,152.170000,42489927,FinMind
QQQ,NASDAQ,Invesco QQQ Trust,2025-06-03,1d,523.560000,528.740000,522.690000,527.300000,524.760000,44070300,FinMind
QQQ,NASDAQ,Invesco QQQ Trust,2025-06-04,1d,528.010000,529.840000,525.970000,528.770000,526.220000,41359300,FinMind
QQQ,NASDAQ,Invesco QQQ Trust,2025-06-05,1d,530.180000,533.050000,522.660000,524.790000,522.260000,61031200,FinMind
QQQ,NASDAQ,Invesco QQQ Trust,2025-06-06,1d,530.000000,531.800000,528.210000,529.920000,527.370000,42467000,FinMind
QQQ,NASDAQ,Invesco QQQ Trust,2025-06-09,1d,530.140000,532.350000,529.010000,530.700000,528.140000,33688700,FinMind
QQQ,NASDAQ,Invesco QQQ Trust,2025-06-10,1d,531.170000,534.900000,528.890000,534.210000,531.640000,40664800,FinMind
QQQ,NASDAQ,Invesco QQQ Trust,2025-06-11,1d,535.620000,536.780000,530.110000,532.410000,529.850000,53701000,FinMind
QQQ,NASDAQ,Invesco QQQ Trust,2025-06-12,1d,531.090000,534.640000,530.840000,533.660000,531.090000,34104900,FinMind
QQQ,NASDAQ,Invesco QQQ Trust,2025-06-13,1d,527.680000,531.870000,525.730000,526.960000,524.420000,55814400,FinMind
QQQ,NASDAQ,Invesco QQQ Trust,2025-06-16,1d,530.500000,535.370000,530.450000,534.290000,531.720000,37622100,FinMind
QQQ,NASDAQ,Invesco QQQ Trust,2025-06-17,1d,531.710000,533.330000,527.910000,529.080000,526.530000,42180900,FinMind
QQQ,NASDAQ,Invesco QQQ Trust,2025-06-18,1d,530.100000,532.550000,527.400000,528.990000,526.440000,43983500,FinMind
QQQ,NASDAQ,Invesco QQQ Trust,2025-06-20,1d,532.260000,533.560000,524.880000,526.830000,524.290000,61643500,FinMind
QQQ,NASDAQ,Invesco QQQ Trust,2025-06-23,1d,526.810000,532.170000,523.650000,531.650000,529.680000,50666100,FinMind
QQQ,NASDAQ,Invesco QQQ Trust,2025-06-24,1d,536.890000,540.700000,536.270000,539.780000,537.780000,45442000,FinMind
QQQ,NASDAQ,Invesco QQQ Trust,2025-06-25,1d,542.060000,543.310000,539.380000,541.160000,539.160000,44804200,FinMind
QQQ,NASDAQ,Invesco QQQ Trust,2025-06-26,1d,543.350000,546.670000,541.520000,546.220000,544.200000,43811400,FinMind
QQQ,NASDAQ,Invesco QQQ Trust,2025-06-27,1d,547.260000,549.990000,544.540000,548.090000,546.060000,57577100,FinMind
QQQ,NASDAQ,Invesco QQQ Trust,2025-06-30,1d,551.260000,552.800000,549.010000,551.640000,549.600000,45548700,FinMind
QQQ,NASDAQ,Invesco QQQ Trust,2025-07-01,1d,549.730000,550.710000,544.660000,546.990000,544.970000,56166700,FinMind
QQQ,NASDAQ,Invesco QQQ Trust,2025-07-02,1d,546.160000,551.000000,546.120000,550.800000,548.760000,36538300,FinMind
QQQ,NASDAQ,Invesco QQQ Trust,2025-07-03,1d,553.180000,557.200000,553.180000,556.220000,554.160000,26443500,FinMind
QQQ,NASDAQ,Invesco QQQ Trust,2025-07-07,1d,553.520000,554.340000,549.580000,552.030000,549.990000,45349300,FinMind
QQQ,NASDAQ,Invesco QQQ Trust,2025-07-08,1d,553.380000,554.010000,551.100000,552.340000,550.300000,36153300,FinMind
QQQ,NASDAQ,Invesco QQQ Trust,2025-07-09,1d,554.480000,557.630000,553.100000,556.250000,554.190000,43045500,FinMind
QQQ,NASDAQ,Invesco QQQ Trust,2025-07-10,1d,556.890000,557.300000,552.750000,555.450000,553.400000,34710900,FinMind
QQQ,NASDAQ,Invesco QQQ Trust,2025-07-11,1d,553.300000,555.790000,552.050000,554.200000,552.150000,39618600,FinMind
QQQ,NASDAQ,Invesco QQQ Trust,2025-07-14,1d,553.990000,556.950000,551.630000,556.210000,554.150000,36453300,FinMind
QQQ,NASDAQ,Invesco QQQ Trust,2025-07-15,1d,560.250000,560.800000,556.660000,556.720000,554.660000,43277700,FinMind
QQQ,NASDAQ,Invesco QQQ Trust,2025-07-16,1d,557.280000,560.210000,551.560000,557.290000,555.230000,52314700,FinMind
QQQ,NASDAQ,Invesco QQQ Trust,2025-07-17,1d,558.020000,562.310000,557.210000,561.800000,559.720000,40423800,FinMind
QQQ,NASDAQ,Invesco QQQ Trust,2025-07-18,1d,563.120000,564.730000,559.980000,561.260000,559.180000,50484700,FinMind
QQQ,NASDAQ,Invesco QQQ Trust,2025-07-21,1d,562.090000,566.060000,562.060000,564.170000,562.080000,39595200,FinMind
QQQ,NASDAQ,Invesco QQQ Trust,2025-07-22,1d,564.300000,564.350000,558.610000,561.250000,559.170000,43270600,FinMind
QQQ,NASDAQ,Invesco QQQ Trust,2025-07-23,1d,562.340000,563.850000,559.580000,563.810000,561.720000,40215300,FinMind
QQQ,NASDAQ,Invesco QQQ Trust,2025-07-24,1d,565.130000,566.240000,563.290000,565.010000,562.920000,42275500,FinMind
QQQ,NASDAQ,Invesco QQQ Trust,2025-07-25,1d,564.930000,567.700000,564.270000,566.370000,564.270000,30630800,FinMind
QQQ,NASDAQ,Invesco QQQ Trust,2025-07-28,1d,567.740000,569.040000,566.870000,568.140000,566.040000,31498700,FinMind
QQQ,NASDAQ,Invesco QQQ Trust,2025-07-29,1d,570.760000,572.110000,566.530000,567.260000,565.160000,45463300,FinMind
QQQ,NASDAQ,Invesco QQQ Trust,2025-07-30,1d,568.180000,570.620000,565.050000,568.020000,565.920000,43433800,FinMind
QQQ,NASDAQ,Invesco QQQ Trust,2025-07-31,1d,574.540000,574.630000,563.870000,565.010000,562.920000,64613600,FinMind
QQQ,NASDAQ,Invesco QQQ Trust,2025-08-01,1d,558.830000,559.020000,551.680000,553.880000,551.830000,69400800,FinMind
QQQ,NASDAQ,Invesco QQQ Trust,2025-08-04,1d,559.050000,564.320000,558.950000,564.100000,562.010000,47669800,FinMind
QQQ,NASDAQ,Invesco QQQ Trust,2025-08-05,1d,565.390000,566.560000,559.730000,560.270000,558.200000,48666600,FinMind
QQQ,NASDAQ,Invesco QQQ Trust,2025-08-06,1d,561.110000,567.760000,560.630000,567.320000,565.220000,41823700,FinMind
QQQ,NASDAQ,Invesco QQQ Trust,2025-08-07,1d,571.670000,573.320000,565.110000,569.240000,567.130000,44463000,FinMind
QQQ,NASDAQ,Invesco QQQ Trust,2025-08-08,1d,570.450000,574.770000,570.150000,574.550000,572.420000,35255500,FinMind
QQQ,NASDAQ,Invesco QQQ Trust,2025-08-11,1d,574.690000,576.800000,571.570000,572.850000,570.730000,33112900,FinMind
QQQ,NASDAQ,Invesco QQQ Trust,2025-08-12,1d,575.160000,580.350000,572.490000,580.050000,577.900000,42143300,FinMind
QQQ,NASDAQ,Invesco QQQ Trust,2025-08-13,1d,582.760000,583.320000,578.940000,580.340000,578.190000,41209300,FinMind
QQQ,NASDAQ,Invesco QQQ Trust,2025-08-14,1d,578.280000,581.880000,577.910000,579.890000,577.740000,45425000,FinMind
QQQ,NASDAQ,Invesco QQQ Trust,2025-08-15,1d,579.800000,579.840000,575.570000,577.340000,575.200000,49480200,FinMind
QQQ,NASDAQ,Invesco QQQ Trust,2025-08-18,1d,576.440000,577.770000,575.240000,577.110000,574.970000,29831000,FinMind
QQQ,NASDAQ,Invesco QQQ Trust,2025-08-19,1d,576.390000,576.560000,568.250000,569.280000,567.170000,53752600,FinMind
QQQ,NASDAQ,Invesco QQQ Trust,2025-08-20,1d,568.330000,568.450000,558.840000,565.900000,563.810000,76781100,FinMind
QQQ,NASDAQ,Invesco QQQ Trust,2025-08-21,1d,564.350000,566.490000,560.980000,563.280000,561.200000,46436900,FinMind
QQQ,NASDAQ,Invesco QQQ Trust,2025-08-22,1d,564.670000,573.990000,563.270000,571.970000,569.850000,51502100,FinMind
QQQ,NASDAQ,Invesco QQQ Trust,2025-08-25,1d,570.400000,573.290000,569.160000,570.320000,568.210000,34044700,FinMind
QQQ,NASDAQ,Invesco QQQ Trust,2025-08-26,1d,569.830000,572.920000,568.800000,572.610000,570.490000,34103000,FinMind
QQQ,NASDAQ,Invesco QQQ Trust,2025-08-27,1d,571.590000,574.410000,570.370000,573.490000,571.370000,36927100,FinMind
QQQ,NASDAQ,Invesco QQQ Trust,2025-08-28,1d,574.110000,578.000000,572.460000,577.080000,574.950000,46787900,FinMind
QQQ,NASDAQ,Invesco QQQ Trust,2025-08-29,1d,574.660000,575.030000,568.540000,570.400000,568.290000,56030400,FinMind
QQQ,NASDAQ,Invesco QQQ Trust,2025-09-02,1d,561.310000,565.970000,559.540000,565.620000,563.530000,65876800,FinMind
QQQ,NASDAQ,Invesco QQQ Trust,2025-09-03,1d,569.230000,571.700000,566.730000,570.070000,567.960000,54230200,FinMind
QQQ,NASDAQ,Invesco QQQ Trust,2025-09-04,1d,570.740000,575.600000,569.030000,575.230000,573.100000,47526300,FinMind
QQQ,NASDAQ,Invesco QQQ Trust,2025-09-05,1d,580.490000,581.120000,571.530000,576.060000,573.930000,68342500,FinMind
QQQ,NASDAQ,Invesco QQQ Trust,2025-09-08,1d,578.370000,580.840000,577.770000,578.870000,576.730000,46371400,FinMind
QQQ,NASDAQ,Invesco QQQ Trust,2025-09-09,1d,579.670000,580.940000,577.040000,580.510000,578.360000,44007600,FinMind
QQQ,NASDAQ,Invesco QQQ Trust,2025-09-10,1d,583.740000,583.770000,578.550000,580.700000,578.550000,49308000,FinMind
QQQ,NASDAQ,Invesco QQQ Trust,2025-09-11,1d,583.240000,584.880000,581.620000,584.080000,581.920000,44745800,FinMind
QQQ,NASDAQ,Invesco QQQ Trust,2025-09-12,1d,585.040000,587.860000,584.100000,586.660000,584.490000,50745900,FinMind
QQQ,NASDAQ,Invesco QQQ Trust,2025-09-15,1d,588.440000,591.790000,588.290000,591.680000,589.490000,44360300,FinMind
QQQ,NASDAQ,Invesco QQQ Trust,2025-09-16,1d,592.610000,592.860000,590.490000,591.180000,588.990000,36942100,FinMind
QQQ,NASDAQ,Invesco QQQ Trust,2025-09-17,1d,591.100000,591.750000,584.370000,590.000000,587.820000,69384800,FinMind
QQQ,NASDAQ,Invesco QQQ Trust,2025-09-18,1d,594.910000,598.140000,592.960000,595.320000,593.120000,61069300,FinMind
QQQ,NASDAQ,Invesco QQQ Trust,2025-09-19,1d,597.330000,600.050000,595.850000,599.350000,597.130000,58196100,FinMind
QQQ,NASDAQ,Invesco QQQ Trust,2025-09-22,1d,597.740000,602.870000,597.720000,602.200000,600.670000,57154800,FinMind
QQQ,NASDAQ,Invesco QQQ Trust,2025-09-23,1d,602.370000,602.570000,596.980000,598.200000,596.680000,64635500,FinMind
QQQ,NASDAQ,Invesco QQQ Trust,2025-09-24,1d,599.580000,599.900000,593.360000,596.100000,594.580000,49850300,FinMind
QQQ,NASDAQ,Invesco QQQ Trust,2025-09-25,1d,592.200000,595.120000,588.500000,593.530000,592.020000,70920200,FinMind
QQQ,NASDAQ,Invesco QQQ Trust,2025-09-26,1d,594.350000,596.300000,591.060000,595.970000,594.450000,54337400,FinMind
QQQ,NASDAQ,Invesco QQQ Trust,2025-09-29,1d,599.110000,602.050000,597.410000,598.730000,597.210000,48332900,FinMind
QQQ,NASDAQ,Invesco QQQ Trust,2025-09-30,1d,598.430000,600.710000,596.100000,600.370000,598.840000,46533800,FinMind
QQQ,NASDAQ,Invesco QQQ Trust,2025-10-01,1d,597.170000,603.790000,596.340000,603.250000,601.720000,46899600,FinMind
QQQ,NASDAQ,Invesco QQQ Trust,2025-10-02,1d,607.060000,607.160000,602.930000,605.730000,604.190000,43765400,FinMind
QQQ,NASDAQ,Invesco QQQ Trust,2025-10-03,1d,606.510000,607.330000,601.390000,603.180000,601.650000,46482100,FinMind
QQQ,NASDAQ,Invesco QQQ Trust,2025-10-06,1d,608.450000,609.360000,605.970000,607.710000,606.160000,41962100,FinMind
QQQ,NASDAQ,Invesco QQQ Trust,2025-10-07,1d,609.020000,609.710000,603.030000,604.510000,602.970000,58209500,FinMind
QQQ,NASDAQ,Invesco QQQ Trust,2025-10-08,1d,605.410000,611.750000,605.260000,611.440000,609.880000,50629800,FinMind
QQQ,NASDAQ,Invesco QQQ Trust,2025-10-09,1d,611.480000,611.610000,607.480000,610.700000,609.150000,45551000,FinMind
QQQ,NASDAQ,Invesco QQQ Trust,2025-10-10,1d,611.400000,613.180000,589.050000,589.500000,588.000000,97614800,FinMind
QQQ,NASDAQ,Invesco QQQ Trust,2025-10-13,1d,599.680000,602.950000,597.230000,602.010000,600.480000,65872600,FinMind
QQQ,NASDAQ,Invesco QQQ Trust,2025-10-14,1d,595.310000,602.690000,590.130000,598.000000,596.480000,69203200,FinMind
QQQ,NASDAQ,Invesco QQQ Trust,2025-10-15,1d,604.010000,606.700000,595.930000,602.220000,600.690000,62805500,FinMind
QQQ,NASDAQ,Invesco QQQ Trust,2025-10-16,1d,605.110000,608.310000,595.500000,599.990000,598.460000,70982000,FinMind
QQQ,NASDAQ,Invesco QQQ Trust,2025-10-17,1d,597.950000,605.510000,596.370000,603.930000,602.390000,72024900,FinMind
QQQ,NASDAQ,Invesco QQQ Trust,2025-10-20,1d,607.140000,612.800000,607.070000,611.540000,609.980000,45761700,FinMind
QQQ,NASDAQ,Invesco QQQ Trust,2025-10-21,1d,611.640000,612.720000,609.320000,611.380000,609.820000,44538200,FinMind
QQQ,NASDAQ,Invesco QQQ Trust,2025-10-22,1d,610.820000,611.410000,599.740000,605.490000,603.950000,61478800,FinMind
QQQ,NASDAQ,Invesco QQQ Trust,2025-10-23,1d,604.910000,611.370000,604.520000,610.580000,609.030000,42844300,FinMind
QQQ,NASDAQ,Invesco QQQ Trust,2025-10-24,1d,615.990000,618.420000,615.130000,617.100000,615.530000,47632500,FinMind
QQQ,NASDAQ,Invesco QQQ Trust,2025-10-27,1d,624.520000,628.550000,624.030000,628.090000,626.490000,54098600,FinMind
QQQ,NASDAQ,Invesco QQQ Trust,2025-10-28,1d,630.360000,634.680000,629.250000,632.920000,631.310000,61195700,FinMind
QQQ,NASDAQ,Invesco QQQ Trust,2025-10-29,1d,635.590000,637.010000,630.250000,635.770000,634.150000,67422800,FinMind
QQQ,NASDAQ,Invesco QQQ Trust,2025-10-30,1d,632.170000,633.500000,625.940000,626.050000,624.460000,61628600,FinMind
QQQ,NASDAQ,Invesco QQQ Trust,2025-10-31,1d,634.170000,634.200000,626.690000,629.070000,627.470000,66305100,FinMind
QQQ,NASDAQ,Invesco QQQ Trust,2025-11-03,1d,635.110000,635.820000,629.850000,632.080000,630.470000,37154300,FinMind
QQQ,NASDAQ,Invesco QQQ Trust,2025-11-04,1d,623.280000,626.950000,618.460000,619.250000,617.670000,63830800,FinMind
QQQ,NASDAQ,Invesco QQQ Trust,2025-11-05,1d,618.490000,626.600000,617.210000,623.280000,621.690000,48688500,FinMind
QQQ,NASDAQ,Invesco QQQ Trust,2025-11-06,1d,621.790000,622.040000,610.300000,611.670000,610.110000,72115100,FinMind
QQQ,NASDAQ,Invesco QQQ Trust,2025-11-07,1d,608.310000,609.950000,598.670000,609.740000,608.190000,81835400,FinMind
QQQ,NASDAQ,Invesco QQQ Trust,2025-11-10,1d,618.920000,624.310000,616.890000,623.230000,621.640000,55919900,FinMind
QQQ,NASDAQ,Invesco QQQ Trust,2025-11-11,1d,620.570000,622.720000,617.520000,621.570000,619.990000,44868800,FinMind
QQQ,NASDAQ,Invesco QQQ Trust,2025-11-12,1d,624.840000,624.860000,617.810000,621.080000,619.500000,47444400,FinMind
QQQ,NASDAQ,Invesco QQQ Trust,2025-11-13,1d,617.540000,618.120000,606.080000,608.400000,606.850000,71333600,FinMind
QQQ,NASDAQ,Invesco QQQ Trust,2025-11-14,1d,599.550000,613.350000,597.170000,608.860000,607.310000,80087300,FinMind
QQQ,NASDAQ,Invesco QQQ Trust,2025-11-17,1d,606.300000,612.480000,599.870000,603.660000,602.120000,63850400,FinMind
QQQ,NASDAQ,Invesco QQQ Trust,2025-11-18,1d,599.620000,602.310000,591.340000,596.310000,594.790000,83327300,FinMind
QQQ,NASDAQ,Invesco QQQ Trust,2025-11-19,1d,597.070000,606.160000,594.590000,599.870000,598.340000,73111500,FinMind
QQQ,NASDAQ,Invesco QQQ Trust,2025-11-20,1d,611.620000,614.030000,584.750000,585.670000,584.180000,117743200,FinMind
QQQ,NASDAQ,Invesco QQQ Trust,2025-11-21,1d,587.470000,596.980000,580.740000,590.070000,588.570000,103344200,FinMind
QQQ,NASDAQ,Invesco QQQ Trust,2025-11-24,1d,595.280000,606.680000,595.160000,605.160000,603.620000,60168100,FinMind
QQQ,NASDAQ,Invesco QQQ Trust,2025-11-25,1d,603.510000,610.260000,597.320000,608.890000,607.340000,57560900,FinMind
QQQ,NASDAQ,Invesco QQQ Trust,2025-11-26,1d,612.510000,616.190000,610.390000,614.270000,612.710000,42393600,FinMind
QQQ,NASDAQ,Invesco QQQ Trust,2025-11-28,1d,616.110000,619.320000,615.420000,619.250000,617.670000,23034400,FinMind
QQQ,NASDAQ,Invesco QQQ Trust,2025-12-01,1d,613.630000,619.440000,612.520000,617.170000,615.600000,40957600,FinMind
QQQ,NASDAQ,Invesco QQQ Trust,2025-12-02,1d,619.460000,623.750000,617.590000,622.000000,620.420000,54541800,FinMind
QQQ,NASDAQ,Invesco QQQ Trust,2025-12-03,1d,619.620000,624.220000,618.030000,623.520000,621.930000,47841600,FinMind
QQQ,NASDAQ,Invesco QQQ Trust,2025-12-04,1d,624.930000,624.940000,619.540000,622.940000,621.350000,47067800,FinMind
QQQ,NASDAQ,Invesco QQQ Trust,2025-12-05,1d,624.380000,628.920000,623.710000,625.480000,623.890000,53614200,FinMind
QQQ,NASDAQ,Invesco QQQ Trust,2025-12-08,1d,627.210000,628.840000,621.690000,624.280000,622.690000,43462400,FinMind
QQQ,NASDAQ,Invesco QQQ Trust,2025-12-09,1d,623.010000,625.870000,621.000000,625.050000,623.460000,37156000,FinMind
QQQ,NASDAQ,Invesco QQQ Trust,2025-12-10,1d,623.850000,629.210000,620.990000,627.610000,626.010000,55031400,FinMind
QQQ,NASDAQ,Invesco QQQ Trust,2025-12-11,1d,623.820000,625.780000,617.720000,625.580000,623.990000,58272800,FinMind
QQQ,NASDAQ,Invesco QQQ Trust,2025-12-12,1d,622.080000,623.540000,611.360000,613.620000,612.060000,75158700,FinMind
QQQ,NASDAQ,Invesco QQQ Trust,2025-12-15,1d,618.370000,618.420000,609.320000,610.540000,608.990000,49538200,FinMind
QQQ,NASDAQ,Invesco QQQ Trust,2025-12-16,1d,608.260000,613.510000,606.910000,611.750000,610.190000,55152800,FinMind
QQQ,NASDAQ,Invesco QQQ Trust,2025-12-17,1d,613.060000,613.650000,600.280000,600.410000,598.880000,70654300,FinMind
QQQ,NASDAQ,Invesco QQQ Trust,2025-12-18,1d,609.800000,612.930000,606.920000,609.110000,607.560000,78875800,FinMind
QQQ,NASDAQ,Invesco QQQ Trust,2025-12-19,1d,611.950000,617.620000,611.870000,617.050000,615.480000,60369800,FinMind
QQQ,NASDAQ,Invesco QQQ Trust,2025-12-22,1d,621.350000,621.650000,617.770000,619.210000,618.430000,43703100,FinMind
QQQ,NASDAQ,Invesco QQQ Trust,2025-12-23,1d,618.200000,622.410000,617.780000,622.110000,621.330000,41120400,FinMind
QQQ,NASDAQ,Invesco QQQ Trust,2025-12-24,1d,621.990000,624.280000,621.720000,623.930000,623.140000,18468700,FinMind
QQQ,NASDAQ,Invesco QQQ Trust,2025-12-26,1d,624.660000,625.520000,623.140000,623.890000,623.100000,28959800,FinMind
QQQ,NASDAQ,Invesco QQQ Trust,2025-12-29,1d,620.100000,622.780000,618.730000,620.870000,620.090000,32458300,FinMind
QQQ,NASDAQ,Invesco QQQ Trust,2025-12-30,1d,619.840000,622.180000,619.220000,619.430000,618.650000,31226800,FinMind
QQQ,NASDAQ,Invesco QQQ Trust,2025-12-31,1d,619.650000,619.960000,614.050000,614.310000,613.540000,40746500,FinMind
QQQ,NASDAQ,Invesco QQQ Trust,2026-01-02,1d,620.060000,622.850000,610.150000,613.120000,612.350000,61859200,FinMind
QQQ,NASDAQ,Invesco QQQ Trust,2026-01-05,1d,619.320000,620.810000,616.720000,617.990000,617.210000,46828400,FinMind
QQQ,NASDAQ,Invesco QQQ Trust,2026-01-06,1d,619.230000,624.020000,618.540000,623.420000,622.630000,43137500,FinMind
QQQ,NASDAQ,Invesco QQQ Trust,2026-01-07,1d,623.040000,627.940000,622.560000,624.020000,623.230000,44880300,FinMind
QQQ,NASDAQ,Invesco QQQ Trust,2026-01-08,1d,623.030000,623.420000,617.800000,620.470000,619.690000,50435900,FinMind
QQQ,NASDAQ,Invesco QQQ Trust,2026-01-09,1d,621.410000,627.890000,619.060000,626.650000,625.860000,49688700,FinMind
QQQ,NASDAQ,Invesco QQQ Trust,2026-01-12,1d,622.310000,628.850000,622.260000,627.170000,626.380000,37388700,FinMind
QQQ,NASDAQ,Invesco QQQ Trust,2026-01-13,1d,627.270000,629.470000,623.700000,626.240000,625.450000,44481400,FinMind
QQQ,NASDAQ,Invesco QQQ Trust,2026-01-14,1d,622.240000,623.450000,614.560000,619.550000,618.770000,72598700,FinMind
QQQ,NASDAQ,Invesco QQQ Trust,2026-01-15,1d,626.600000,630.000000,620.750000,621.780000,621.000000,53934900,FinMind
QQQ,NASDAQ,Invesco QQQ Trust,2026-01-16,1d,625.500000,626.080000,618.880000,621.260000,620.480000,61058100,FinMind
QQQ,NASDAQ,Invesco QQQ Trust,2026-01-20,1d,610.530000,615.060000,607.050000,608.060000,607.290000,81988900,FinMind
QQQ,NASDAQ,Invesco QQQ Trust,2026-01-21,1d,609.470000,620.420000,607.860000,616.280000,615.500000,79837900,FinMind
QQQ,NASDAQ,Invesco QQQ Trust,2026-01-22,1d,622.350000,622.460000,617.780000,620.760000,619.980000,42254800,FinMind
QQQ,NASDAQ,Invesco QQQ Trust,2026-01-23,1d,619.730000,625.400000,618.650000,622.720000,621.940000,43645800,FinMind
QQQ,NASDAQ,Invesco QQQ Trust,2026-01-26,1d,623.210000,627.610000,622.120000,625.460000,624.670000,35983000,FinMind
QQQ,NASDAQ,Invesco QQQ Trust,2026-01-27,1d,628.910000,632.040000,627.340000,631.130000,630.340000,38997200,FinMind
QQQ,NASDAQ,Invesco QQQ Trust,2026-01-28,1d,635.460000,636.600000,631.810000,633.220000,632.420000,50691700,FinMind
QQQ,NASDAQ,Invesco QQQ Trust,2026-01-29,1d,632.650000,633.670000,618.270000,629.430000,628.640000,79944000,FinMind
QQQ,NASDAQ,Invesco QQQ Trust,2026-01-30,1d,625.710000,628.260000,619.300000,621.870000,621.090000,65650700,FinMind
QQQ,NASDAQ,Invesco QQQ Trust,2026-02-02,1d,618.700000,628.490000,618.660000,626.140000,625.350000,49020300,FinMind
QQQ,NASDAQ,Invesco QQQ Trust,2026-02-03,1d,628.300000,629.980000,610.960000,616.520000,615.740000,81234000,FinMind
QQQ,NASDAQ,Invesco QQQ Trust,2026-02-04,1d,615.020000,615.100000,600.470000,605.750000,604.990000,81850700,FinMind
QQQ,NASDAQ,Invesco QQQ Trust,2026-02-05,1d,600.210000,604.810000,594.760000,597.030000,596.280000,89354500,FinMind
QQQ,NASDAQ,Invesco QQQ Trust,2026-02-06,1d,600.190000,611.410000,598.770000,609.650000,608.880000,78019300,FinMind
QQQ,NASDAQ,Invesco QQQ Trust,2026-02-09,1d,607.540000,616.460000,605.070000,614.320000,613.550000,56797600,FinMind
QQQ,NASDAQ,Invesco QQQ Trust,2026-02-10,1d,615.310000,617.020000,611.010000,611.470000,610.700000,53938900,FinMind
QQQ,NASDAQ,Invesco QQQ Trust,2026-02-11,1d,616.380000,617.520000,607.690000,613.110000,612.340000,58575100,FinMind
QQQ,NASDAQ,Invesco QQQ Trust,2026-02-12,1d,614.710000,615.810000,599.570000,600.640000,599.880000,81378900,FinMind
QQQ,NASDAQ,Invesco QQQ Trust,2026-02-13,1d,600.430000,606.480000,596.420000,601.920000,601.160000,69237500,FinMind
QQQ,NASDAQ,Invesco QQQ Trust,2026-02-17,1d,598.380000,603.950000,593.340000,601.300000,600.540000,69013800,FinMind
QQQ,NASDAQ,Invesco QQQ Trust,2026-02-18,1d,602.110000,609.770000,600.720000,605.790000,605.030000,64250700,FinMind
QQQ,NASDAQ,Invesco QQQ Trust,2026-02-19,1d,602.810000,605.820000,600.750000,603.470000,602.710000,60960800,FinMind
QQQ,NASDAQ,Invesco QQQ Trust,2026-02-20,1d,600.120000,610.350000,599.230000,608.810000,608.040000,74127300,FinMind
QQQ,NASDAQ,Invesco QQQ Trust,2026-02-23,1d,606.610000,608.010000,599.050000,601.410000,600.650000,63859100,FinMind
QQQ,NASDAQ,Invesco QQQ Trust,2026-02-24,1d,602.400000,608.990000,599.730000,607.870000,607.100000,55023700,FinMind
QQQ,NASDAQ,Invesco QQQ Trust,2026-02-25,1d,611.070000,616.830000,611.000000,616.680000,615.900000,55710700,FinMind
QQQ,NASDAQ,Invesco QQQ Trust,2026-02-26,1d,615.590000,615.590000,603.980000,609.240000,608.470000,96178900,FinMind
QQQ,NASDAQ,Invesco QQQ Trust,2026-02-27,1d,602.980000,608.320000,602.190000,607.290000,606.530000,68125200,FinMind
QQQ,NASDAQ,Invesco QQQ Trust,2026-03-02,1d,598.860000,609.920000,597.990000,608.090000,607.320000,75264600,FinMind
QQQ,NASDAQ,Invesco QQQ Trust,2026-03-03,1d,596.330000,603.960000,591.870000,601.580000,600.820000,97015500,FinMind
QQQ,NASDAQ,Invesco QQQ Trust,2026-03-04,1d,604.160000,612.880000,603.430000,610.750000,609.980000,70943900,FinMind
QQQ,NASDAQ,Invesco QQQ Trust,2026-03-05,1d,607.400000,612.760000,602.260000,608.910000,608.140000,89602400,FinMind
QQQ,NASDAQ,Invesco QQQ Trust,2026-03-06,1d,600.310000,606.000000,598.330000,599.750000,598.990000,86302300,FinMind
QQQ,NASDAQ,Invesco QQQ Trust,2026-03-09,1d,594.230000,609.270000,591.330000,607.760000,606.990000,93068200,FinMind
QQQ,NASDAQ,Invesco QQQ Trust,2026-03-10,1d,607.780000,613.290000,605.420000,607.770000,607.000000,64078900,FinMind
QQQ,NASDAQ,Invesco QQQ Trust,2026-03-11,1d,608.950000,612.430000,605.030000,607.690000,606.920000,60114800,FinMind
QQQ,NASDAQ,Invesco QQQ Trust,2026-03-12,1d,602.760000,604.140000,597.050000,597.260000,596.510000,71836600,FinMind
QQQ,NASDAQ,Invesco QQQ Trust,2026-03-13,1d,599.730000,603.600000,592.570000,593.720000,592.970000,63145500,FinMind
QQQ,NASDAQ,Invesco QQQ Trust,2026-03-16,1d,600.040000,603.860000,599.110000,600.380000,599.620000,49077200,FinMind
QQQ,NASDAQ,Invesco QQQ Trust,2026-03-17,1d,603.140000,605.900000,601.870000,603.310000,602.550000,47106600,FinMind
QQQ,NASDAQ,Invesco QQQ Trust,2026-03-18,1d,601.490000,603.160000,594.560000,594.900000,594.150000,56128000,FinMind
QQQ,NASDAQ,Invesco QQQ Trust,2026-03-19,1d,589.510000,595.800000,587.080000,593.020000,592.270000,75597600,FinMind
QQQ,NASDAQ,Invesco QQQ Trust,2026-03-20,1d,591.060000,591.170000,578.540000,582.060000,581.330000,91964700,FinMind
QQQ,NASDAQ,Invesco QQQ Trust,2026-03-23,1d,590.520000,595.080000,585.960000,588.000000,588.000000,89936100,FinMind
QQQ,NASDAQ,Invesco QQQ Trust,2026-03-24,1d,584.810000,587.930000,581.930000,583.980000,583.980000,57750900,FinMind
QQQ,NASDAQ,Invesco QQQ Trust,2026-03-25,1d,589.140000,591.370000,585.690000,587.820000,587.820000,60475500,FinMind
QQQ,NASDAQ,Invesco QQQ Trust,2026-03-26,1d,582.600000,584.630000,573.430000,573.790000,573.790000,81492100,FinMind
QQQ,NASDAQ,Invesco QQQ Trust,2026-03-27,1d,570.810000,571.020000,561.570000,562.580000,562.580000,82702200,FinMind
QQQ,NASDAQ,Invesco QQQ Trust,2026-03-30,1d,567.380000,568.050000,555.600000,558.280000,558.280000,70602600,FinMind
QQQ,NASDAQ,Invesco QQQ Trust,2026-03-31,1d,564.290000,578.640000,564.210000,577.180000,577.180000,95878000,FinMind
QQQ,NASDAQ,Invesco QQQ Trust,2026-04-01,1d,581.480000,587.740000,580.420000,584.310000,584.310000,79435100,FinMind
QQQ,NASDAQ,Invesco QQQ Trust,2026-04-02,1d,573.970000,586.050000,571.920000,584.980000,584.980000,50941700,FinMind
QQQ,NASDAQ,Invesco QQQ Trust,2026-04-06,1d,586.230000,590.610000,584.690000,588.500000,588.500000,35108500,FinMind
QQQ,NASDAQ,Invesco QQQ Trust,2026-04-07,1d,585.640000,588.980000,578.400000,588.590000,588.590000,49948200,FinMind
QQQ,NASDAQ,Invesco QQQ Trust,2026-04-08,1d,608.710000,609.900000,602.120000,606.090000,606.090000,63086000,FinMind
QQQ,NASDAQ,Invesco QQQ Trust,2026-04-09,1d,605.930000,610.500000,603.030000,610.190000,610.190000,37837500,FinMind
QQQ,NASDAQ,Invesco QQQ Trust,2026-04-10,1d,611.840000,613.670000,609.580000,611.070000,611.070000,34038500,FinMind
QQQ,NASDAQ,Invesco QQQ Trust,2026-04-13,1d,609.480000,626.740000,608.110000,617.390000,617.390000,32972100,FinMind
QQQ,NASDAQ,Invesco QQQ Trust,2026-04-14,1d,620.220000,628.600000,620.100000,628.600000,628.600000,49921100,FinMind
QQQ,NASDAQ,Invesco QQQ Trust,2026-04-15,1d,629.080000,637.830000,628.200000,637.400000,637.400000,50102400,FinMind
QQQ,NASDAQ,Invesco QQQ Trust,2026-04-16,1d,639.210000,642.180000,635.260000,640.470000,640.470000,42320600,FinMind
QQQ,NASDAQ,Invesco QQQ Trust,2026-04-17,1d,645.590000,650.000000,644.070000,648.850000,648.850000,53488900,FinMind
QQQ,NASDAQ,Invesco QQQ Trust,2026-04-20,1d,648.040000,648.760000,642.520000,646.790000,646.790000,37138500,FinMind
QQQ,NASDAQ,Invesco QQQ Trust,2026-04-21,1d,648.410000,650.200000,642.210000,644.330000,644.330000,39580500,FinMind
QQQ,NASDAQ,Invesco QQQ Trust,2026-04-22,1d,650.150000,655.330000,648.520000,655.110000,655.110000,37368400,FinMind
QQQ,NASDAQ,Invesco QQQ Trust,2026-04-23,1d,653.550000,656.920000,645.520000,651.420000,651.420000,40099800,FinMind
QQQ,NASDAQ,Invesco QQQ Trust,2026-04-24,1d,658.510000,664.510000,656.530000,663.880000,663.880000,45563100,FinMind
QQQ,NASDAQ,Invesco QQQ Trust,2026-04-27,1d,663.400000,664.430000,660.690000,664.230000,664.230000,32717000,FinMind
QQQ,NASDAQ,Invesco QQQ Trust,2026-04-28,1d,657.410000,659.640000,653.810000,657.550000,657.550000,34147900,FinMind
QQQ,NASDAQ,Invesco QQQ Trust,2026-04-29,1d,658.630000,661.720000,656.590000,661.570000,661.570000,31724900,FinMind
QQQ,NASDAQ,Invesco QQQ Trust,2026-04-30,1d,665.350000,668.900000,657.560000,667.740000,667.740000,40622200,FinMind
QQQ,NASDAQ,Invesco QQQ Trust,2026-05-01,1d,669.160000,675.970000,668.800000,674.150000,674.150000,39172600,FinMind
QQQ,NASDAQ,Invesco QQQ Trust,2026-05-04,1d,674.660000,676.730000,668.900000,672.880000,672.880000,34542000,FinMind
QQQ,NASDAQ,Invesco QQQ Trust,2026-05-05,1d,677.960000,682.770000,677.510000,681.610000,681.610000,37101100,FinMind
QQQ,NASDAQ,Invesco QQQ Trust,2026-05-06,1d,687.780000,695.930000,686.480000,695.770000,695.770000,38778500,FinMind
QQQ,NASDAQ,Invesco QQQ Trust,2026-05-07,1d,696.580000,701.240000,691.770000,694.940000,694.940000,43779100,FinMind
QQQ,NASDAQ,Invesco QQQ Trust,2026-05-08,1d,699.920000,711.230000,699.500000,711.230000,711.230000,44320400,FinMind
QQQ,NASDAQ,Invesco QQQ Trust,2026-05-11,1d,710.360000,714.590000,708.910000,713.290000,713.290000,36019100,FinMind
QQQ,NASDAQ,Invesco QQQ Trust,2026-05-12,1d,708.220000,710.180000,696.640000,707.240000,707.240000,45873000,FinMind
QQQ,NASDAQ,Invesco QQQ Trust,2026-05-13,1d,709.960000,716.650000,704.830000,714.710000,714.710000,40012500,FinMind
QQQ,NASDAQ,Invesco QQQ Trust,2026-05-14,1d,714.620000,722.030000,714.220000,719.790000,719.790000,33327500,FinMind
QQQ,NASDAQ,Invesco QQQ Trust,2026-05-15,1d,710.140000,715.130000,705.550000,708.930000,708.930000,51792700,FinMind
QQQ,NASDAQ,Invesco QQQ Trust,2026-05-18,1d,711.540000,712.070000,698.850000,705.880000,705.880000,49834500,FinMind
QQQ,NASDAQ,Invesco QQQ Trust,2026-05-19,1d,699.810000,706.490000,695.250000,701.530000,701.530000,46827500,FinMind
QQQ,NASDAQ,Invesco QQQ Trust,2026-05-20,1d,705.290000,713.150000,703.790000,713.150000,713.150000,36779200,FinMind
QQQ,NASDAQ,Invesco QQQ Trust,2026-05-21,1d,708.990000,717.120000,706.770000,714.510000,714.510000,36415400,FinMind
QQQ,NASDAQ,Invesco QQQ Trust,2026-05-22,1d,718.070000,722.120000,715.950000,717.540000,717.540000,33118600,FinMind
QQQ,NASDAQ,Invesco QQQ Trust,2026-05-26,1d,725.960000,731.170000,724.160000,730.280000,730.280000,34254700,FinMind
QQQ,NASDAQ,Invesco QQQ Trust,2026-05-27,1d,732.960000,733.320000,725.440000,729.450000,729.450000,35148700,FinMind
QQQ,NASDAQ,Invesco QQQ Trust,2026-05-28,1d,729.730000,736.600000,726.410000,735.600000,735.600000,32840000,FinMind
QQQ,NASDAQ,Invesco QQQ Trust,2026-05-29,1d,737.840000,741.630000,735.250000,738.310000,738.310000,37541700,FinMind
QQQ,NASDAQ,Invesco QQQ Trust,2026-06-01,1d,737.040000,745.650000,735.990000,742.740000,742.740000,33890600,FinMind
QQQ,NASDAQ,Invesco QQQ Trust,2026-06-02,1d,742.460000,746.440000,739.230000,746.160000,746.160000,28237099,FinMind
TLT,NASDAQ,iShares 20+ Year Treasury Bond ETF,2025-06-03,1d,85.440000,85.740000,84.890000,85.010000,81.300000,33731300,FinMind
TLT,NASDAQ,iShares 20+ Year Treasury Bond ETF,2025-06-04,1d,85.790000,86.650000,85.650000,86.390000,82.620000,57441500,FinMind
TLT,NASDAQ,iShares 20+ Year Treasury Bond ETF,2025-06-05,1d,86.680000,86.930000,86.220000,86.450000,82.680000,37664700,FinMind
TLT,NASDAQ,iShares 20+ Year Treasury Bond ETF,2025-06-06,1d,85.790000,85.930000,85.280000,85.350000,81.630000,38130100,FinMind
TLT,NASDAQ,iShares 20+ Year Treasury Bond ETF,2025-06-09,1d,85.040000,85.640000,85.040000,85.440000,81.710000,26560800,FinMind
TLT,NASDAQ,iShares 20+ Year Treasury Bond ETF,2025-06-10,1d,86.100000,86.180000,85.520000,85.880000,82.130000,24857000,FinMind
TLT,NASDAQ,iShares 20+ Year Treasury Bond ETF,2025-06-11,1d,85.810000,86.400000,85.710000,86.140000,82.380000,36334800,FinMind
TLT,NASDAQ,iShares 20+ Year Treasury Bond ETF,2025-06-12,1d,86.890000,87.200000,86.600000,87.170000,83.370000,43017800,FinMind
TLT,NASDAQ,iShares 20+ Year Treasury Bond ETF,2025-06-13,1d,86.730000,86.880000,85.780000,86.330000,82.560000,49374000,FinMind
TLT,NASDAQ,iShares 20+ Year Treasury Bond ETF,2025-06-16,1d,86.080000,86.430000,85.460000,85.460000,81.730000,36496600,FinMind
TLT,NASDAQ,iShares 20+ Year Treasury Bond ETF,2025-06-17,1d,86.000000,86.660000,85.750000,86.500000,82.730000,34521600,FinMind
TLT,NASDAQ,iShares 20+ Year Treasury Bond ETF,2025-06-18,1d,86.880000,87.090000,86.350000,86.650000,82.870000,38589000,FinMind
TLT,NASDAQ,iShares 20+ Year Treasury Bond ETF,2025-06-20,1d,86.140000,86.790000,85.950000,86.490000,82.720000,26001900,FinMind
TLT,NASDAQ,iShares 20+ Year Treasury Bond ETF,2025-06-23,1d,86.930000,87.440000,86.770000,86.770000,82.990000,36851800,FinMind
TLT,NASDAQ,iShares 20+ Year Treasury Bond ETF,2025-06-24,1d,86.470000,87.590000,86.430000,87.400000,83.590000,32959100,FinMind
TLT,NASDAQ,iShares 20+ Year Treasury Bond ETF,2025-06-25,1d,87.110000,87.510000,86.800000,87.510000,83.690000,26345300,FinMind
TLT,NASDAQ,iShares 20+ Year Treasury Bond ETF,2025-06-26,1d,87.590000,87.950000,87.200000,87.950000,84.110000,30467500,FinMind
TLT,NASDAQ,iShares 20+ Year Treasury Bond ETF,2025-06-27,1d,87.570000,88.160000,87.240000,87.390000,83.580000,74993500,FinMind
TLT,NASDAQ,iShares 20+ Year Treasury Bond ETF,2025-06-30,1d,87.860000,88.440000,87.610000,88.250000,84.400000,53695200,FinMind
TLT,NASDAQ,iShares 20+ Year Treasury Bond ETF,2025-07-01,1d,88.130000,88.310000,87.660000,88.140000,84.610000,38960600,FinMind
TLT,NASDAQ,iShares 20+ Year Treasury Bond ETF,2025-07-02,1d,87.190000,87.590000,87.100000,87.580000,84.070000,39382200,FinMind
TLT,NASDAQ,iShares 20+ Year Treasury Bond ETF,2025-07-03,1d,87.170000,87.290000,86.850000,86.970000,83.490000,26729100,FinMind
TLT,NASDAQ,iShares 20+ Year Treasury Bond ETF,2025-07-07,1d,86.540000,86.560000,85.920000,86.140000,82.690000,38314700,FinMind
TLT,NASDAQ,iShares 20+ Year Treasury Bond ETF,2025-07-08,1d,85.570000,86.040000,85.440000,86.030000,82.580000,31407000,FinMind
TLT,NASDAQ,iShares 20+ Year Treasury Bond ETF,2025-07-09,1d,86.190000,86.930000,86.180000,86.930000,83.450000,29821900,FinMind
TLT,NASDAQ,iShares 20+ Year Treasury Bond ETF,2025-07-10,1d,86.830000,87.060000,86.490000,86.990000,83.510000,24525500,FinMind
TLT,NASDAQ,iShares 20+ Year Treasury Bond ETF,2025-07-11,1d,86.230000,86.270000,85.640000,85.790000,82.350000,40764800,FinMind
TLT,NASDAQ,iShares 20+ Year Treasury Bond ETF,2025-07-14,1d,85.540000,85.880000,85.320000,85.610000,82.180000,24609500,FinMind
TLT,NASDAQ,iShares 20+ Year Treasury Bond ETF,2025-07-15,1d,85.890000,85.910000,84.900000,85.010000,81.610000,40455000,FinMind
TLT,NASDAQ,iShares 20+ Year Treasury Bond ETF,2025-07-16,1d,85.280000,85.660000,84.190000,85.130000,81.720000,65987700,FinMind
TLT,NASDAQ,iShares 20+ Year Treasury Bond ETF,2025-07-17,1d,85.220000,85.490000,84.990000,85.110000,81.700000,31875500,FinMind
TLT,NASDAQ,iShares 20+ Year Treasury Bond ETF,2025-07-18,1d,85.430000,85.460000,85.100000,85.240000,81.830000,27534900,FinMind
TLT,NASDAQ,iShares 20+ Year Treasury Bond ETF,2025-07-21,1d,86.220000,86.510000,85.960000,86.000000,82.560000,40019500,FinMind
TLT,NASDAQ,iShares 20+ Year Treasury Bond ETF,2025-07-22,1d,86.170000,86.770000,86.110000,86.520000,83.050000,35190300,FinMind
TLT,NASDAQ,iShares 20+ Year Treasury Bond ETF,2025-07-23,1d,86.050000,86.200000,85.790000,86.040000,82.590000,31008500,FinMind
TLT,NASDAQ,iShares 20+ Year Treasury Bond ETF,2025-07-24,1d,85.550000,86.240000,85.510000,85.890000,82.450000,25164800,FinMind
TLT,NASDAQ,iShares 20+ Year Treasury Bond ETF,2025-07-25,1d,85.800000,86.440000,85.720000,86.430000,82.970000,27196200,FinMind
TLT,NASDAQ,iShares 20+ Year Treasury Bond ETF,2025-07-28,1d,85.990000,86.200000,85.830000,85.870000,82.430000,26812500,FinMind
TLT,NASDAQ,iShares 20+ Year Treasury Bond ETF,2025-07-29,1d,86.230000,87.340000,86.200000,87.320000,83.820000,47828300,FinMind
TLT,NASDAQ,iShares 20+ Year Treasury Bond ETF,2025-07-30,1d,86.770000,86.960000,86.560000,86.870000,83.390000,40670900,FinMind
TLT,NASDAQ,iShares 20+ Year Treasury Bond ETF,2025-07-31,1d,87.130000,87.410000,86.840000,86.920000,83.440000,49814100,FinMind
TLT,NASDAQ,iShares 20+ Year Treasury Bond ETF,2025-08-01,1d,87.560000,87.930000,87.520000,87.820000,84.620000,63434500,FinMind
TLT,NASDAQ,iShares 20+ Year Treasury Bond ETF,2025-08-04,1d,87.960000,88.150000,87.650000,88.060000,84.860000,36425200,FinMind
TLT,NASDAQ,iShares 20+ Year Treasury Bond ETF,2025-08-05,1d,87.850000,88.450000,87.780000,88.330000,85.120000,28586100,FinMind
TLT,NASDAQ,iShares 20+ Year Treasury Bond ETF,2025-08-06,1d,87.840000,88.050000,86.920000,87.820000,84.620000,42589300,FinMind
TLT,NASDAQ,iShares 20+ Year Treasury Bond ETF,2025-08-07,1d,87.920000,88.250000,87.590000,87.670000,84.480000,29213100,FinMind
TLT,NASDAQ,iShares 20+ Year Treasury Bond ETF,2025-08-08,1d,87.360000,87.390000,87.150000,87.290000,84.110000,21596300,FinMind
TLT,NASDAQ,iShares 20+ Year Treasury Bond ETF,2025-08-11,1d,87.540000,87.670000,87.280000,87.390000,84.210000,20100900,FinMind
TLT,NASDAQ,iShares 20+ Year Treasury Bond ETF,2025-08-12,1d,86.900000,86.970000,86.550000,86.950000,83.790000,41052300,FinMind
TLT,NASDAQ,iShares 20+ Year Treasury Bond ETF,2025-08-13,1d,87.440000,87.810000,87.430000,87.670000,84.480000,30817500,FinMind
TLT,NASDAQ,iShares 20+ Year Treasury Bond ETF,2025-08-14,1d,87.510000,87.510000,86.890000,87.020000,83.850000,33397400,FinMind
TLT,NASDAQ,iShares 20+ Year Treasury Bond ETF,2025-08-15,1d,86.660000,86.780000,86.250000,86.400000,83.260000,36343600,FinMind
TLT,NASDAQ,iShares 20+ Year Treasury Bond ETF,2025-08-18,1d,86.500000,86.540000,85.990000,86.150000,83.020000,26777500,FinMind
TLT,NASDAQ,iShares 20+ Year Treasury Bond ETF,2025-08-19,1d,86.450000,86.750000,86.450000,86.650000,83.500000,28780600,FinMind
TLT,NASDAQ,iShares 20+ Year Treasury Bond ETF,2025-08-20,1d,86.590000,86.970000,86.560000,86.840000,83.680000,25912500,FinMind
TLT,NASDAQ,iShares 20+ Year Treasury Bond ETF,2025-08-21,1d,86.560000,86.680000,86.110000,86.410000,83.270000,28643900,FinMind
TLT,NASDAQ,iShares 20+ Year Treasury Bond ETF,2025-08-22,1d,86.830000,87.300000,86.720000,87.050000,83.880000,49871900,FinMind
TLT,NASDAQ,iShares 20+ Year Treasury Bond ETF,2025-08-25,1d,86.730000,87.050000,86.650000,86.800000,83.640000,27011900,FinMind
TLT,NASDAQ,iShares 20+ Year Treasury Bond ETF,2025-08-26,1d,86.510000,86.790000,86.220000,86.750000,83.590000,30259300,FinMind
TLT,NASDAQ,iShares 20+ Year Treasury Bond ETF,2025-08-27,1d,86.110000,86.660000,86.000000,86.650000,83.500000,38142800,FinMind
TLT,NASDAQ,iShares 20+ Year Treasury Bond ETF,2025-08-28,1d,86.780000,87.260000,86.660000,87.220000,84.050000,32205900,FinMind
TLT,NASDAQ,iShares 20+ Year Treasury Bond ETF,2025-08-29,1d,86.760000,86.860000,86.440000,86.600000,83.450000,41686400,FinMind
TLT,NASDAQ,iShares 20+ Year Treasury Bond ETF,2025-09-02,1d,85.630000,85.840000,85.480000,85.630000,82.830000,48760600,FinMind
TLT,NASDAQ,iShares 20+ Year Treasury Bond ETF,2025-09-03,1d,85.930000,86.810000,85.890000,86.570000,83.740000,52499500,FinMind
TLT,NASDAQ,iShares 20+ Year Treasury Bond ETF,2025-09-04,1d,87.020000,87.240000,86.580000,87.230000,84.380000,40501600,FinMind
TLT,NASDAQ,iShares 20+ Year Treasury Bond ETF,2025-09-05,1d,88.220000,88.610000,88.140000,88.560000,85.660000,69668000,FinMind
TLT,NASDAQ,iShares 20+ Year Treasury Bond ETF,2025-09-08,1d,89.170000,89.760000,89.120000,89.740000,86.800000,54538700,FinMind
TLT,NASDAQ,iShares 20+ Year Treasury Bond ETF,2025-09-09,1d,89.400000,89.550000,88.990000,89.230000,86.310000,37126400,FinMind
TLT,NASDAQ,iShares 20+ Year Treasury Bond ETF,2025-09-10,1d,89.400000,90.070000,89.190000,89.740000,86.800000,40713600,FinMind
TLT,NASDAQ,iShares 20+ Year Treasury Bond ETF,2025-09-11,1d,89.910000,90.480000,89.900000,90.340000,87.380000,46694400,FinMind
TLT,NASDAQ,iShares 20+ Year Treasury Bond ETF,2025-09-12,1d,89.830000,89.980000,89.490000,89.950000,87.010000,32968600,FinMind
TLT,NASDAQ,iShares 20+ Year Treasury Bond ETF,2025-09-15,1d,90.150000,90.460000,90.070000,90.160000,87.210000,24820100,FinMind
TLT,NASDAQ,iShares 20+ Year Treasury Bond ETF,2025-09-16,1d,90.090000,90.500000,90.040000,90.350000,87.390000,26794200,FinMind
TLT,NASDAQ,iShares 20+ Year Treasury Bond ETF,2025-09-17,1d,90.710000,91.040000,89.870000,90.120000,87.170000,49121800,FinMind
TLT,NASDAQ,iShares 20+ Year Treasury Bond ETF,2025-09-18,1d,89.260000,89.470000,88.900000,89.190000,86.270000,55717900,FinMind
TLT,NASDAQ,iShares 20+ Year Treasury Bond ETF,2025-09-19,1d,89.070000,89.230000,88.790000,89.020000,86.110000,32509200,FinMind
TLT,NASDAQ,iShares 20+ Year Treasury Bond ETF,2025-09-22,1d,88.820000,88.910000,88.540000,88.700000,85.800000,24758200,FinMind
TLT,NASDAQ,iShares 20+ Year Treasury Bond ETF,2025-09-23,1d,88.970000,89.360000,88.750000,89.320000,86.400000,26689000,FinMind
TLT,NASDAQ,iShares 20+ Year Treasury Bond ETF,2025-09-24,1d,89.080000,89.160000,88.700000,88.980000,86.070000,28098000,FinMind
TLT,NASDAQ,iShares 20+ Year Treasury Bond ETF,2025-09-25,1d,88.850000,89.030000,88.460000,88.980000,86.070000,29882500,FinMind
TLT,NASDAQ,iShares 20+ Year Treasury Bond ETF,2025-09-26,1d,88.990000,89.470000,88.690000,88.900000,85.990000,30955100,FinMind
TLT,NASDAQ,iShares 20+ Year Treasury Bond ETF,2025-09-29,1d,89.290000,89.740000,89.260000,89.630000,86.700000,32286200,FinMind
TLT,NASDAQ,iShares 20+ Year Treasury Bond ETF,2025-09-30,1d,89.660000,90.040000,89.210000,89.370000,86.450000,38584000,FinMind
TLT,NASDAQ,iShares 20+ Year Treasury Bond ETF,2025-10-01,1d,89.450000,89.640000,89.090000,89.290000,86.670000,39408900,FinMind
TLT,NASDAQ,iShares 20+ Year Treasury Bond ETF,2025-10-02,1d,89.310000,89.690000,89.190000,89.550000,86.920000,23208300,FinMind
TLT,NASDAQ,iShares 20+ Year Treasury Bond ETF,2025-10-03,1d,89.630000,89.720000,89.270000,89.380000,86.760000,25884500,FinMind
TLT,NASDAQ,iShares 20+ Year Treasury Bond ETF,2025-10-06,1d,88.710000,89.160000,88.650000,88.670000,86.070000,28371000,FinMind
TLT,NASDAQ,iShares 20+ Year Treasury Bond ETF,2025-10-07,1d,88.970000,89.380000,88.810000,89.180000,86.560000,29103300,FinMind
TLT,NASDAQ,iShares 20+ Year Treasury Bond ETF,2025-10-08,1d,89.600000,89.620000,89.130000,89.250000,86.630000,22506200,FinMind
TLT,NASDAQ,iShares 20+ Year Treasury Bond ETF,2025-10-09,1d,89.170000,89.290000,89.010000,89.180000,86.560000,21578700,FinMind
TLT,NASDAQ,iShares 20+ Year Treasury Bond ETF,2025-10-10,1d,89.980000,90.720000,89.900000,90.620000,87.960000,59389400,FinMind
TLT,NASDAQ,iShares 20+ Year Treasury Bond ETF,2025-10-13,1d,90.280000,90.580000,89.860000,90.570000,87.910000,28035500,FinMind
TLT,NASDAQ,iShares 20+ Year Treasury Bond ETF,2025-10-14,1d,90.650000,90.920000,90.430000,90.860000,88.190000,29800000,FinMind
TLT,NASDAQ,iShares 20+ Year Treasury Bond ETF,2025-10-15,1d,90.960000,91.300000,90.470000,90.660000,88.000000,31333900,FinMind
TLT,NASDAQ,iShares 20+ Year Treasury Bond ETF,2025-10-16,1d,90.520000,91.500000,90.450000,91.340000,88.660000,39631200,FinMind
TLT,NASDAQ,iShares 20+ Year Treasury Bond ETF,2025-10-17,1d,91.250000,91.290000,90.900000,91.200000,88.520000,40240400,FinMind
TLT,NASDAQ,iShares 20+ Year Treasury Bond ETF,2025-10-20,1d,91.460000,91.560000,91.280000,91.550000,88.860000,28429300,FinMind
TLT,NASDAQ,iShares 20+ Year Treasury Bond ETF,2025-10-21,1d,91.990000,92.190000,91.910000,92.000000,89.300000,24514300,FinMind
TLT,NASDAQ,iShares 20+ Year Treasury Bond ETF,2025-10-22,1d,91.990000,92.180000,91.820000,92.060000,89.360000,30496200,FinMind
TLT,NASDAQ,iShares 20+ Year Treasury Bond ETF,2025-10-23,1d,91.610000,91.790000,91.290000,91.430000,88.750000,28275100,FinMind
TLT,NASDAQ,iShares 20+ Year Treasury Bond ETF,2025-10-24,1d,91.590000,91.600000,91.160000,91.470000,88.790000,28266000,FinMind
TLT,NASDAQ,iShares 20+ Year Treasury Bond ETF,2025-10-27,1d,91.320000,91.790000,91.090000,91.780000,89.090000,30033600,FinMind
TLT,NASDAQ,iShares 20+ Year Treasury Bond ETF,2025-10-28,1d,91.850000,92.180000,91.810000,92.020000,89.320000,23564500,FinMind
TLT,NASDAQ,iShares 20+ Year Treasury Bond ETF,2025-10-29,1d,91.880000,91.890000,91.020000,91.090000,88.420000,39551600,FinMind
TLT,NASDAQ,iShares 20+ Year Treasury Bond ETF,2025-10-30,1d,90.390000,90.970000,90.350000,90.560000,87.900000,42649200,FinMind
TLT,NASDAQ,iShares 20+ Year Treasury Bond ETF,2025-10-31,1d,90.560000,90.660000,90.200000,90.290000,87.640000,38247300,FinMind
TLT,NASDAQ,iShares 20+ Year Treasury Bond ETF,2025-11-03,1d,89.620000,89.820000,89.420000,89.740000,87.420000,40752300,FinMind
TLT,NASDAQ,iShares 20+ Year Treasury Bond ETF,2025-11-04,1d,89.780000,90.060000,89.740000,89.940000,87.620000,26383800,FinMind
TLT,NASDAQ,iShares 20+ Year Treasury Bond ETF,2025-11-05,1d,89.510000,89.550000,88.880000,88.960000,86.660000,44643400,FinMind
TLT,NASDAQ,iShares 20+ Year Treasury Bond ETF,2025-11-06,1d,89.560000,89.850000,89.530000,89.760000,87.440000,33027400,FinMind
TLT,NASDAQ,iShares 20+ Year Treasury Bond ETF,2025-11-07,1d,89.360000,89.870000,89.360000,89.570000,87.260000,28530100,FinMind
TLT,NASDAQ,iShares 20+ Year Treasury Bond ETF,2025-11-10,1d,89.490000,89.670000,89.390000,89.550000,87.240000,24093500,FinMind
TLT,NASDAQ,iShares 20+ Year Treasury Bond ETF,2025-11-11,1d,89.950000,90.070000,89.780000,89.960000,87.630000,18942300,FinMind
TLT,NASDAQ,iShares 20+ Year Treasury Bond ETF,2025-11-12,1d,89.950000,90.320000,89.880000,90.120000,87.790000,23594900,FinMind
TLT,NASDAQ,iShares 20+ Year Treasury Bond ETF,2025-11-13,1d,89.800000,89.940000,89.380000,89.380000,87.070000,33825900,FinMind
TLT,NASDAQ,iShares 20+ Year Treasury Bond ETF,2025-11-14,1d,89.790000,89.840000,88.870000,88.870000,86.570000,38550500,FinMind
TLT,NASDAQ,iShares 20+ Year Treasury Bond ETF,2025-11-17,1d,89.080000,89.300000,88.980000,89.090000,86.790000,25605800,FinMind
TLT,NASDAQ,iShares 20+ Year Treasury Bond ETF,2025-11-18,1d,89.350000,89.450000,88.800000,89.060000,86.760000,31967400,FinMind
TLT,NASDAQ,iShares 20+ Year Treasury Bond ETF,2025-11-19,1d,89.230000,89.310000,88.850000,88.880000,86.580000,25782400,FinMind
TLT,NASDAQ,iShares 20+ Year Treasury Bond ETF,2025-11-20,1d,88.990000,89.420000,88.990000,89.230000,86.920000,32945000,FinMind
TLT,NASDAQ,iShares 20+ Year Treasury Bond ETF,2025-11-21,1d,89.650000,89.670000,89.200000,89.500000,87.190000,41938600,FinMind
TLT,NASDAQ,iShares 20+ Year Treasury Bond ETF,2025-11-24,1d,89.950000,90.070000,89.780000,90.010000,87.680000,30865700,FinMind
TLT,NASDAQ,iShares 20+ Year Treasury Bond ETF,2025-11-25,1d,90.310000,90.590000,90.130000,90.240000,87.910000,36503300,FinMind
TLT,NASDAQ,iShares 20+ Year Treasury Bond ETF,2025-11-26,1d,90.150000,90.640000,89.830000,90.640000,88.300000,34099000,FinMind
TLT,NASDAQ,iShares 20+ Year Treasury Bond ETF,2025-11-28,1d,90.460000,90.530000,89.950000,90.210000,87.880000,40704300,FinMind
TLT,NASDAQ,iShares 20+ Year Treasury Bond ETF,2025-12-01,1d,88.850000,88.990000,88.710000,88.770000,86.780000,47086600,FinMind
TLT,NASDAQ,iShares 20+ Year Treasury Bond ETF,2025-12-02,1d,88.580000,88.960000,88.460000,88.810000,86.820000,27605700,FinMind
TLT,NASDAQ,iShares 20+ Year Treasury Bond ETF,2025-12-03,1d,88.920000,89.160000,88.740000,89.060000,87.070000,23278600,FinMind
TLT,NASDAQ,iShares 20+ Year Treasury Bond ETF,2025-12-04,1d,88.910000,88.930000,88.480000,88.580000,86.600000,25541500,FinMind
TLT,NASDAQ,iShares 20+ Year Treasury Bond ETF,2025-12-05,1d,88.550000,88.550000,88.050000,88.170000,86.200000,32808100,FinMind
TLT,NASDAQ,iShares 20+ Year Treasury Bond ETF,2025-12-08,1d,88.190000,88.200000,87.560000,87.880000,85.910000,32255200,FinMind
TLT,NASDAQ,iShares 20+ Year Treasury Bond ETF,2025-12-09,1d,88.340000,88.350000,87.840000,87.970000,86.000000,25771800,FinMind
TLT,NASDAQ,iShares 20+ Year Treasury Bond ETF,2025-12-10,1d,88.000000,88.520000,87.860000,88.310000,86.330000,46833500,FinMind
TLT,NASDAQ,iShares 20+ Year Treasury Bond ETF,2025-12-11,1d,88.690000,88.830000,88.160000,88.190000,86.220000,26778700,FinMind
TLT,NASDAQ,iShares 20+ Year Treasury Bond ETF,2025-12-12,1d,87.380000,87.500000,87.190000,87.340000,85.390000,47030100,FinMind
TLT,NASDAQ,iShares 20+ Year Treasury Bond ETF,2025-12-15,1d,87.720000,87.880000,87.390000,87.400000,85.450000,28611800,FinMind
TLT,NASDAQ,iShares 20+ Year Treasury Bond ETF,2025-12-16,1d,87.190000,87.920000,87.170000,87.880000,85.910000,41018700,FinMind
TLT,NASDAQ,iShares 20+ Year Treasury Bond ETF,2025-12-17,1d,87.630000,87.990000,87.580000,87.800000,85.840000,24668300,FinMind
TLT,NASDAQ,iShares 20+ Year Treasury Bond ETF,2025-12-18,1d,88.130000,88.380000,88.070000,88.220000,86.250000,39048900,FinMind
TLT,NASDAQ,iShares 20+ Year Treasury Bond ETF,2025-12-19,1d,87.610000,87.760000,87.410000,87.550000,85.920000,37858100,FinMind
TLT,NASDAQ,iShares 20+ Year Treasury Bond ETF,2025-12-22,1d,87.420000,87.460000,87.250000,87.360000,85.740000,25547100,FinMind
TLT,NASDAQ,iShares 20+ Year Treasury Bond ETF,2025-12-23,1d,87.070000,87.580000,87.030000,87.500000,85.880000,33624100,FinMind
TLT,NASDAQ,iShares 20+ Year Treasury Bond ETF,2025-12-24,1d,87.760000,88.080000,87.650000,88.030000,86.400000,25942000,FinMind
TLT,NASDAQ,iShares 20+ Year Treasury Bond ETF,2025-12-26,1d,88.100000,88.170000,87.600000,87.740000,86.110000,26522700,FinMind
TLT,NASDAQ,iShares 20+ Year Treasury Bond ETF,2025-12-29,1d,87.950000,88.070000,87.790000,88.070000,86.440000,29399800,FinMind
TLT,NASDAQ,iShares 20+ Year Treasury Bond ETF,2025-12-30,1d,87.740000,88.040000,87.670000,87.860000,86.230000,25106800,FinMind
TLT,NASDAQ,iShares 20+ Year Treasury Bond ETF,2025-12-31,1d,87.680000,87.910000,87.130000,87.160000,85.540000,36500000,FinMind
TLT,NASDAQ,iShares 20+ Year Treasury Bond ETF,2026-01-02,1d,87.400000,87.410000,87.020000,87.030000,85.410000,40731300,FinMind
TLT,NASDAQ,iShares 20+ Year Treasury Bond ETF,2026-01-05,1d,87.180000,87.520000,87.110000,87.460000,85.840000,30178000,FinMind
TLT,NASDAQ,iShares 20+ Year Treasury Bond ETF,2026-01-06,1d,87.150000,87.340000,86.900000,87.280000,85.660000,39015200,FinMind
TLT,NASDAQ,iShares 20+ Year Treasury Bond ETF,2026-01-07,1d,87.840000,88.010000,87.480000,87.790000,86.160000,39930900,FinMind
TLT,NASDAQ,iShares 20+ Year Treasury Bond ETF,2026-01-08,1d,87.330000,87.550000,87.250000,87.350000,85.730000,28204900,FinMind
TLT,NASDAQ,iShares 20+ Year Treasury Bond ETF,2026-01-09,1d,87.300000,88.000000,87.120000,87.930000,86.300000,57348800,FinMind
TLT,NASDAQ,iShares 20+ Year Treasury Bond ETF,2026-01-12,1d,87.500000,87.910000,87.410000,87.670000,86.040000,36103100,FinMind
TLT,NASDAQ,iShares 20+ Year Treasury Bond ETF,2026-01-13,1d,87.880000,87.910000,87.540000,87.820000,86.190000,30451400,FinMind
TLT,NASDAQ,iShares 20+ Year Treasury Bond ETF,2026-01-14,1d,87.910000,88.430000,87.890000,88.330000,86.690000,39233500,FinMind
TLT,NASDAQ,iShares 20+ Year Treasury Bond ETF,2026-01-15,1d,88.640000,88.660000,88.310000,88.310000,86.670000,37988900,FinMind
TLT,NASDAQ,iShares 20+ Year Treasury Bond ETF,2026-01-16,1d,88.130000,88.320000,87.710000,87.800000,86.170000,46382400,FinMind
TLT,NASDAQ,iShares 20+ Year Treasury Bond ETF,2026-01-20,1d,86.630000,87.030000,86.540000,86.650000,85.040000,66009500,FinMind
TLT,NASDAQ,iShares 20+ Year Treasury Bond ETF,2026-01-21,1d,86.800000,87.480000,86.620000,87.310000,85.690000,51220100,FinMind
TLT,NASDAQ,iShares 20+ Year Treasury Bond ETF,2026-01-22,1d,87.270000,87.760000,87.140000,87.690000,86.060000,42419300,FinMind
TLT,NASDAQ,iShares 20+ Year Treasury Bond ETF,2026-01-23,1d,87.830000,88.030000,87.500000,87.930000,86.300000,35968800,FinMind
TLT,NASDAQ,iShares 20+ Year Treasury Bond ETF,2026-01-26,1d,88.400000,88.490000,88.200000,88.350000,86.710000,38882400,FinMind
TLT,NASDAQ,iShares 20+ Year Treasury Bond ETF,2026-01-27,1d,88.110000,88.250000,87.680000,87.800000,86.170000,35180100,FinMind
TLT,NASDAQ,iShares 20+ Year Treasury Bond ETF,2026-01-28,1d,87.510000,87.700000,87.290000,87.600000,85.970000,38750300,FinMind
TLT,NASDAQ,iShares 20+ Year Treasury Bond ETF,2026-01-29,1d,87.150000,87.740000,87.080000,87.620000,85.990000,43855000,FinMind
TLT,NASDAQ,iShares 20+ Year Treasury Bond ETF,2026-01-30,1d,87.380000,87.560000,87.130000,87.130000,85.510000,45832200,FinMind
TLT,NASDAQ,iShares 20+ Year Treasury Bond ETF,2026-02-02,1d,87.020000,87.060000,86.550000,86.550000,85.270000,38171400,FinMind
TLT,NASDAQ,iShares 20+ Year Treasury Bond ETF,2026-02-03,1d,86.490000,86.780000,86.430000,86.760000,85.480000,27438200,FinMind
TLT,NASDAQ,iShares 20+ Year Treasury Bond ETF,2026-02-04,1d,86.630000,86.780000,86.460000,86.540000,85.260000,37872900,FinMind
TLT,NASDAQ,iShares 20+ Year Treasury Bond ETF,2026-02-05,1d,86.930000,87.480000,86.750000,87.480000,86.180000,50268900,FinMind
TLT,NASDAQ,iShares 20+ Year Treasury Bond ETF,2026-02-06,1d,87.450000,87.540000,87.200000,87.540000,86.240000,33461800,FinMind
TLT,NASDAQ,iShares 20+ Year Treasury Bond ETF,2026-02-09,1d,87.200000,87.580000,87.030000,87.520000,86.220000,24708900,FinMind
TLT,NASDAQ,iShares 20+ Year Treasury Bond ETF,2026-02-10,1d,88.240000,88.530000,88.220000,88.530000,87.220000,37253700,FinMind
TLT,NASDAQ,iShares 20+ Year Treasury Bond ETF,2026-02-11,1d,88.040000,88.480000,87.940000,88.060000,86.760000,37014000,FinMind
TLT,NASDAQ,iShares 20+ Year Treasury Bond ETF,2026-02-12,1d,88.360000,89.280000,88.350000,89.230000,87.910000,48454900,FinMind
TLT,NASDAQ,iShares 20+ Year Treasury Bond ETF,2026-02-13,1d,89.630000,89.810000,89.520000,89.720000,88.390000,56785200,FinMind
TLT,NASDAQ,iShares 20+ Year Treasury Bond ETF,2026-02-17,1d,89.930000,90.120000,89.760000,89.870000,88.540000,32356700,FinMind
TLT,NASDAQ,iShares 20+ Year Treasury Bond ETF,2026-02-18,1d,89.690000,89.860000,89.470000,89.530000,88.200000,35415400,FinMind
TLT,NASDAQ,iShares 20+ Year Treasury Bond ETF,2026-02-19,1d,89.400000,89.720000,89.370000,89.620000,88.290000,28658600,FinMind
TLT,NASDAQ,iShares 20+ Year Treasury Bond ETF,2026-02-20,1d,89.700000,89.740000,88.930000,89.410000,88.090000,49610800,FinMind
TLT,NASDAQ,iShares 20+ Year Treasury Bond ETF,2026-02-23,1d,89.550000,90.000000,89.530000,89.740000,88.410000,33614600,FinMind
TLT,NASDAQ,iShares 20+ Year Treasury Bond ETF,2026-02-24,1d,89.950000,90.050000,89.760000,89.900000,88.570000,24933900,FinMind
TLT,NASDAQ,iShares 20+ Year Treasury Bond ETF,2026-02-25,1d,89.710000,90.080000,89.710000,89.910000,88.580000,23625800,FinMind
TLT,NASDAQ,iShares 20+ Year Treasury Bond ETF,2026-02-26,1d,90.060000,90.320000,90.050000,90.270000,88.930000,29447100,FinMind
TLT,NASDAQ,iShares 20+ Year Treasury Bond ETF,2026-02-27,1d,90.690000,90.860000,90.550000,90.820000,89.480000,51272000,FinMind
TLT,NASDAQ,iShares 20+ Year Treasury Bond ETF,2026-03-02,1d,89.980000,89.990000,89.360000,89.610000,88.580000,55465500,FinMind
TLT,NASDAQ,iShares 20+ Year Treasury Bond ETF,2026-03-03,1d,88.980000,89.670000,88.940000,89.430000,88.400000,51850400,FinMind
TLT,NASDAQ,iShares 20+ Year Treasury Bond ETF,2026-03-04,1d,89.270000,89.440000,89.100000,89.150000,88.120000,47069500,FinMind
TLT,NASDAQ,iShares 20+ Year Treasury Bond ETF,2026-03-05,1d,88.630000,88.940000,88.510000,88.790000,87.770000,45768900,FinMind
TLT,NASDAQ,iShares 20+ Year Treasury Bond ETF,2026-03-06,1d,88.320000,88.940000,88.020000,88.460000,87.440000,58136900,FinMind
TLT,NASDAQ,iShares 20+ Year Treasury Bond ETF,2026-03-09,1d,88.300000,89.320000,88.210000,89.230000,88.200000,52478700,FinMind
TLT,NASDAQ,iShares 20+ Year Treasury Bond ETF,2026-03-10,1d,88.800000,88.950000,88.270000,88.280000,87.260000,48651500,FinMind
TLT,NASDAQ,iShares 20+ Year Treasury Bond ETF,2026-03-11,1d,87.750000,87.810000,87.080000,87.140000,86.140000,54679900,FinMind
TLT,NASDAQ,iShares 20+ Year Treasury Bond ETF,2026-03-12,1d,86.910000,87.250000,86.780000,86.970000,85.970000,48977000,FinMind
TLT,NASDAQ,iShares 20+ Year Treasury Bond ETF,2026-03-13,1d,86.930000,87.150000,86.470000,86.540000,85.540000,43460000,FinMind
TLT,NASDAQ,iShares 20+ Year Treasury Bond ETF,2026-03-16,1d,87.180000,87.340000,86.960000,87.210000,86.200000,37341500,FinMind
TLT,NASDAQ,iShares 20+ Year Treasury Bond ETF,2026-03-17,1d,87.360000,87.570000,87.320000,87.450000,86.440000,19578100,FinMind
TLT,NASDAQ,iShares 20+ Year Treasury Bond ETF,2026-03-18,1d,87.360000,87.480000,86.930000,86.960000,85.960000,37596600,FinMind
TLT,NASDAQ,iShares 20+ Year Treasury Bond ETF,2026-03-19,1d,87.060000,87.730000,86.970000,87.490000,86.480000,60307400,FinMind
TLT,NASDAQ,iShares 20+ Year Treasury Bond ETF,2026-03-20,1d,86.810000,86.860000,85.760000,85.830000,84.840000,78948500,FinMind
TLT,NASDAQ,iShares 20+ Year Treasury Bond ETF,2026-03-23,1d,86.180000,86.720000,85.940000,86.390000,85.390000,69686700,FinMind
TLT,NASDAQ,iShares 20+ Year Treasury Bond ETF,2026-03-24,1d,85.720000,86.290000,85.560000,86.010000,85.020000,51799400,FinMind
TLT,NASDAQ,iShares 20+ Year Treasury Bond ETF,2026-03-25,1d,86.750000,86.880000,86.480000,86.840000,85.840000,37861000,FinMind
TLT,NASDAQ,iShares 20+ Year Treasury Bond ETF,2026-03-26,1d,86.340000,86.610000,85.930000,86.110000,85.120000,39537000,FinMind
TLT,NASDAQ,iShares 20+ Year Treasury Bond ETF,2026-03-27,1d,85.500000,86.100000,85.450000,85.640000,84.650000,39928900,FinMind
TLT,NASDAQ,iShares 20+ Year Treasury Bond ETF,2026-03-30,1d,86.630000,86.950000,86.490000,86.780000,85.780000,36473200,FinMind
TLT,NASDAQ,iShares 20+ Year Treasury Bond ETF,2026-03-31,1d,86.930000,87.160000,86.570000,86.690000,85.690000,47112200,FinMind
TLT,NASDAQ,iShares 20+ Year Treasury Bond ETF,2026-04-01,1d,86.280000,86.710000,86.230000,86.260000,85.610000,31157600,FinMind
TLT,NASDAQ,iShares 20+ Year Treasury Bond ETF,2026-04-02,1d,86.210000,86.850000,86.150000,86.790000,86.130000,33310600,FinMind
TLT,NASDAQ,iShares 20+ Year Treasury Bond ETF,2026-04-06,1d,86.500000,86.850000,86.390000,86.650000,85.990000,14660300,FinMind
TLT,NASDAQ,iShares 20+ Year Treasury Bond ETF,2026-04-07,1d,86.520000,86.680000,85.910000,86.640000,85.980000,22747200,FinMind
TLT,NASDAQ,iShares 20+ Year Treasury Bond ETF,2026-04-08,1d,87.360000,87.370000,86.730000,86.920000,86.260000,22244900,FinMind
TLT,NASDAQ,iShares 20+ Year Treasury Bond ETF,2026-04-09,1d,86.690000,87.130000,86.390000,86.700000,86.040000,18909100,FinMind
TLT,NASDAQ,iShares 20+ Year Treasury Bond ETF,2026-04-10,1d,86.600000,86.680000,86.330000,86.490000,85.830000,13247700,FinMind
TLT,NASDAQ,iShares 20+ Year Treasury Bond ETF,2026-04-13,1d,86.440000,86.800000,86.250000,86.750000,86.090000,12719700,FinMind
TLT,NASDAQ,iShares 20+ Year Treasury Bond ETF,2026-04-14,1d,86.700000,87.240000,86.630000,87.210000,86.550000,16606900,FinMind
TLT,NASDAQ,iShares 20+ Year Treasury Bond ETF,2026-04-15,1d,87.020000,87.070000,86.730000,86.830000,86.170000,15119600,FinMind
TLT,NASDAQ,iShares 20+ Year Treasury Bond ETF,2026-04-16,1d,86.920000,86.970000,86.200000,86.280000,85.630000,20001000,FinMind
TLT,NASDAQ,iShares 20+ Year Treasury Bond ETF,2026-04-17,1d,87.050000,87.210000,86.890000,87.070000,86.410000,29604100,FinMind
TLT,NASDAQ,iShares 20+ Year Treasury Bond ETF,2026-04-20,1d,87.110000,87.130000,86.710000,87.050000,86.390000,14623500,FinMind
TLT,NASDAQ,iShares 20+ Year Treasury Bond ETF,2026-04-21,1d,86.970000,87.090000,86.530000,86.570000,85.910000,19798700,FinMind
TLT,NASDAQ,iShares 20+ Year Treasury Bond ETF,2026-04-22,1d,87.050000,87.160000,86.710000,86.740000,86.080000,13676800,FinMind
TLT,NASDAQ,iShares 20+ Year Treasury Bond ETF,2026-04-23,1d,86.830000,87.040000,86.240000,86.550000,85.890000,21106700,FinMind
TLT,NASDAQ,iShares 20+ Year Treasury Bond ETF,2026-04-24,1d,86.460000,86.820000,86.250000,86.710000,86.050000,22285700,FinMind
TLT,NASDAQ,iShares 20+ Year Treasury Bond ETF,2026-04-27,1d,86.490000,86.620000,86.190000,86.280000,85.630000,19250100,FinMind
TLT,NASDAQ,iShares 20+ Year Treasury Bond ETF,2026-04-28,1d,86.120000,86.370000,85.940000,86.370000,85.720000,14553600,FinMind
TLT,NASDAQ,iShares 20+ Year Treasury Bond ETF,2026-04-29,1d,85.990000,85.990000,85.550000,85.700000,85.050000,29020800,FinMind
TLT,NASDAQ,iShares 20+ Year Treasury Bond ETF,2026-04-30,1d,85.890000,85.900000,85.390000,85.620000,84.970000,28516200,FinMind
TLT,NASDAQ,iShares 20+ Year Treasury Bond ETF,2026-05-01,1d,85.500000,86.000000,85.340000,85.610000,85.270000,21281000,FinMind
TLT,NASDAQ,iShares 20+ Year Treasury Bond ETF,2026-05-04,1d,85.350000,85.360000,84.760000,84.960000,84.630000,27226000,FinMind
TLT,NASDAQ,iShares 20+ Year Treasury Bond ETF,2026-05-05,1d,85.150000,85.490000,85.090000,85.430000,85.100000,18226500,FinMind
TLT,NASDAQ,iShares 20+ Year Treasury Bond ETF,2026-05-06,1d,86.050000,86.170000,85.920000,86.080000,85.740000,22530700,FinMind
TLT,NASDAQ,iShares 20+ Year Treasury Bond ETF,2026-05-07,1d,86.280000,86.290000,85.600000,85.650000,85.310000,21178300,FinMind
TLT,NASDAQ,iShares 20+ Year Treasury Bond ETF,2026-05-08,1d,86.060000,86.280000,85.990000,86.080000,85.740000,30797600,FinMind
TLT,NASDAQ,iShares 20+ Year Treasury Bond ETF,2026-05-11,1d,85.880000,85.920000,85.490000,85.560000,85.220000,17713700,FinMind
TLT,NASDAQ,iShares 20+ Year Treasury Bond ETF,2026-05-12,1d,85.190000,85.200000,84.920000,84.990000,84.660000,27680600,FinMind
TLT,NASDAQ,iShares 20+ Year Treasury Bond ETF,2026-05-13,1d,84.940000,85.050000,84.590000,84.800000,84.470000,26295100,FinMind
TLT,NASDAQ,iShares 20+ Year Treasury Bond ETF,2026-05-14,1d,85.260000,85.380000,84.910000,84.920000,84.590000,25247200,FinMind
TLT,NASDAQ,iShares 20+ Year Treasury Bond ETF,2026-05-15,1d,83.870000,83.970000,83.590000,83.660000,83.330000,50796000,FinMind
TLT,NASDAQ,iShares 20+ Year Treasury Bond ETF,2026-05-18,1d,83.700000,83.920000,83.320000,83.560000,83.230000,26166200,FinMind
TLT,NASDAQ,iShares 20+ Year Treasury Bond ETF,2026-05-19,1d,82.960000,83.230000,82.770000,83.020000,82.690000,35346600,FinMind
TLT,NASDAQ,iShares 20+ Year Treasury Bond ETF,2026-05-20,1d,83.060000,84.000000,83.040000,83.910000,83.580000,44498000,FinMind
TLT,NASDAQ,iShares 20+ Year Treasury Bond ETF,2026-05-21,1d,83.620000,84.260000,83.330000,84.220000,83.890000,24887000,FinMind
TLT,NASDAQ,iShares 20+ Year Treasury Bond ETF,2026-05-22,1d,84.610000,84.680000,84.140000,84.680000,84.350000,27987700,FinMind
TLT,NASDAQ,iShares 20+ Year Treasury Bond ETF,2026-05-26,1d,85.340000,85.380000,84.900000,85.100000,84.770000,22531200,FinMind
TLT,NASDAQ,iShares 20+ Year Treasury Bond ETF,2026-05-27,1d,85.250000,85.480000,85.150000,85.300000,84.970000,23589600,FinMind
TLT,NASDAQ,iShares 20+ Year Treasury Bond ETF,2026-05-28,1d,85.360000,85.850000,85.270000,85.740000,85.400000,25417300,FinMind
TLT,NASDAQ,iShares 20+ Year Treasury Bond ETF,2026-05-29,1d,85.810000,85.960000,85.550000,85.760000,85.420000,33118600,FinMind
TLT,NASDAQ,iShares 20+ Year Treasury Bond ETF,2026-06-01,1d,84.930000,85.540000,84.800000,85.470000,85.470000,26322400,FinMind
TLT,NASDAQ,iShares 20+ Year Treasury Bond ETF,2026-06-02,1d,85.800000,85.820000,85.500000,85.650000,85.650000,20257796,FinMind
TSLA,NASDAQ,Tesla Inc.,2025-06-03,1d,346.600000,355.400000,343.040000,344.270000,344.270000,99324500,FinMind
TSLA,NASDAQ,Tesla Inc.,2025-06-04,1d,345.100000,345.600000,327.330000,332.050000,332.050000,98912100,FinMind
TSLA,NASDAQ,Tesla Inc.,2025-06-05,1d,322.490000,324.550000,273.210000,284.700000,284.700000,287499800,FinMind
TSLA,NASDAQ,Tesla Inc.,2025-06-06,1d,298.830000,305.500000,291.140000,295.140000,295.140000,164747700,FinMind
TSLA,NASDAQ,Tesla Inc.,2025-06-09,1d,285.960000,309.830000,281.850000,308.580000,308.580000,140908900,FinMind
TSLA,NASDAQ,Tesla Inc.,2025-06-10,1d,314.940000,327.830000,310.670000,326.090000,326.090000,151256500,FinMind
TSLA,NASDAQ,Tesla Inc.,2025-06-11,1d,334.400000,335.500000,322.500000,326.430000,326.430000,122611400,FinMind
TSLA,NASDAQ,Tesla Inc.,2025-06-12,1d,323.080000,332.560000,316.860000,319.110000,319.110000,105127500,FinMind
TSLA,NASDAQ,Tesla Inc.,2025-06-13,1d,313.970000,332.990000,313.300000,325.310000,325.310000,128964300,FinMind
TSLA,NASDAQ,Tesla Inc.,2025-06-16,1d,331.290000,332.050000,326.410000,329.130000,329.130000,83925900,FinMind
TSLA,NASDAQ,Tesla Inc.,2025-06-17,1d,326.090000,327.260000,314.740000,316.350000,316.350000,88282700,FinMind
TSLA,NASDAQ,Tesla Inc.,2025-06-18,1d,317.310000,329.320000,315.450000,322.050000,322.050000,95137700,FinMind
TSLA,NASDAQ,Tesla Inc.,2025-06-20,1d,327.950000,332.360000,317.780000,322.160000,322.160000,108688000,FinMind
TSLA,NASDAQ,Tesla Inc.,2025-06-23,1d,327.540000,357.540000,327.480000,348.680000,348.680000,190716800,FinMind
TSLA,NASDAQ,Tesla Inc.,2025-06-24,1d,356.170000,356.260000,340.440000,340.470000,340.470000,114736200,FinMind
TSLA,NASDAQ,Tesla Inc.,2025-06-25,1d,342.700000,343.000000,320.400000,327.550000,327.550000,119845100,FinMind
TSLA,NASDAQ,Tesla Inc.,2025-06-26,1d,324.610000,331.050000,323.610000,325.780000,325.780000,80440900,FinMind
TSLA,NASDAQ,Tesla Inc.,2025-06-27,1d,324.510000,329.340000,317.500000,323.630000,323.630000,89067000,FinMind
TSLA,NASDAQ,Tesla Inc.,2025-06-30,1d,319.900000,325.580000,316.600000,317.660000,317.660000,76695100,FinMind
TSLA,NASDAQ,Tesla Inc.,2025-07-01,1d,298.460000,305.890000,293.210000,300.710000,300.710000,145085700,FinMind
TSLA,NASDAQ,Tesla Inc.,2025-07-02,1d,312.630000,316.830000,303.820000,315.650000,315.650000,119483700,FinMind
TSLA,NASDAQ,Tesla Inc.,2025-07-03,1d,317.990000,318.450000,312.760000,315.350000,315.350000,58042300,FinMind
TSLA,NASDAQ,Tesla Inc.,2025-07-07,1d,291.370000,296.150000,288.770000,293.940000,293.940000,131177900,FinMind
TSLA,NASDAQ,Tesla Inc.,2025-07-08,1d,297.000000,304.050000,294.350000,297.810000,297.810000,103246700,FinMind
TSLA,NASDAQ,Tesla Inc.,2025-07-09,1d,297.550000,300.150000,293.550000,295.880000,295.880000,75586800,FinMind
TSLA,NASDAQ,Tesla Inc.,2025-07-10,1d,300.050000,310.480000,300.000000,309.870000,309.870000,104365300,FinMind
TSLA,NASDAQ,Tesla Inc.,2025-07-11,1d,307.890000,314.090000,305.650000,313.510000,313.510000,79236400,FinMind
TSLA,NASDAQ,Tesla Inc.,2025-07-14,1d,317.730000,322.600000,312.670000,316.900000,316.900000,78043400,FinMind
TSLA,NASDAQ,Tesla Inc.,2025-07-15,1d,319.680000,321.200000,310.500000,310.780000,310.780000,77556300,FinMind
TSLA,NASDAQ,Tesla Inc.,2025-07-16,1d,312.800000,323.500000,312.620000,321.670000,321.670000,97284800,FinMind
TSLA,NASDAQ,Tesla Inc.,2025-07-17,1d,323.150000,324.340000,317.060000,319.410000,319.410000,73922900,FinMind
TSLA,NASDAQ,Tesla Inc.,2025-07-18,1d,321.660000,330.900000,321.420000,329.650000,329.650000,94255000,FinMind
TSLA,NASDAQ,Tesla Inc.,2025-07-21,1d,334.400000,338.000000,326.880000,328.490000,328.490000,75768800,FinMind
TSLA,NASDAQ,Tesla Inc.,2025-07-22,1d,329.740000,335.410000,321.550000,332.110000,332.110000,77370400,FinMind
TSLA,NASDAQ,Tesla Inc.,2025-07-23,1d,330.900000,336.200000,328.670000,332.560000,332.560000,92553800,FinMind
TSLA,NASDAQ,Tesla Inc.,2025-07-24,1d,310.000000,310.150000,300.410000,305.300000,305.300000,156966000,FinMind
TSLA,NASDAQ,Tesla Inc.,2025-07-25,1d,308.740000,323.630000,308.010000,316.060000,316.060000,148227000,FinMind
TSLA,NASDAQ,Tesla Inc.,2025-07-28,1d,318.450000,330.490000,315.690000,325.590000,325.590000,112673800,FinMind
TSLA,NASDAQ,Tesla Inc.,2025-07-29,1d,325.550000,326.250000,318.250000,321.200000,321.200000,87358900,FinMind
TSLA,NASDAQ,Tesla Inc.,2025-07-30,1d,322.180000,324.450000,311.620000,319.040000,319.040000,83931900,FinMind
TSLA,NASDAQ,Tesla Inc.,2025-07-31,1d,319.610000,321.370000,306.100000,308.270000,308.270000,85270900,FinMind
TSLA,NASDAQ,Tesla Inc.,2025-08-01,1d,306.210000,309.310000,297.820000,302.630000,302.630000,89121400,FinMind
TSLA,NASDAQ,Tesla Inc.,2025-08-04,1d,309.080000,312.120000,303.000000,309.260000,309.260000,78683900,FinMind
TSLA,NASDAQ,Tesla Inc.,2025-08-05,1d,308.950000,312.450000,305.500000,308.720000,308.720000,57961300,FinMind
TSLA,NASDAQ,Tesla Inc.,2025-08-06,1d,307.890000,320.470000,306.930000,319.910000,319.910000,78523600,FinMind
TSLA,NASDAQ,Tesla Inc.,2025-08-07,1d,319.790000,322.400000,316.160000,322.270000,322.270000,66658700,FinMind
TSLA,NASDAQ,Tesla Inc.,2025-08-08,1d,321.430000,335.150000,320.980000,329.650000,329.650000,91200300,FinMind
TSLA,NASDAQ,Tesla Inc.,2025-08-11,1d,335.000000,346.640000,334.150000,339.030000,339.030000,105320200,FinMind
TSLA,NASDAQ,Tesla Inc.,2025-08-12,1d,345.000000,345.260000,332.940000,340.840000,340.840000,80522100,FinMind
TSLA,NASDAQ,Tesla Inc.,2025-08-13,1d,341.500000,348.980000,338.200000,339.380000,339.380000,67838900,FinMind
TSLA,NASDAQ,Tesla Inc.,2025-08-14,1d,335.760000,340.470000,330.400000,335.580000,335.580000,75000700,FinMind
TSLA,NASDAQ,Tesla Inc.,2025-08-15,1d,337.660000,339.300000,327.020000,330.560000,330.560000,74319800,FinMind
TSLA,NASDAQ,Tesla Inc.,2025-08-18,1d,329.620000,336.270000,329.590000,335.160000,335.160000,56956600,FinMind
TSLA,NASDAQ,Tesla Inc.,2025-08-19,1d,335.790000,340.550000,327.850000,329.310000,329.310000,75956000,FinMind
TSLA,NASDAQ,Tesla Inc.,2025-08-20,1d,329.220000,331.370000,314.600000,323.900000,323.900000,77481800,FinMind
TSLA,NASDAQ,Tesla Inc.,2025-08-21,1d,322.080000,324.900000,318.680000,320.110000,320.110000,55744400,FinMind
TSLA,NASDAQ,Tesla Inc.,2025-08-22,1d,321.660000,340.250000,319.690000,340.010000,340.010000,94016300,FinMind
TSLA,NASDAQ,Tesla Inc.,2025-08-25,1d,338.900000,349.530000,335.030000,346.600000,346.600000,86670000,FinMind
TSLA,NASDAQ,Tesla Inc.,2025-08-26,1d,344.930000,351.900000,343.720000,351.670000,351.670000,76651600,FinMind
TSLA,NASDAQ,Tesla Inc.,2025-08-27,1d,351.940000,355.390000,349.160000,349.600000,349.600000,65519000,FinMind
TSLA,NASDAQ,Tesla Inc.,2025-08-28,1d,350.910000,353.550000,340.260000,345.980000,345.980000,67903200,FinMind
TSLA,NASDAQ,Tesla Inc.,2025-08-29,1d,347.230000,348.750000,331.700000,333.870000,333.870000,81145700,FinMind
TSLA,NASDAQ,Tesla Inc.,2025-09-02,1d,328.230000,333.330000,325.600000,329.360000,329.360000,58392000,FinMind
TSLA,NASDAQ,Tesla Inc.,2025-09-03,1d,335.200000,343.330000,328.510000,334.090000,334.090000,88733300,FinMind
TSLA,NASDAQ,Tesla Inc.,2025-09-04,1d,336.150000,338.890000,331.480000,338.530000,338.530000,60711000,FinMind
TSLA,NASDAQ,Tesla Inc.,2025-09-05,1d,348.000000,355.870000,344.680000,350.840000,350.840000,108989800,FinMind
TSLA,NASDAQ,Tesla Inc.,2025-09-08,1d,354.640000,358.440000,344.840000,346.400000,346.400000,75208300,FinMind
TSLA,NASDAQ,Tesla Inc.,2025-09-09,1d,348.440000,350.770000,343.820000,346.970000,346.970000,53816000,FinMind
TSLA,NASDAQ,Tesla Inc.,2025-09-10,1d,350.550000,356.330000,346.070000,347.790000,347.790000,72121700,FinMind
TSLA,NASDAQ,Tesla Inc.,2025-09-11,1d,350.170000,368.990000,347.600000,368.810000,368.810000,103756000,FinMind
TSLA,NASDAQ,Tesla Inc.,2025-09-12,1d,370.940000,396.690000,370.240000,395.940000,395.940000,168156400,FinMind
TSLA,NASDAQ,Tesla Inc.,2025-09-15,1d,423.130000,425.700000,402.430000,410.040000,410.040000,163823700,FinMind
TSLA,NASDAQ,Tesla Inc.,2025-09-16,1d,414.500000,423.250000,411.430000,421.620000,421.620000,104285700,FinMind
TSLA,NASDAQ,Tesla Inc.,2025-09-17,1d,415.750000,428.310000,409.670000,425.860000,425.860000,106133500,FinMind
TSLA,NASDAQ,Tesla Inc.,2025-09-18,1d,428.870000,432.220000,416.560000,416.850000,416.850000,90454500,FinMind
TSLA,NASDAQ,Tesla Inc.,2025-09-19,1d,421.820000,429.470000,421.720000,426.070000,426.070000,93131000,FinMind
TSLA,NASDAQ,Tesla Inc.,2025-09-22,1d,431.110000,444.980000,429.130000,434.210000,434.210000,97108800,FinMind
TSLA,NASDAQ,Tesla Inc.,2025-09-23,1d,439.880000,440.970000,423.720000,425.850000,425.850000,83422700,FinMind
TSLA,NASDAQ,Tesla Inc.,2025-09-24,1d,429.830000,444.210000,429.030000,442.790000,442.790000,93133600,FinMind
TSLA,NASDAQ,Tesla Inc.,2025-09-25,1d,435.240000,435.350000,419.080000,423.390000,423.390000,96746400,FinMind
TSLA,NASDAQ,Tesla Inc.,2025-09-26,1d,428.300000,440.470000,421.020000,440.400000,440.400000,101628200,FinMind
TSLA,NASDAQ,Tesla Inc.,2025-09-29,1d,444.350000,450.980000,439.500000,443.210000,443.210000,79491500,FinMind
TSLA,NASDAQ,Tesla Inc.,2025-09-30,1d,441.520000,445.000000,433.120000,444.720000,444.720000,74358000,FinMind
TSLA,NASDAQ,Tesla Inc.,2025-10-01,1d,443.800000,462.290000,440.750000,459.460000,459.460000,98122300,FinMind
TSLA,NASDAQ,Tesla Inc.,2025-10-02,1d,470.540000,470.750000,435.570000,436.000000,436.000000,137009000,FinMind
TSLA,NASDAQ,Tesla Inc.,2025-10-03,1d,443.290000,446.770000,416.580000,429.830000,429.830000,133188200,FinMind
TSLA,NASDAQ,Tesla Inc.,2025-10-06,1d,440.750000,453.550000,436.690000,453.250000,453.250000,85324900,FinMind
TSLA,NASDAQ,Tesla Inc.,2025-10-07,1d,447.820000,452.680000,432.450000,433.090000,433.090000,102296100,FinMind
TSLA,NASDAQ,Tesla Inc.,2025-10-08,1d,437.570000,441.330000,425.230000,438.690000,438.690000,71192100,FinMind
TSLA,NASDAQ,Tesla Inc.,2025-10-09,1d,431.810000,436.350000,426.180000,435.540000,435.540000,69339900,FinMind
TSLA,NASDAQ,Tesla Inc.,2025-10-10,1d,436.540000,443.130000,411.450000,413.490000,413.490000,112107900,FinMind
TSLA,NASDAQ,Tesla Inc.,2025-10-13,1d,423.530000,436.890000,419.700000,435.900000,435.900000,79552800,FinMind
TSLA,NASDAQ,Tesla Inc.,2025-10-14,1d,426.790000,434.200000,417.860000,429.240000,429.240000,72669400,FinMind
TSLA,NASDAQ,Tesla Inc.,2025-10-15,1d,434.900000,440.510000,426.330000,435.150000,435.150000,71558200,FinMind
TSLA,NASDAQ,Tesla Inc.,2025-10-16,1d,434.730000,439.350000,421.310000,428.750000,428.750000,77189900,FinMind
TSLA,NASDAQ,Tesla Inc.,2025-10-17,1d,425.500000,441.460000,423.600000,439.310000,439.310000,89331600,FinMind
TSLA,NASDAQ,Tesla Inc.,2025-10-20,1d,443.870000,449.800000,440.610000,447.430000,447.430000,63719000,FinMind
TSLA,NASDAQ,Tesla Inc.,2025-10-21,1d,445.760000,449.300000,442.050000,442.600000,442.600000,54412200,FinMind
TSLA,NASDAQ,Tesla Inc.,2025-10-22,1d,443.450000,445.540000,429.000000,438.970000,438.970000,84023500,FinMind
TSLA,NASDAQ,Tesla Inc.,2025-10-23,1d,420.000000,449.400000,413.900000,448.980000,448.980000,126709800,FinMind
TSLA,NASDAQ,Tesla Inc.,2025-10-24,1d,446.830000,451.680000,430.170000,433.720000,433.720000,94727800,FinMind
TSLA,NASDAQ,Tesla Inc.,2025-10-27,1d,439.980000,460.160000,438.690000,452.420000,452.420000,105867500,FinMind
TSLA,NASDAQ,Tesla Inc.,2025-10-28,1d,454.780000,467.000000,451.600000,460.550000,460.550000,80185700,FinMind
TSLA,NASDAQ,Tesla Inc.,2025-10-29,1d,462.500000,465.700000,452.650000,461.510000,461.510000,67983500,FinMind
TSLA,NASDAQ,Tesla Inc.,2025-10-30,1d,451.050000,455.060000,439.610000,440.100000,440.100000,72447900,FinMind
TSLA,NASDAQ,Tesla Inc.,2025-10-31,1d,446.750000,458.000000,443.690000,456.560000,456.560000,83135800,FinMind
TSLA,NASDAQ,Tesla Inc.,2025-11-03,1d,455.990000,474.070000,453.800000,468.370000,468.370000,84595200,FinMind
TSLA,NASDAQ,Tesla Inc.,2025-11-04,1d,454.460000,460.220000,443.600000,444.260000,444.260000,87756600,FinMind
TSLA,NASDAQ,Tesla Inc.,2025-11-05,1d,452.050000,466.330000,440.710000,462.070000,462.070000,85573000,FinMind
TSLA,NASDAQ,Tesla Inc.,2025-11-06,1d,461.960000,467.450000,435.090000,445.910000,445.910000,109622900,FinMind
TSLA,NASDAQ,Tesla Inc.,2025-11-07,1d,437.920000,439.360000,421.880000,429.520000,429.520000,103471500,FinMind
TSLA,NASDAQ,Tesla Inc.,2025-11-10,1d,439.600000,449.670000,433.360000,445.230000,445.230000,76515900,FinMind
TSLA,NASDAQ,Tesla Inc.,2025-11-11,1d,439.400000,442.490000,432.360000,439.620000,439.620000,60533200,FinMind
TSLA,NASDAQ,Tesla Inc.,2025-11-12,1d,442.150000,442.330000,426.560000,430.600000,430.600000,58513500,FinMind
TSLA,NASDAQ,Tesla Inc.,2025-11-13,1d,423.130000,424.500000,396.340000,401.990000,401.990000,118948000,FinMind
TSLA,NASDAQ,Tesla Inc.,2025-11-14,1d,386.300000,412.190000,382.780000,404.350000,404.350000,105506700,FinMind
TSLA,NASDAQ,Tesla Inc.,2025-11-17,1d,398.740000,423.960000,398.740000,408.920000,408.920000,102214300,FinMind
TSLA,NASDAQ,Tesla Inc.,2025-11-18,1d,405.380000,408.900000,393.710000,401.250000,401.250000,80688600,FinMind
TSLA,NASDAQ,Tesla Inc.,2025-11-19,1d,406.180000,411.780000,398.500000,403.990000,403.990000,72047700,FinMind
TSLA,NASDAQ,Tesla Inc.,2025-11-20,1d,414.630000,428.940000,394.740000,395.230000,395.230000,113548800,FinMind
TSLA,NASDAQ,Tesla Inc.,2025-11-21,1d,402.320000,402.800000,383.760000,391.090000,391.090000,100460600,FinMind
TSLA,NASDAQ,Tesla Inc.,2025-11-24,1d,402.170000,421.720000,401.090000,417.780000,417.780000,96806400,FinMind
TSLA,NASDAQ,Tesla Inc.,2025-11-25,1d,414.420000,420.480000,405.950000,419.400000,419.400000,71915600,FinMind
TSLA,NASDAQ,Tesla Inc.,2025-11-26,1d,423.950000,426.940000,416.890000,426.580000,426.580000,63463000,FinMind
TSLA,NASDAQ,Tesla Inc.,2025-11-28,1d,426.590000,432.930000,426.200000,430.170000,430.170000,36252900,FinMind
TSLA,NASDAQ,Tesla Inc.,2025-12-01,1d,425.320000,433.660000,425.290000,430.140000,430.140000,57463600,FinMind
TSLA,NASDAQ,Tesla Inc.,2025-12-02,1d,430.810000,436.800000,422.120000,429.240000,429.240000,69336600,FinMind
TSLA,NASDAQ,Tesla Inc.,2025-12-03,1d,432.100000,447.920000,431.110000,446.740000,446.740000,87483000,FinMind
TSLA,NASDAQ,Tesla Inc.,2025-12-04,1d,449.940000,454.630000,445.390000,454.530000,454.530000,71906500,FinMind
TSLA,NASDAQ,Tesla Inc.,2025-12-05,1d,453.030000,458.870000,451.660000,455.000000,455.000000,56427500,FinMind
TSLA,NASDAQ,Tesla Inc.,2025-12-08,1d,447.450000,449.750000,435.250000,439.580000,439.580000,69165800,FinMind
TSLA,NASDAQ,Tesla Inc.,2025-12-09,1d,437.540000,452.390000,435.700000,445.170000,445.170000,62367400,FinMind
TSLA,NASDAQ,Tesla Inc.,2025-12-10,1d,446.070000,456.880000,443.610000,451.450000,451.450000,63257500,FinMind
TSLA,NASDAQ,Tesla Inc.,2025-12-11,1d,448.950000,449.270000,440.330000,446.890000,446.890000,55979500,FinMind
TSLA,NASDAQ,Tesla Inc.,2025-12-12,1d,448.090000,463.010000,441.670000,458.960000,458.960000,95656700,FinMind
TSLA,NASDAQ,Tesla Inc.,2025-12-15,1d,469.440000,481.770000,467.660000,475.310000,475.310000,114542200,FinMind
TSLA,NASDAQ,Tesla Inc.,2025-12-16,1d,472.210000,491.500000,465.830000,489.880000,489.880000,107608100,FinMind
TSLA,NASDAQ,Tesla Inc.,2025-12-17,1d,488.220000,495.280000,466.200000,467.260000,467.260000,106490400,FinMind
TSLA,NASDAQ,Tesla Inc.,2025-12-18,1d,478.160000,490.860000,473.120000,483.370000,483.370000,95168400,FinMind
TSLA,NASDAQ,Tesla Inc.,2025-12-19,1d,488.120000,490.490000,474.720000,481.200000,481.200000,103305400,FinMind
TSLA,NASDAQ,Tesla Inc.,2025-12-22,1d,489.880000,498.830000,485.330000,488.730000,488.730000,86916100,FinMind
TSLA,NASDAQ,Tesla Inc.,2025-12-23,1d,489.400000,491.970000,482.840000,485.560000,485.560000,58223600,FinMind
TSLA,NASDAQ,Tesla Inc.,2025-12-24,1d,488.480000,490.900000,476.800000,485.400000,485.400000,41285400,FinMind
TSLA,NASDAQ,Tesla Inc.,2025-12-26,1d,485.230000,489.090000,473.820000,475.190000,475.190000,58780700,FinMind
TSLA,NASDAQ,Tesla Inc.,2025-12-29,1d,469.000000,469.400000,459.000000,459.640000,459.640000,66263000,FinMind
TSLA,NASDAQ,Tesla Inc.,2025-12-30,1d,461.090000,463.120000,453.830000,454.430000,454.430000,59238500,FinMind
TSLA,NASDAQ,Tesla Inc.,2025-12-31,1d,456.100000,456.550000,449.300000,449.720000,449.720000,49078000,FinMind
TSLA,NASDAQ,Tesla Inc.,2026-01-02,1d,457.800000,458.340000,435.300000,438.070000,438.070000,85535400,FinMind
TSLA,NASDAQ,Tesla Inc.,2026-01-05,1d,447.990000,457.550000,444.570000,451.670000,451.670000,67940800,FinMind
TSLA,NASDAQ,Tesla Inc.,2026-01-06,1d,446.380000,448.250000,428.780000,432.960000,432.960000,89093800,FinMind
TSLA,NASDAQ,Tesla Inc.,2026-01-07,1d,435.900000,438.370000,431.290000,431.410000,431.410000,59828800,FinMind
TSLA,NASDAQ,Tesla Inc.,2026-01-08,1d,427.890000,436.890000,424.370000,435.800000,435.800000,57041100,FinMind
TSLA,NASDAQ,Tesla Inc.,2026-01-09,1d,435.950000,449.050000,430.390000,445.010000,445.010000,67331500,FinMind
TSLA,NASDAQ,Tesla Inc.,2026-01-12,1d,441.230000,454.300000,438.000000,448.960000,448.960000,61649600,FinMind
TSLA,NASDAQ,Tesla Inc.,2026-01-13,1d,450.200000,451.810000,443.950000,447.200000,447.200000,53719200,FinMind
TSLA,NASDAQ,Tesla Inc.,2026-01-14,1d,442.810000,443.910000,434.220000,439.200000,439.200000,57259500,FinMind
TSLA,NASDAQ,Tesla Inc.,2026-01-15,1d,441.130000,445.360000,437.650000,438.570000,438.570000,49465800,FinMind
TSLA,NASDAQ,Tesla Inc.,2026-01-16,1d,439.500000,447.250000,435.260000,437.500000,437.500000,60220600,FinMind
TSLA,NASDAQ,Tesla Inc.,2026-01-20,1d,429.360000,430.730000,417.440000,419.250000,419.250000,63187300,FinMind
TSLA,NASDAQ,Tesla Inc.,2026-01-21,1d,421.660000,438.200000,419.620000,431.440000,431.440000,68124000,FinMind
TSLA,NASDAQ,Tesla Inc.,2026-01-22,1d,435.160000,449.500000,432.630000,449.360000,449.360000,71546700,FinMind
TSLA,NASDAQ,Tesla Inc.,2026-01-23,1d,447.430000,452.430000,444.040000,449.060000,449.060000,56771400,FinMind
TSLA,NASDAQ,Tesla Inc.,2026-01-26,1d,445.000000,445.040000,434.280000,435.200000,435.200000,49397400,FinMind
TSLA,NASDAQ,Tesla Inc.,2026-01-27,1d,437.410000,437.520000,430.690000,430.900000,430.900000,37733100,FinMind
TSLA,NASDAQ,Tesla Inc.,2026-01-28,1d,431.910000,438.260000,430.100000,431.460000,431.460000,54857400,FinMind
TSLA,NASDAQ,Tesla Inc.,2026-01-29,1d,437.800000,440.230000,414.620000,416.560000,416.560000,81686100,FinMind
TSLA,NASDAQ,Tesla Inc.,2026-01-30,1d,425.350000,439.880000,422.700000,430.410000,430.410000,82626100,FinMind
TSLA,NASDAQ,Tesla Inc.,2026-02-02,1d,421.290000,427.150000,414.500000,421.810000,421.810000,58739500,FinMind
TSLA,NASDAQ,Tesla Inc.,2026-02-03,1d,424.270000,428.560000,413.690000,421.960000,421.960000,56886500,FinMind
TSLA,NASDAQ,Tesla Inc.,2026-02-04,1d,420.460000,423.900000,399.180000,406.010000,406.010000,74606900,FinMind
TSLA,NASDAQ,Tesla Inc.,2026-02-05,1d,397.020000,402.100000,387.530000,397.210000,397.210000,72819800,FinMind
TSLA,NASDAQ,Tesla Inc.,2026-02-06,1d,400.870000,414.550000,397.750000,411.110000,411.110000,62677100,FinMind
TSLA,NASDAQ,Tesla Inc.,2026-02-09,1d,409.910000,421.250000,407.290000,417.320000,417.320000,54484300,FinMind
TSLA,NASDAQ,Tesla Inc.,2026-02-10,1d,418.080000,427.250000,417.000000,425.210000,425.210000,64450200,FinMind
TSLA,NASDAQ,Tesla Inc.,2026-02-11,1d,427.960000,436.350000,420.030000,428.270000,428.270000,57362000,FinMind
TSLA,NASDAQ,Tesla Inc.,2026-02-12,1d,430.300000,436.230000,414.000000,417.070000,417.070000,61933400,FinMind
TSLA,NASDAQ,Tesla Inc.,2026-02-13,1d,414.310000,424.060000,410.880000,417.440000,417.440000,51434100,FinMind
TSLA,NASDAQ,Tesla Inc.,2026-02-17,1d,412.360000,413.720000,400.510000,410.630000,410.630000,59678800,FinMind
TSLA,NASDAQ,Tesla Inc.,2026-02-18,1d,411.110000,416.900000,409.580000,411.320000,411.320000,45921400,FinMind
TSLA,NASDAQ,Tesla Inc.,2026-02-19,1d,407.250000,415.250000,404.110000,411.710000,411.710000,51019600,FinMind
TSLA,NASDAQ,Tesla Inc.,2026-02-20,1d,408.300000,414.700000,405.500000,411.820000,411.820000,57912200,FinMind
TSLA,NASDAQ,Tesla Inc.,2026-02-23,1d,407.290000,407.700000,394.040000,399.830000,399.830000,69680000,FinMind
TSLA,NASDAQ,Tesla Inc.,2026-02-24,1d,399.500000,410.820000,397.640000,409.380000,409.380000,58579500,FinMind
TSLA,NASDAQ,Tesla Inc.,2026-02-25,1d,412.150000,420.340000,412.150000,417.400000,417.400000,54809700,FinMind
TSLA,NASDAQ,Tesla Inc.,2026-02-26,1d,414.420000,416.810000,403.660000,408.580000,408.580000,53602500,FinMind
TSLA,NASDAQ,Tesla Inc.,2026-02-27,1d,402.940000,407.120000,398.110000,402.510000,402.510000,56890100,FinMind
TSLA,NASDAQ,Tesla Inc.,2026-03-02,1d,390.600000,404.540000,388.250000,403.320000,403.320000,55088300,FinMind
TSLA,NASDAQ,Tesla Inc.,2026-03-03,1d,395.090000,396.340000,385.390000,392.430000,392.430000,62617300,FinMind
TSLA,NASDAQ,Tesla Inc.,2026-03-04,1d,397.850000,408.330000,394.580000,405.940000,405.940000,68305500,FinMind
TSLA,NASDAQ,Tesla Inc.,2026-03-05,1d,401.570000,408.620000,399.420000,405.550000,405.550000,51925900,FinMind
TSLA,NASDAQ,Tesla Inc.,2026-03-06,1d,398.090000,402.350000,394.210000,396.730000,396.730000,64054600,FinMind
TSLA,NASDAQ,Tesla Inc.,2026-03-09,1d,390.050000,401.590000,381.400000,398.680000,398.680000,67018900,FinMind
TSLA,NASDAQ,Tesla Inc.,2026-03-10,1d,402.220000,406.590000,398.190000,399.240000,399.240000,59258700,FinMind
TSLA,NASDAQ,Tesla Inc.,2026-03-11,1d,402.280000,416.380000,402.150000,407.820000,407.820000,62559900,FinMind
TSLA,NASDAQ,Tesla Inc.,2026-03-12,1d,405.180000,406.500000,394.650000,395.010000,395.010000,60973800,FinMind
TSLA,NASDAQ,Tesla Inc.,2026-03-13,1d,399.170000,400.200000,389.950000,391.200000,391.200000,58504100,FinMind
TSLA,NASDAQ,Tesla Inc.,2026-03-16,1d,396.220000,403.730000,394.420000,395.560000,395.560000,58068300,FinMind
TSLA,NASDAQ,Tesla Inc.,2026-03-17,1d,395.690000,400.120000,393.000000,399.270000,399.270000,46890500,FinMind
TSLA,NASDAQ,Tesla Inc.,2026-03-18,1d,399.000000,403.070000,392.310000,392.780000,392.780000,50853100,FinMind
TSLA,NASDAQ,Tesla Inc.,2026-03-19,1d,387.270000,387.270000,378.730000,380.300000,380.300000,67078300,FinMind
TSLA,NASDAQ,Tesla Inc.,2026-03-20,1d,379.850000,379.890000,364.460000,367.960000,367.960000,78628600,FinMind
TSLA,NASDAQ,Tesla Inc.,2026-03-23,1d,373.090000,385.330000,372.730000,380.850000,380.850000,74606000,FinMind
TSLA,NASDAQ,Tesla Inc.,2026-03-24,1d,376.560000,387.480000,376.310000,383.030000,383.030000,60004900,FinMind
TSLA,NASDAQ,Tesla Inc.,2026-03-25,1d,389.990000,396.230000,385.010000,385.950000,385.950000,55157300,FinMind
TSLA,NASDAQ,Tesla Inc.,2026-03-26,1d,381.600000,384.440000,371.870000,372.110000,372.110000,55522900,FinMind
TSLA,NASDAQ,Tesla Inc.,2026-03-27,1d,369.690000,369.860000,359.470000,361.830000,361.830000,62065700,FinMind
TSLA,NASDAQ,Tesla Inc.,2026-03-30,1d,365.860000,367.290000,352.140000,355.280000,355.280000,67954400,FinMind
TSLA,NASDAQ,Tesla Inc.,2026-03-31,1d,361.510000,373.330000,361.000000,371.750000,371.750000,75534900,FinMind
TSLA,NASDAQ,Tesla Inc.,2026-04-01,1d,378.630000,383.140000,374.080000,381.260000,381.260000,58683800,FinMind
TSLA,NASDAQ,Tesla Inc.,2026-04-02,1d,364.200000,370.280000,359.030000,360.590000,360.590000,83031200,FinMind
TSLA,NASDAQ,Tesla Inc.,2026-04-06,1d,362.590000,367.720000,346.640000,352.820000,352.820000,77697600,FinMind
TSLA,NASDAQ,Tesla Inc.,2026-04-07,1d,346.440000,348.020000,337.240000,346.650000,346.650000,74515400,FinMind
TSLA,NASDAQ,Tesla Inc.,2026-04-08,1d,363.790000,364.500000,339.670000,343.250000,343.250000,78838600,FinMind
TSLA,NASDAQ,Tesla Inc.,2026-04-09,1d,343.150000,348.880000,337.250000,345.620000,345.620000,62164000,FinMind
TSLA,NASDAQ,Tesla Inc.,2026-04-10,1d,346.290000,350.360000,342.740000,348.950000,348.950000,51336000,FinMind
TSLA,NASDAQ,Tesla Inc.,2026-04-13,1d,350.070000,356.350000,348.570000,352.420000,352.420000,53617500,FinMind
TSLA,NASDAQ,Tesla Inc.,2026-04-14,1d,357.670000,367.630000,354.770000,364.200000,364.200000,59979600,FinMind
TSLA,NASDAQ,Tesla Inc.,2026-04-15,1d,366.830000,394.650000,362.500000,391.950000,391.950000,113810400,FinMind
TSLA,NASDAQ,Tesla Inc.,2026-04-16,1d,393.810000,394.060000,381.800000,388.900000,388.900000,63515100,FinMind
TSLA,NASDAQ,Tesla Inc.,2026-04-17,1d,395.920000,409.280000,391.650000,400.620000,400.620000,90640000,FinMind
TSLA,NASDAQ,Tesla Inc.,2026-04-20,1d,402.580000,406.800000,388.330000,392.500000,392.500000,64603900,FinMind
TSLA,NASDAQ,Tesla Inc.,2026-04-21,1d,393.000000,393.950000,385.220000,386.420000,386.420000,50530600,FinMind
TSLA,NASDAQ,Tesla Inc.,2026-04-22,1d,387.570000,393.010000,385.300000,387.510000,387.510000,62362800,FinMind
TSLA,NASDAQ,Tesla Inc.,2026-04-23,1d,375.280000,386.000000,368.390000,373.720000,373.720000,93969500,FinMind
TSLA,NASDAQ,Tesla Inc.,2026-04-24,1d,373.500000,382.760000,370.730000,376.300000,376.300000,62893300,FinMind
TSLA,NASDAQ,Tesla Inc.,2026-04-27,1d,372.090000,380.780000,364.020000,378.670000,378.670000,66735800,FinMind
TSLA,NASDAQ,Tesla Inc.,2026-04-28,1d,374.680000,382.290000,372.540000,376.020000,376.020000,50864400,FinMind
TSLA,NASDAQ,Tesla Inc.,2026-04-29,1d,375.400000,376.400000,370.040000,372.800000,372.800000,45384800,FinMind
TSLA,NASDAQ,Tesla Inc.,2026-04-30,1d,372.750000,384.750000,368.170000,381.630000,381.630000,51076000,FinMind
TSLA,NASDAQ,Tesla Inc.,2026-05-01,1d,382.490000,397.820000,378.800000,390.820000,390.820000,65338300,FinMind
TSLA,NASDAQ,Tesla Inc.,2026-05-04,1d,390.230000,394.640000,384.800000,392.510000,392.510000,48765100,FinMind
TSLA,NASDAQ,Tesla Inc.,2026-05-05,1d,395.190000,402.120000,389.000000,389.370000,389.370000,47780600,FinMind
TSLA,NASDAQ,Tesla Inc.,2026-05-06,1d,386.250000,401.680000,384.020000,398.730000,398.730000,53465400,FinMind
TSLA,NASDAQ,Tesla Inc.,2026-05-07,1d,407.480000,415.830000,402.120000,411.790000,411.790000,64294200,FinMind
TSLA,NASDAQ,Tesla Inc.,2026-05-08,1d,416.480000,431.200000,416.390000,428.350000,428.350000,65050000,FinMind
TSLA,NASDAQ,Tesla Inc.,2026-05-11,1d,422.160000,449.160000,416.800000,445.000000,445.000000,78376100,FinMind
TSLA,NASDAQ,Tesla Inc.,2026-05-12,1d,441.410000,447.800000,422.260000,433.450000,433.450000,60569300,FinMind
TSLA,NASDAQ,Tesla Inc.,2026-05-13,1d,436.670000,453.400000,430.210000,445.270000,445.270000,68283200,FinMind
TSLA,NASDAQ,Tesla Inc.,2026-05-14,1d,446.490000,451.980000,441.160000,443.300000,443.300000,46070400,FinMind
TSLA,NASDAQ,Tesla Inc.,2026-05-15,1d,433.980000,434.660000,422.000000,422.240000,422.240000,52688700,FinMind
TSLA,NASDAQ,Tesla Inc.,2026-05-18,1d,419.270000,421.130000,405.330000,409.990000,409.990000,52474200,FinMind
TSLA,NASDAQ,Tesla Inc.,2026-05-19,1d,403.160000,405.630000,393.630000,404.110000,404.110000,46500600,FinMind
TSLA,NASDAQ,Tesla Inc.,2026-05-20,1d,407.600000,417.460000,406.390000,417.260000,417.260000,45294700,FinMind
TSLA,NASDAQ,Tesla Inc.,2026-05-21,1d,422.180000,426.950000,412.900000,417.850000,417.850000,42636900,FinMind
TSLA,NASDAQ,Tesla Inc.,2026-05-22,1d,422.670000,431.510000,420.510000,426.010000,426.010000,46104700,FinMind
TSLA,NASDAQ,Tesla Inc.,2026-05-26,1d,430.260000,435.200000,426.120000,433.590000,433.590000,45658900,FinMind
TSLA,NASDAQ,Tesla Inc.,2026-05-27,1d,442.890000,445.600000,435.520000,440.360000,440.360000,44656500,FinMind
TSLA,NASDAQ,Tesla Inc.,2026-05-28,1d,437.620000,443.960000,436.300000,442.100000,442.100000,32435000,FinMind
TSLA,NASDAQ,Tesla Inc.,2026-05-29,1d,439.850000,441.070000,428.140000,435.790000,435.790000,45176800,FinMind
TSLA,NASDAQ,Tesla Inc.,2026-06-01,1d,427.490000,429.600000,415.430000,415.880000,415.880000,44937900,FinMind
TSLA,NASDAQ,Tesla Inc.,2026-06-02,1d,418.080000,424.150000,413.650000,423.740000,423.740000,35948130,FinMind
WOLF,NASDAQ,Wolfspeed Inc.,2025-09-29,1d,18.000000,22.100000,8.050000,22.100000,22.100000,24361700,FinMind
WOLF,NASDAQ,Wolfspeed Inc.,2025-09-30,1d,28.850000,34.280000,27.110000,28.600000,28.600000,47733800,FinMind
WOLF,NASDAQ,Wolfspeed Inc.,2025-10-01,1d,28.670000,28.670000,23.000000,24.830000,24.830000,14015800,FinMind
WOLF,NASDAQ,Wolfspeed Inc.,2025-10-02,1d,25.070000,26.200000,22.010000,24.690000,24.690000,8152800,FinMind
WOLF,NASDAQ,Wolfspeed Inc.,2025-10-03,1d,25.110000,27.690000,23.690000,24.370000,24.370000,5074600,FinMind
WOLF,NASDAQ,Wolfspeed Inc.,2025-10-06,1d,24.620000,26.950000,23.290000,26.170000,26.170000,4436700,FinMind
WOLF,NASDAQ,Wolfspeed Inc.,2025-10-07,1d,25.870000,28.210000,24.910000,26.690000,26.690000,3605300,FinMind
WOLF,NASDAQ,Wolfspeed Inc.,2025-10-08,1d,26.260000,30.880000,26.250000,30.360000,30.360000,7393300,FinMind
WOLF,NASDAQ,Wolfspeed Inc.,2025-10-09,1d,34.220000,36.600000,32.800000,35.420000,35.420000,9476400,FinMind
WOLF,NASDAQ,Wolfspeed Inc.,2025-10-10,1d,34.210000,36.400000,31.020000,31.100000,31.100000,5024700,FinMind
WOLF,NASDAQ,Wolfspeed Inc.,2025-10-13,1d,33.520000,34.200000,28.800000,32.570000,32.570000,4787900,FinMind
WOLF,NASDAQ,Wolfspeed Inc.,2025-10-14,1d,32.000000,34.200000,31.010000,32.580000,32.580000,3839800,FinMind
WOLF,NASDAQ,Wolfspeed Inc.,2025-10-15,1d,33.310000,33.440000,30.530000,32.430000,32.430000,2940400,FinMind
WOLF,NASDAQ,Wolfspeed Inc.,2025-10-16,1d,32.690000,34.400000,31.500000,32.440000,32.440000,3215700,FinMind
WOLF,NASDAQ,Wolfspeed Inc.,2025-10-17,1d,32.310000,34.900000,31.000000,31.000000,31.000000,3185800,FinMind
WOLF,NASDAQ,Wolfspeed Inc.,2025-10-20,1d,31.600000,31.960000,29.600000,30.000000,30.000000,2053500,FinMind
WOLF,NASDAQ,Wolfspeed Inc.,2025-10-21,1d,30.250000,31.240000,29.260000,30.080000,30.080000,1186000,FinMind
WOLF,NASDAQ,Wolfspeed Inc.,2025-10-22,1d,30.500000,30.770000,27.700000,29.480000,29.480000,1596800,FinMind
WOLF,NASDAQ,Wolfspeed Inc.,2025-10-23,1d,29.660000,30.150000,29.010000,29.590000,29.590000,793900,FinMind
WOLF,NASDAQ,Wolfspeed Inc.,2025-10-24,1d,30.000000,30.050000,28.700000,29.570000,29.570000,1512600,FinMind
WOLF,NASDAQ,Wolfspeed Inc.,2025-10-27,1d,29.610000,31.980000,29.450000,30.890000,30.890000,5555400,FinMind
WOLF,NASDAQ,Wolfspeed Inc.,2025-10-28,1d,30.530000,31.970000,28.530000,30.760000,30.760000,2906700,FinMind
WOLF,NASDAQ,Wolfspeed Inc.,2025-10-29,1d,31.000000,31.990000,29.500000,31.990000,31.990000,3200800,FinMind
WOLF,NASDAQ,Wolfspeed Inc.,2025-10-30,1d,25.940000,27.900000,24.690000,26.160000,26.160000,6085300,FinMind
WOLF,NASDAQ,Wolfspeed Inc.,2025-10-31,1d,26.000000,27.850000,25.810000,26.320000,26.320000,2356400,FinMind
WOLF,NASDAQ,Wolfspeed Inc.,2025-11-03,1d,26.490000,26.500000,23.620000,23.760000,23.760000,1786900,FinMind
WOLF,NASDAQ,Wolfspeed Inc.,2025-11-04,1d,23.500000,23.500000,21.160000,21.900000,21.900000,2643500,FinMind
WOLF,NASDAQ,Wolfspeed Inc.,2025-11-05,1d,21.600000,21.800000,20.100000,20.250000,20.250000,1763400,FinMind
WOLF,NASDAQ,Wolfspeed Inc.,2025-11-06,1d,20.080000,20.130000,17.550000,18.650000,18.650000,3970400,FinMind
WOLF,NASDAQ,Wolfspeed Inc.,2025-11-07,1d,17.610000,18.950000,17.000000,17.950000,17.950000,2895300,FinMind
WOLF,NASDAQ,Wolfspeed Inc.,2025-11-10,1d,18.680000,19.040000,17.320000,17.880000,17.880000,1607800,FinMind
WOLF,NASDAQ,Wolfspeed Inc.,2025-11-11,1d,18.020000,18.240000,16.750000,17.400000,17.400000,1441800,FinMind
WOLF,NASDAQ,Wolfspeed Inc.,2025-11-12,1d,17.440000,19.810000,17.330000,19.550000,19.550000,2401300,FinMind
WOLF,NASDAQ,Wolfspeed Inc.,2025-11-13,1d,19.120000,19.220000,17.900000,18.190000,18.190000,1575000,FinMind
WOLF,NASDAQ,Wolfspeed Inc.,2025-11-14,1d,17.140000,18.500000,17.140000,17.480000,17.480000,729100,FinMind
WOLF,NASDAQ,Wolfspeed Inc.,2025-11-17,1d,17.900000,18.650000,17.290000,18.110000,18.110000,1097900,FinMind
WOLF,NASDAQ,Wolfspeed Inc.,2025-11-18,1d,17.840000,18.700000,17.540000,17.590000,17.590000,603800,FinMind
WOLF,NASDAQ,Wolfspeed Inc.,2025-11-19,1d,17.620000,18.150000,16.800000,17.510000,17.510000,918600,FinMind
WOLF,NASDAQ,Wolfspeed Inc.,2025-11-20,1d,18.100000,18.950000,17.160000,17.340000,17.340000,1265000,FinMind
WOLF,NASDAQ,Wolfspeed Inc.,2025-11-21,1d,17.170000,18.100000,16.470000,17.180000,17.180000,1366000,FinMind
WOLF,NASDAQ,Wolfspeed Inc.,2025-11-24,1d,17.610000,18.150000,16.910000,18.060000,18.060000,1416500,FinMind
WOLF,NASDAQ,Wolfspeed Inc.,2025-11-25,1d,18.120000,20.270000,17.470000,19.860000,19.860000,2843600,FinMind
WOLF,NASDAQ,Wolfspeed Inc.,2025-11-26,1d,20.130000,21.540000,19.710000,20.500000,20.500000,1493100,FinMind
WOLF,NASDAQ,Wolfspeed Inc.,2025-11-28,1d,20.400000,20.860000,19.910000,20.280000,20.280000,420300,FinMind
WOLF,NASDAQ,Wolfspeed Inc.,2025-12-01,1d,21.890000,23.120000,20.500000,22.110000,22.110000,3685000,FinMind
WOLF,NASDAQ,Wolfspeed Inc.,2025-12-02,1d,21.790000,22.300000,20.500000,21.360000,21.360000,1827700,FinMind
WOLF,NASDAQ,Wolfspeed Inc.,2025-12-03,1d,21.110000,21.880000,20.710000,21.870000,21.870000,1060400,FinMind
WOLF,NASDAQ,Wolfspeed Inc.,2025-12-04,1d,21.490000,23.390000,21.450000,22.750000,22.750000,1203100,FinMind
WOLF,NASDAQ,Wolfspeed Inc.,2025-12-05,1d,22.130000,22.980000,21.800000,22.070000,22.070000,822500,FinMind
WOLF,NASDAQ,Wolfspeed Inc.,2025-12-08,1d,22.500000,23.000000,21.600000,22.910000,22.910000,974000,FinMind
WOLF,NASDAQ,Wolfspeed Inc.,2025-12-09,1d,22.700000,23.590000,22.420000,22.760000,22.760000,1173900,FinMind
WOLF,NASDAQ,Wolfspeed Inc.,2025-12-10,1d,22.870000,23.000000,20.780000,21.130000,21.130000,1716900,FinMind
WOLF,NASDAQ,Wolfspeed Inc.,2025-12-11,1d,20.290000,20.460000,19.350000,19.860000,19.860000,2486000,FinMind
WOLF,NASDAQ,Wolfspeed Inc.,2025-12-12,1d,19.480000,19.970000,18.510000,18.560000,18.560000,1129300,FinMind
WOLF,NASDAQ,Wolfspeed Inc.,2025-12-15,1d,18.650000,18.860000,17.500000,17.740000,17.740000,1092000,FinMind
WOLF,NASDAQ,Wolfspeed Inc.,2025-12-16,1d,17.410000,18.200000,17.360000,17.850000,17.850000,708500,FinMind
WOLF,NASDAQ,Wolfspeed Inc.,2025-12-17,1d,18.340000,18.490000,17.020000,17.150000,17.150000,748100,FinMind
WOLF,NASDAQ,Wolfspeed Inc.,2025-12-18,1d,17.500000,18.260000,17.290000,17.890000,17.890000,805900,FinMind
WOLF,NASDAQ,Wolfspeed Inc.,2025-12-19,1d,18.000000,18.950000,17.910000,18.370000,18.370000,1621600,FinMind
WOLF,NASDAQ,Wolfspeed Inc.,2025-12-22,1d,18.680000,19.150000,18.150000,18.380000,18.380000,802600,FinMind
WOLF,NASDAQ,Wolfspeed Inc.,2025-12-23,1d,18.070000,18.510000,17.910000,18.340000,18.340000,537900,FinMind
WOLF,NASDAQ,Wolfspeed Inc.,2025-12-24,1d,17.910000,18.630000,17.880000,18.430000,18.430000,177500,FinMind
WOLF,NASDAQ,Wolfspeed Inc.,2025-12-26,1d,18.300000,18.390000,17.810000,17.950000,17.950000,563600,FinMind
WOLF,NASDAQ,Wolfspeed Inc.,2025-12-29,1d,17.340000,17.820000,17.190000,17.310000,17.310000,569800,FinMind
WOLF,NASDAQ,Wolfspeed Inc.,2025-12-30,1d,17.340000,17.660000,17.020000,17.120000,17.120000,636000,FinMind
WOLF,NASDAQ,Wolfspeed Inc.,2025-12-31,1d,17.100000,17.580000,16.750000,17.410000,17.410000,731600,FinMind
WOLF,NASDAQ,Wolfspeed Inc.,2026-01-02,1d,17.950000,19.200000,17.610000,18.930000,18.930000,833900,FinMind
WOLF,NASDAQ,Wolfspeed Inc.,2026-01-05,1d,18.960000,19.450000,17.980000,17.980000,17.980000,709300,FinMind
WOLF,NASDAQ,Wolfspeed Inc.,2026-01-06,1d,18.200000,19.980000,18.180000,19.700000,19.700000,1550000,FinMind
WOLF,NASDAQ,Wolfspeed Inc.,2026-01-07,1d,19.780000,19.930000,18.850000,19.680000,19.680000,672900,FinMind
WOLF,NASDAQ,Wolfspeed Inc.,2026-01-08,1d,19.680000,19.810000,18.580000,18.880000,18.880000,593200,FinMind
WOLF,NASDAQ,Wolfspeed Inc.,2026-01-09,1d,19.200000,19.320000,18.510000,18.600000,18.600000,638100,FinMind
WOLF,NASDAQ,Wolfspeed Inc.,2026-01-12,1d,18.380000,18.900000,18.070000,18.420000,18.420000,758400,FinMind
WOLF,NASDAQ,Wolfspeed Inc.,2026-01-13,1d,18.820000,20.200000,18.820000,19.510000,19.510000,1450500,FinMind
WOLF,NASDAQ,Wolfspeed Inc.,2026-01-14,1d,19.410000,20.600000,19.190000,19.490000,19.490000,1366900,FinMind
WOLF,NASDAQ,Wolfspeed Inc.,2026-01-15,1d,19.970000,20.880000,19.470000,19.920000,19.920000,1549100,FinMind
WOLF,NASDAQ,Wolfspeed Inc.,2026-01-16,1d,20.250000,21.010000,19.730000,20.350000,20.350000,2128000,FinMind
WOLF,NASDAQ,Wolfspeed Inc.,2026-01-20,1d,19.740000,22.000000,19.540000,20.500000,20.500000,2306300,FinMind
WOLF,NASDAQ,Wolfspeed Inc.,2026-01-21,1d,20.420000,20.690000,18.490000,19.480000,19.480000,1971100,FinMind
WOLF,NASDAQ,Wolfspeed Inc.,2026-01-22,1d,19.280000,20.810000,18.910000,19.180000,19.180000,1568500,FinMind
WOLF,NASDAQ,Wolfspeed Inc.,2026-01-23,1d,19.420000,19.420000,17.660000,17.960000,17.960000,1217600,FinMind
WOLF,NASDAQ,Wolfspeed Inc.,2026-01-26,1d,17.950000,17.950000,16.930000,17.400000,17.400000,1232100,FinMind
WOLF,NASDAQ,Wolfspeed Inc.,2026-01-27,1d,17.650000,18.360000,17.200000,18.000000,18.000000,1233500,FinMind
WOLF,NASDAQ,Wolfspeed Inc.,2026-01-28,1d,18.540000,18.690000,17.400000,17.460000,17.460000,887500,FinMind
WOLF,NASDAQ,Wolfspeed Inc.,2026-01-29,1d,17.500000,17.910000,16.940000,17.330000,17.330000,912200,FinMind
WOLF,NASDAQ,Wolfspeed Inc.,2026-01-30,1d,17.060000,17.760000,15.530000,15.660000,15.660000,3054000,FinMind
WOLF,NASDAQ,Wolfspeed Inc.,2026-02-02,1d,15.510000,16.990000,15.450000,16.620000,16.620000,1954500,FinMind
WOLF,NASDAQ,Wolfspeed Inc.,2026-02-03,1d,16.900000,17.320000,16.050000,17.000000,17.000000,1514200,FinMind
WOLF,NASDAQ,Wolfspeed Inc.,2026-02-04,1d,16.720000,17.780000,15.670000,17.200000,17.200000,3170500,FinMind
WOLF,NASDAQ,Wolfspeed Inc.,2026-02-05,1d,13.600000,15.920000,13.480000,15.530000,15.530000,5706300,FinMind
WOLF,NASDAQ,Wolfspeed Inc.,2026-02-06,1d,14.970000,16.430000,14.240000,15.740000,15.740000,2386900,FinMind
WOLF,NASDAQ,Wolfspeed Inc.,2026-02-09,1d,15.750000,16.170000,14.850000,14.890000,14.890000,2095000,FinMind
WOLF,NASDAQ,Wolfspeed Inc.,2026-02-10,1d,15.050000,16.300000,14.770000,15.800000,15.800000,2847400,FinMind
WOLF,NASDAQ,Wolfspeed Inc.,2026-02-11,1d,16.290000,18.250000,15.890000,18.030000,18.030000,2403100,FinMind
WOLF,NASDAQ,Wolfspeed Inc.,2026-02-12,1d,17.700000,17.800000,15.850000,16.000000,16.000000,2281700,FinMind
WOLF,NASDAQ,Wolfspeed Inc.,2026-02-13,1d,16.010000,18.780000,16.010000,17.740000,17.740000,2009600,FinMind
WOLF,NASDAQ,Wolfspeed Inc.,2026-02-17,1d,17.270000,20.100000,17.090000,19.120000,19.120000,2412900,FinMind
WOLF,NASDAQ,Wolfspeed Inc.,2026-02-18,1d,19.310000,20.490000,18.700000,19.590000,19.590000,1387900,FinMind
WOLF,NASDAQ,Wolfspeed Inc.,2026-02-19,1d,19.430000,19.430000,18.700000,19.060000,19.060000,649400,FinMind
WOLF,NASDAQ,Wolfspeed Inc.,2026-02-20,1d,18.790000,19.490000,18.340000,18.660000,18.660000,931900,FinMind
WOLF,NASDAQ,Wolfspeed Inc.,2026-02-23,1d,18.500000,19.580000,18.020000,18.470000,18.470000,1113100,FinMind
WOLF,NASDAQ,Wolfspeed Inc.,2026-02-24,1d,18.420000,20.400000,18.220000,20.150000,20.150000,2039400,FinMind
WOLF,NASDAQ,Wolfspeed Inc.,2026-02-25,1d,20.680000,20.800000,19.650000,20.470000,20.470000,2192900,FinMind
WOLF,NASDAQ,Wolfspeed Inc.,2026-02-26,1d,20.200000,20.740000,18.800000,20.210000,20.210000,1394000,FinMind
WOLF,NASDAQ,Wolfspeed Inc.,2026-02-27,1d,19.790000,19.900000,18.630000,19.720000,19.720000,1332000,FinMind
WOLF,NASDAQ,Wolfspeed Inc.,2026-03-02,1d,18.770000,22.190000,18.710000,21.210000,21.210000,2183900,FinMind
WOLF,NASDAQ,Wolfspeed Inc.,2026-03-03,1d,20.150000,21.080000,19.370000,20.850000,20.850000,1771300,FinMind
WOLF,NASDAQ,Wolfspeed Inc.,2026-03-04,1d,21.170000,21.810000,20.210000,20.590000,20.590000,1540400,FinMind
WOLF,NASDAQ,Wolfspeed Inc.,2026-03-05,1d,20.300000,20.420000,18.860000,18.940000,18.940000,1433700,FinMind
WOLF,NASDAQ,Wolfspeed Inc.,2026-03-06,1d,18.500000,18.500000,16.380000,16.570000,16.570000,3276800,FinMind
WOLF,NASDAQ,Wolfspeed Inc.,2026-03-09,1d,16.280000,17.870000,15.830000,17.760000,17.760000,1494300,FinMind
WOLF,NASDAQ,Wolfspeed Inc.,2026-03-10,1d,17.080000,17.880000,16.500000,16.580000,16.580000,1950100,FinMind
WOLF,NASDAQ,Wolfspeed Inc.,2026-03-11,1d,16.610000,18.350000,16.570000,18.200000,18.200000,1597400,FinMind
WOLF,NASDAQ,Wolfspeed Inc.,2026-03-12,1d,18.000000,18.190000,16.910000,16.970000,16.970000,953200,FinMind
WOLF,NASDAQ,Wolfspeed Inc.,2026-03-13,1d,17.200000,18.200000,16.700000,16.700000,16.700000,1201300,FinMind
WOLF,NASDAQ,Wolfspeed Inc.,2026-03-16,1d,17.300000,18.950000,17.300000,18.340000,18.340000,1788900,FinMind
WOLF,NASDAQ,Wolfspeed Inc.,2026-03-17,1d,18.220000,18.400000,17.450000,17.890000,17.890000,1117500,FinMind
WOLF,NASDAQ,Wolfspeed Inc.,2026-03-18,1d,17.740000,17.850000,16.780000,16.780000,16.780000,1172100,FinMind
WOLF,NASDAQ,Wolfspeed Inc.,2026-03-19,1d,16.120000,17.320000,15.640000,17.060000,17.060000,1539000,FinMind
WOLF,NASDAQ,Wolfspeed Inc.,2026-03-20,1d,16.960000,17.060000,16.040000,16.320000,16.320000,3273300,FinMind
WOLF,NASDAQ,Wolfspeed Inc.,2026-03-23,1d,16.390000,17.070000,15.930000,16.600000,16.600000,1370300,FinMind
WOLF,NASDAQ,Wolfspeed Inc.,2026-03-24,1d,16.200000,16.940000,16.050000,16.670000,16.670000,1012600,FinMind
WOLF,NASDAQ,Wolfspeed Inc.,2026-03-25,1d,16.700000,18.500000,16.700000,18.500000,18.500000,1196800,FinMind
WOLF,NASDAQ,Wolfspeed Inc.,2026-03-26,1d,18.110000,18.370000,16.820000,16.820000,16.820000,788300,FinMind
WOLF,NASDAQ,Wolfspeed Inc.,2026-03-27,1d,16.500000,16.600000,15.350000,15.440000,15.440000,1320300,FinMind
WOLF,NASDAQ,Wolfspeed Inc.,2026-03-30,1d,15.580000,15.700000,14.580000,14.800000,14.800000,1120500,FinMind
WOLF,NASDAQ,Wolfspeed Inc.,2026-03-31,1d,15.120000,16.550000,14.610000,16.320000,16.320000,1352600,FinMind
WOLF,NASDAQ,Wolfspeed Inc.,2026-04-01,1d,16.400000,16.770000,16.090000,16.450000,16.450000,854600,FinMind
WOLF,NASDAQ,Wolfspeed Inc.,2026-04-02,1d,15.580000,17.600000,15.510000,17.470000,17.470000,903500,FinMind
WOLF,NASDAQ,Wolfspeed Inc.,2026-04-06,1d,17.500000,18.710000,17.500000,18.050000,18.050000,912600,FinMind
WOLF,NASDAQ,Wolfspeed Inc.,2026-04-07,1d,17.920000,18.930000,17.850000,18.930000,18.930000,763600,FinMind
WOLF,NASDAQ,Wolfspeed Inc.,2026-04-08,1d,19.900000,20.790000,19.510000,20.560000,20.560000,2454800,FinMind
WOLF,NASDAQ,Wolfspeed Inc.,2026-04-09,1d,20.960000,25.090000,20.530000,24.430000,24.430000,4499600,FinMind
WOLF,NASDAQ,Wolfspeed Inc.,2026-04-10,1d,24.940000,25.900000,22.200000,23.220000,23.220000,3250900,FinMind
WOLF,NASDAQ,Wolfspeed Inc.,2026-04-13,1d,23.480000,24.930000,23.100000,24.150000,24.150000,2140300,FinMind
WOLF,NASDAQ,Wolfspeed Inc.,2026-04-14,1d,24.800000,25.050000,22.730000,23.000000,23.000000,1926400,FinMind
WOLF,NASDAQ,Wolfspeed Inc.,2026-04-15,1d,22.610000,24.630000,21.500000,23.900000,23.900000,2595900,FinMind
WOLF,NASDAQ,Wolfspeed Inc.,2026-04-16,1d,24.270000,28.080000,24.000000,26.540000,26.540000,3728000,FinMind
WOLF,NASDAQ,Wolfspeed Inc.,2026-04-17,1d,26.500000,27.060000,24.770000,25.560000,25.560000,2008600,FinMind
WOLF,NASDAQ,Wolfspeed Inc.,2026-04-20,1d,25.620000,28.690000,24.910000,26.330000,26.330000,3478700,FinMind
WOLF,NASDAQ,Wolfspeed Inc.,2026-04-21,1d,26.830000,30.250000,24.650000,24.700000,24.700000,10031700,FinMind
WOLF,NASDAQ,Wolfspeed Inc.,2026-04-22,1d,26.490000,29.450000,25.830000,27.750000,27.750000,9070200,FinMind
WOLF,NASDAQ,Wolfspeed Inc.,2026-04-23,1d,27.850000,29.770000,26.600000,27.550000,27.550000,4850500,FinMind
WOLF,NASDAQ,Wolfspeed Inc.,2026-04-24,1d,29.100000,32.770000,29.100000,31.230000,31.230000,8408800,FinMind
WOLF,NASDAQ,Wolfspeed Inc.,2026-04-27,1d,32.170000,32.400000,28.400000,29.670000,29.670000,4884100,FinMind
WOLF,NASDAQ,Wolfspeed Inc.,2026-04-28,1d,27.900000,28.960000,25.080000,25.850000,25.850000,5147100,FinMind
WOLF,NASDAQ,Wolfspeed Inc.,2026-04-29,1d,26.400000,27.500000,25.170000,25.630000,25.630000,2267200,FinMind
WOLF,NASDAQ,Wolfspeed Inc.,2026-04-30,1d,26.400000,29.670000,26.380000,29.530000,29.530000,6265900,FinMind
WOLF,NASDAQ,Wolfspeed Inc.,2026-05-01,1d,29.400000,37.550000,28.960000,36.760000,36.760000,8391600,FinMind
WOLF,NASDAQ,Wolfspeed Inc.,2026-05-04,1d,36.290000,37.680000,34.800000,35.940000,35.940000,4347200,FinMind
WOLF,NASDAQ,Wolfspeed Inc.,2026-05-05,1d,38.690000,40.250000,36.440000,36.630000,36.630000,10737400,FinMind
WOLF,NASDAQ,Wolfspeed Inc.,2026-05-06,1d,32.500000,43.380000,32.000000,43.080000,43.080000,14847800,FinMind
WOLF,NASDAQ,Wolfspeed Inc.,2026-05-07,1d,43.090000,49.000000,43.010000,45.160000,45.160000,10870400,FinMind
WOLF,NASDAQ,Wolfspeed Inc.,2026-05-08,1d,47.800000,50.990000,45.620000,46.600000,46.600000,6561300,FinMind
WOLF,NASDAQ,Wolfspeed Inc.,2026-05-11,1d,49.000000,53.980000,48.260000,50.310000,50.310000,9139200,FinMind
WOLF,NASDAQ,Wolfspeed Inc.,2026-05-12,1d,49.240000,53.980000,45.200000,53.720000,53.720000,12280700,FinMind
WOLF,NASDAQ,Wolfspeed Inc.,2026-05-13,1d,66.630000,73.740000,58.600000,62.600000,62.600000,33734700,FinMind
WOLF,NASDAQ,Wolfspeed Inc.,2026-05-14,1d,63.350000,72.350000,60.150000,69.960000,69.960000,18056800,FinMind
WOLF,NASDAQ,Wolfspeed Inc.,2026-05-15,1d,62.800000,66.000000,59.510000,62.130000,62.130000,10021500,FinMind
WOLF,NASDAQ,Wolfspeed Inc.,2026-05-18,1d,63.540000,69.500000,55.100000,59.350000,59.350000,10116800,FinMind
WOLF,NASDAQ,Wolfspeed Inc.,2026-05-19,1d,55.690000,62.010000,55.670000,58.830000,58.830000,5816200,FinMind
WOLF,NASDAQ,Wolfspeed Inc.,2026-05-20,1d,62.440000,63.470000,53.780000,58.620000,58.620000,7637300,FinMind
WOLF,NASDAQ,Wolfspeed Inc.,2026-05-21,1d,59.520000,72.170000,58.950000,69.500000,69.500000,9319800,FinMind
WOLF,NASDAQ,Wolfspeed Inc.,2026-05-22,1d,71.500000,80.820000,68.270000,69.890000,69.890000,10942900,FinMind
WOLF,NASDAQ,Wolfspeed Inc.,2026-05-26,1d,77.780000,80.700000,70.800000,73.500000,73.500000,11498900,FinMind
WOLF,NASDAQ,Wolfspeed Inc.,2026-05-27,1d,73.390000,74.030000,56.500000,63.260000,63.260000,16538400,FinMind
WOLF,NASDAQ,Wolfspeed Inc.,2026-05-28,1d,62.450000,69.270000,58.500000,65.050000,65.050000,6882600,FinMind
WOLF,NASDAQ,Wolfspeed Inc.,2026-05-29,1d,65.690000,66.500000,58.140000,59.280000,59.280000,7564500,FinMind
WOLF,NASDAQ,Wolfspeed Inc.,2026-06-01,1d,54.780000,59.060000,49.660000,52.950000,52.950000,11534300,FinMind
WOLF,NASDAQ,Wolfspeed Inc.,2026-06-02,1d,55.800000,62.780000,55.000000,61.060000,61.060000,8749523,FinMind
BRKB,NYSE,Berkshire Hathaway Inc. Class B,2025-06-03,1d,501.000000,502.790009,493.510010,497.829987,497.829987,5923100,YahooFinance
BRKB,NYSE,Berkshire Hathaway Inc. Class B,2025-06-04,1d,496.940002,496.989990,490.880005,491.000000,491.000000,5297600,YahooFinance
BRKB,NYSE,Berkshire Hathaway Inc. Class B,2025-06-05,1d,490.750000,491.000000,485.600006,488.739990,488.739990,5154900,YahooFinance
BRKB,NYSE,Berkshire Hathaway Inc. Class B,2025-06-06,1d,491.630005,496.100006,491.630005,493.529999,493.529999,3948300,YahooFinance
BRKB,NYSE,Berkshire Hathaway Inc. Class B,2025-06-09,1d,493.700012,494.529999,488.880005,493.329987,493.329987,3987500,YahooFinance
BRKB,NYSE,Berkshire Hathaway Inc. Class B,2025-06-10,1d,492.660004,492.899994,489.500000,491.130005,491.130005,3951500,YahooFinance
BRKB,NYSE,Berkshire Hathaway Inc. Class B,2025-06-11,1d,491.049988,492.250000,486.670013,488.140015,488.140015,4595900,YahooFinance
BRKB,NYSE,Berkshire Hathaway Inc. Class B,2025-06-12,1d,486.239990,490.440002,483.779999,490.339996,490.339996,3535200,YahooFinance
BRKB,NYSE,Berkshire Hathaway Inc. Class B,2025-06-13,1d,486.269989,491.079987,485.850006,487.540009,487.540009,4001000,YahooFinance
BRKB,NYSE,Berkshire Hathaway Inc. Class B,2025-06-16,1d,489.730011,491.850006,488.540009,490.230011,490.230011,3937600,YahooFinance
BRKB,NYSE,Berkshire Hathaway Inc. Class B,2025-06-17,1d,489.109985,489.399994,483.250000,483.480011,483.480011,3956300,YahooFinance
BRKB,NYSE,Berkshire Hathaway Inc. Class B,2025-06-18,1d,484.100006,486.700012,482.750000,485.140015,485.140015,4893600,YahooFinance
BRKB,NYSE,Berkshire Hathaway Inc. Class B,2025-06-20,1d,484.950012,486.679993,483.429993,484.850006,484.850006,7620400,YahooFinance
BRKB,NYSE,Berkshire Hathaway Inc. Class B,2025-06-23,1d,485.420013,488.500000,481.720001,487.769989,487.769989,4141000,YahooFinance
BRKB,NYSE,Berkshire Hathaway Inc. Class B,2025-06-24,1d,489.429993,497.739990,488.890015,493.480011,493.480011,5111700,YahooFinance
BRKB,NYSE,Berkshire Hathaway Inc. Class B,2025-06-25,1d,494.500000,496.000000,486.140015,486.209991,486.209991,4260600,YahooFinance
BRKB,NYSE,Berkshire Hathaway Inc. Class B,2025-06-26,1d,486.540009,487.980011,484.250000,485.049988,485.049988,4212900,YahooFinance
BRKB,NYSE,Berkshire Hathaway Inc. Class B,2025-06-27,1d,485.769989,489.679993,484.399994,485.679993,485.679993,6129300,YahooFinance
BRKB,NYSE,Berkshire Hathaway Inc. Class B,2025-06-30,1d,485.899994,487.649994,483.440002,485.769989,485.769989,6384300,YahooFinance
BRKB,NYSE,Berkshire Hathaway Inc. Class B,2025-07-01,1d,485.779999,491.089996,483.799988,489.609985,489.609985,4776000,YahooFinance
BRKB,NYSE,Berkshire Hathaway Inc. Class B,2025-07-02,1d,489.429993,489.929993,478.619995,480.480011,480.480011,6707200,YahooFinance
BRKB,NYSE,Berkshire Hathaway Inc. Class B,2025-07-03,1d,480.890015,486.549988,480.359985,485.000000,485.000000,3443300,YahooFinance
BRKB,NYSE,Berkshire Hathaway Inc. Class B,2025-07-07,1d,484.420013,486.079987,476.799988,478.029999,478.029999,4674400,YahooFinance
BRKB,NYSE,Berkshire Hathaway Inc. Class B,2025-07-08,1d,477.350006,480.000000,473.579987,477.470001,477.470001,4116200,YahooFinance
BRKB,NYSE,Berkshire Hathaway Inc. Class B,2025-07-09,1d,477.000000,479.489990,475.829987,478.910004,478.910004,3367400,YahooFinance
BRKB,NYSE,Berkshire Hathaway Inc. Class B,2025-07-10,1d,477.869995,478.549988,475.500000,478.269989,478.269989,4573300,YahooFinance
BRKB,NYSE,Berkshire Hathaway Inc. Class B,2025-07-11,1d,476.250000,476.850006,471.399994,475.859985,475.859985,4416600,YahooFinance
BRKB,NYSE,Berkshire Hathaway Inc. Class B,2025-07-14,1d,474.320007,478.130005,473.459991,476.309998,476.309998,4294700,YahooFinance
BRKB,NYSE,Berkshire Hathaway Inc. Class B,2025-07-15,1d,475.299988,475.720001,470.000000,470.130005,470.130005,4482300,YahooFinance
BRKB,NYSE,Berkshire Hathaway Inc. Class B,2025-07-16,1d,471.200012,472.920013,468.880005,471.309998,471.309998,3796900,YahooFinance
BRKB,NYSE,Berkshire Hathaway Inc. Class B,2025-07-17,1d,470.070007,474.149994,467.649994,473.399994,473.399994,4040000,YahooFinance
BRKB,NYSE,Berkshire Hathaway Inc. Class B,2025-07-18,1d,474.000000,478.640015,473.500000,473.799988,473.799988,4015800,YahooFinance
BRKB,NYSE,Berkshire Hathaway Inc. Class B,2025-07-21,1d,473.040009,478.350006,472.000000,474.410004,474.410004,3791300,YahooFinance
BRKB,NYSE,Berkshire Hathaway Inc. Class B,2025-07-22,1d,475.500000,483.140015,475.000000,478.130005,478.130005,4521500,YahooFinance
BRKB,NYSE,Berkshire Hathaway Inc. Class B,2025-07-23,1d,480.250000,484.450012,479.200012,482.630005,482.630005,4385600,YahooFinance
BRKB,NYSE,Berkshire Hathaway Inc. Class B,2025-07-24,1d,482.670013,486.170013,480.600006,480.600006,480.600006,5044800,YahooFinance
BRKB,NYSE,Berkshire Hathaway Inc. Class B,2025-07-25,1d,481.670013,484.929993,479.660004,484.070007,484.070007,4220500,YahooFinance
BRKB,NYSE,Berkshire Hathaway Inc. Class B,2025-07-28,1d,484.350006,486.899994,481.100006,481.700012,481.700012,3626100,YahooFinance
BRKB,NYSE,Berkshire Hathaway Inc. Class B,2025-07-29,1d,482.570007,485.000000,476.279999,476.559998,476.559998,4193200,YahooFinance
BRKB,NYSE,Berkshire Hathaway Inc. Class B,2025-07-30,1d,475.130005,479.410004,473.880005,476.000000,476.000000,3803000,YahooFinance
BRKB,NYSE,Berkshire Hathaway Inc. Class B,2025-07-31,1d,472.609985,477.700012,471.880005,471.880005,471.880005,6315300,YahooFinance
BRKB,NYSE,Berkshire Hathaway Inc. Class B,2025-08-01,1d,473.470001,475.959991,470.619995,472.839996,472.839996,5287500,YahooFinance
BRKB,NYSE,Berkshire Hathaway Inc. Class B,2025-08-04,1d,468.049988,468.869995,455.190002,459.109985,459.109985,10874300,YahooFinance
BRKB,NYSE,Berkshire Hathaway Inc. Class B,2025-08-05,1d,460.600006,467.579987,460.380005,464.190002,464.190002,6780700,YahooFinance
BRKB,NYSE,Berkshire Hathaway Inc. Class B,2025-08-06,1d,465.000000,469.549988,463.000000,468.910004,468.910004,4557100,YahooFinance
BRKB,NYSE,Berkshire Hathaway Inc. Class B,2025-08-07,1d,469.200012,472.700012,461.369995,461.470001,461.470001,5755700,YahooFinance
BRKB,NYSE,Berkshire Hathaway Inc. Class B,2025-08-08,1d,462.940002,465.829987,462.549988,465.399994,465.399994,3330600,YahooFinance
BRKB,NYSE,Berkshire Hathaway Inc. Class B,2025-08-11,1d,466.459991,468.489990,463.500000,464.730011,464.730011,3712100,YahooFinance
BRKB,NYSE,Berkshire Hathaway Inc. Class B,2025-08-12,1d,465.529999,472.470001,465.059998,470.390015,470.390015,3767300,YahooFinance
BRKB,NYSE,Berkshire Hathaway Inc. Class B,2025-08-13,1d,471.700012,479.600006,471.500000,477.309998,477.309998,4629400,YahooFinance
BRKB,NYSE,Berkshire Hathaway Inc. Class B,2025-08-14,1d,478.350006,479.220001,474.420013,479.220001,479.220001,4187100,YahooFinance
BRKB,NYSE,Berkshire Hathaway Inc. Class B,2025-08-15,1d,482.350006,482.480011,476.290009,477.200012,477.200012,5229800,YahooFinance
BRKB,NYSE,Berkshire Hathaway Inc. Class B,2025-08-18,1d,477.970001,479.000000,474.660004,478.519989,478.519989,3911300,YahooFinance
BRKB,NYSE,Berkshire Hathaway Inc. Class B,2025-08-19,1d,479.769989,485.899994,479.769989,485.309998,485.309998,4726400,YahooFinance
BRKB,NYSE,Berkshire Hathaway Inc. Class B,2025-08-20,1d,487.000000,492.220001,485.829987,488.679993,488.679993,4779800,YahooFinance
BRKB,NYSE,Berkshire Hathaway Inc. Class B,2025-08-21,1d,487.239990,489.049988,483.679993,488.589996,488.589996,3082200,YahooFinance
BRKB,NYSE,Berkshire Hathaway Inc. Class B,2025-08-22,1d,491.500000,493.140015,486.570007,489.000000,489.000000,4205100,YahooFinance
BRKB,NYSE,Berkshire Hathaway Inc. Class B,2025-08-25,1d,489.010010,489.019989,481.829987,486.179993,486.179993,3935100,YahooFinance
BRKB,NYSE,Berkshire Hathaway Inc. Class B,2025-08-26,1d,485.019989,492.790009,484.529999,492.209991,492.209991,8217500,YahooFinance
BRKB,NYSE,Berkshire Hathaway Inc. Class B,2025-08-27,1d,491.079987,497.209991,490.600006,495.720001,495.720001,4385900,YahooFinance
BRKB,NYSE,Berkshire Hathaway Inc. Class B,2025-08-28,1d,498.029999,500.140015,496.070007,499.859985,499.859985,4530400,YahooFinance
BRKB,NYSE,Berkshire Hathaway Inc. Class B,2025-08-29,1d,500.850006,506.720001,500.850006,502.980011,502.980011,4663600,YahooFinance
BRKB,NYSE,Berkshire Hathaway Inc. Class B,2025-09-02,1d,504.239990,505.899994,497.619995,501.140015,501.140015,4977800,YahooFinance
BRKB,NYSE,Berkshire Hathaway Inc. Class B,2025-09-03,1d,499.549988,502.109985,496.589996,501.489990,501.489990,3206200,YahooFinance
BRKB,NYSE,Berkshire Hathaway Inc. Class B,2025-09-04,1d,502.899994,507.380005,501.260010,506.910004,506.910004,2976700,YahooFinance
BRKB,NYSE,Berkshire Hathaway Inc. Class B,2025-09-05,1d,506.000000,507.660004,497.750000,499.769989,499.769989,4222900,YahooFinance
BRKB,NYSE,Berkshire Hathaway Inc. Class B,2025-09-08,1d,499.000000,499.649994,493.459991,493.779999,493.779999,5146300,YahooFinance
BRKB,NYSE,Berkshire Hathaway Inc. Class B,2025-09-09,1d,492.450012,496.850006,491.720001,492.720001,492.720001,3748700,YahooFinance
BRKB,NYSE,Berkshire Hathaway Inc. Class B,2025-09-10,1d,490.000000,491.700012,486.269989,490.079987,490.079987,5561600,YahooFinance
BRKB,NYSE,Berkshire Hathaway Inc. Class B,2025-09-11,1d,489.329987,497.239990,489.029999,496.910004,496.910004,3669000,YahooFinance
BRKB,NYSE,Berkshire Hathaway Inc. Class B,2025-09-12,1d,495.750000,497.630005,493.339996,493.739990,493.739990,2951700,YahooFinance
BRKB,NYSE,Berkshire Hathaway Inc. Class B,2025-09-15,1d,493.600006,495.269989,489.500000,491.540009,491.540009,3629800,YahooFinance
BRKB,NYSE,Berkshire Hathaway Inc. Class B,2025-09-16,1d,491.269989,491.920013,487.200012,490.989990,490.989990,4070000,YahooFinance
BRKB,NYSE,Berkshire Hathaway Inc. Class B,2025-09-17,1d,490.940002,495.989990,490.299988,492.329987,492.329987,5060700,YahooFinance
BRKB,NYSE,Berkshire Hathaway Inc. Class B,2025-09-18,1d,489.640015,494.880005,488.000000,490.500000,490.500000,4058900,YahooFinance
BRKB,NYSE,Berkshire Hathaway Inc. Class B,2025-09-19,1d,491.869995,494.500000,488.880005,492.850006,492.850006,7356300,YahooFinance
BRKB,NYSE,Berkshire Hathaway Inc. Class B,2025-09-22,1d,490.570007,494.709991,489.230011,493.709991,493.709991,3582900,YahooFinance
BRKB,NYSE,Berkshire Hathaway Inc. Class B,2025-09-23,1d,493.769989,499.279999,493.519989,494.100006,494.100006,3933200,YahooFinance
BRKB,NYSE,Berkshire Hathaway Inc. Class B,2025-09-24,1d,493.299988,497.160004,493.109985,497.089996,497.089996,2811500,YahooFinance
BRKB,NYSE,Berkshire Hathaway Inc. Class B,2025-09-25,1d,496.149994,499.000000,494.730011,494.959991,494.959991,4056100,YahooFinance
BRKB,NYSE,Berkshire Hathaway Inc. Class B,2025-09-26,1d,496.940002,502.100006,496.649994,500.029999,500.029999,3707600,YahooFinance
BRKB,NYSE,Berkshire Hathaway Inc. Class B,2025-09-29,1d,500.000000,500.250000,495.019989,499.250000,499.250000,5161900,YahooFinance
BRKB,NYSE,Berkshire Hathaway Inc. Class B,2025-09-30,1d,497.640015,503.779999,497.000000,502.739990,502.739990,3873500,YahooFinance
BRKB,NYSE,Berkshire Hathaway Inc. Class B,2025-10-01,1d,502.500000,502.869995,495.899994,498.200012,498.200012,4481100,YahooFinance
BRKB,NYSE,Berkshire Hathaway Inc. Class B,2025-10-02,1d,496.959991,499.609985,493.220001,495.920013,495.920013,3461400,YahooFinance
BRKB,NYSE,Berkshire Hathaway Inc. Class B,2025-10-03,1d,495.899994,502.549988,495.049988,498.750000,498.750000,4678800,YahooFinance
BRKB,NYSE,Berkshire Hathaway Inc. Class B,2025-10-06,1d,499.500000,504.970001,498.019989,500.019989,500.019989,3519500,YahooFinance
BRKB,NYSE,Berkshire Hathaway Inc. Class B,2025-10-07,1d,500.160004,504.459991,498.609985,502.299988,502.299988,3057400,YahooFinance
BRKB,NYSE,Berkshire Hathaway Inc. Class B,2025-10-08,1d,502.709991,503.500000,498.559998,499.839996,499.839996,2944600,YahooFinance
BRKB,NYSE,Berkshire Hathaway Inc. Class B,2025-10-09,1d,499.980011,501.220001,494.510010,496.739990,496.739990,3172200,YahooFinance
BRKB,NYSE,Berkshire Hathaway Inc. Class B,2025-10-10,1d,497.250000,497.989990,489.059998,489.130005,489.130005,4763800,YahooFinance
BRKB,NYSE,Berkshire Hathaway Inc. Class B,2025-10-13,1d,488.149994,493.799988,487.820007,491.929993,491.929993,3183500,YahooFinance
BRKB,NYSE,Berkshire Hathaway Inc. Class B,2025-10-14,1d,490.000000,497.059998,489.950012,495.970001,495.970001,3056000,YahooFinance
BRKB,NYSE,Berkshire Hathaway Inc. Class B,2025-10-15,1d,493.899994,496.730011,490.350006,496.390015,496.390015,3566200,YahooFinance
BRKB,NYSE,Berkshire Hathaway Inc. Class B,2025-10-16,1d,495.600006,496.000000,485.799988,488.809998,488.809998,4254300,YahooFinance
BRKB,NYSE,Berkshire Hathaway Inc. Class B,2025-10-17,1d,490.000000,493.450012,489.250000,492.420013,492.420013,3794300,YahooFinance
BRKB,NYSE,Berkshire Hathaway Inc. Class B,2025-10-20,1d,492.359985,494.420013,490.320007,494.079987,494.079987,4605300,YahooFinance
BRKB,NYSE,Berkshire Hathaway Inc. Class B,2025-10-21,1d,493.700012,495.700012,491.250000,491.290009,491.290009,2714500,YahooFinance
BRKB,NYSE,Berkshire Hathaway Inc. Class B,2025-10-22,1d,491.730011,492.980011,488.190002,491.809998,491.809998,3376000,YahooFinance
BRKB,NYSE,Berkshire Hathaway Inc. Class B,2025-10-23,1d,492.190002,492.450012,488.109985,490.160004,490.160004,3063000,YahooFinance
BRKB,NYSE,Berkshire Hathaway Inc. Class B,2025-10-24,1d,490.910004,492.980011,489.399994,492.100006,492.100006,3166800,YahooFinance
BRKB,NYSE,Berkshire Hathaway Inc. Class B,2025-10-27,1d,491.920013,492.299988,484.549988,488.070007,488.070007,6451500,YahooFinance
BRKB,NYSE,Berkshire Hathaway Inc. Class B,2025-10-28,1d,484.959991,485.670013,481.109985,481.440002,481.440002,5029100,YahooFinance
BRKB,NYSE,Berkshire Hathaway Inc. Class B,2025-10-29,1d,477.320007,478.799988,473.720001,475.760010,475.760010,6204500,YahooFinance
BRKB,NYSE,Berkshire Hathaway Inc. Class B,2025-10-30,1d,474.839996,480.910004,474.839996,478.519989,478.519989,4786600,YahooFinance
BRKB,NYSE,Berkshire Hathaway Inc. Class B,2025-10-31,1d,476.799988,478.709991,475.309998,477.540009,477.540009,7146400,YahooFinance
BRKB,NYSE,Berkshire Hathaway Inc. Class B,2025-11-03,1d,479.510010,479.989990,473.149994,475.679993,475.679993,5868100,YahooFinance
BRKB,NYSE,Berkshire Hathaway Inc. Class B,2025-11-04,1d,475.500000,488.790009,475.500000,487.660004,487.660004,7803200,YahooFinance
BRKB,NYSE,Berkshire Hathaway Inc. Class B,2025-11-05,1d,487.339996,493.890015,487.339996,488.769989,488.769989,6551200,YahooFinance
BRKB,NYSE,Berkshire Hathaway Inc. Class B,2025-11-06,1d,490.000000,494.029999,486.750000,493.149994,493.149994,4964700,YahooFinance
BRKB,NYSE,Berkshire Hathaway Inc. Class B,2025-11-07,1d,494.929993,500.160004,493.350006,499.059998,499.059998,6377800,YahooFinance
BRKB,NYSE,Berkshire Hathaway Inc. Class B,2025-11-10,1d,497.079987,501.279999,495.130005,496.980011,496.980011,5084000,YahooFinance
BRKB,NYSE,Berkshire Hathaway Inc. Class B,2025-11-11,1d,498.589996,499.690002,494.200012,497.070007,497.070007,2960200,YahooFinance
BRKB,NYSE,Berkshire Hathaway Inc. Class B,2025-11-12,1d,497.160004,504.450012,496.989990,502.399994,502.399994,5456000,YahooFinance
BRKB,NYSE,Berkshire Hathaway Inc. Class B,2025-11-13,1d,504.820007,514.260010,504.820007,513.109985,513.109985,7340700,YahooFinance
BRKB,NYSE,Berkshire Hathaway Inc. Class B,2025-11-14,1d,514.700012,516.549988,506.350006,508.940002,508.940002,5462500,YahooFinance
BRKB,NYSE,Berkshire Hathaway Inc. Class B,2025-11-17,1d,510.730011,511.260010,502.839996,503.260010,503.260010,5371000,YahooFinance
BRKB,NYSE,Berkshire Hathaway Inc. Class B,2025-11-18,1d,503.390015,506.640015,500.600006,504.369995,504.369995,5457400,YahooFinance
BRKB,NYSE,Berkshire Hathaway Inc. Class B,2025-11-19,1d,503.690002,504.250000,495.549988,501.260010,501.260010,4695000,YahooFinance
BRKB,NYSE,Berkshire Hathaway Inc. Class B,2025-11-20,1d,501.109985,506.450012,500.809998,501.119995,501.119995,5486900,YahooFinance
BRKB,NYSE,Berkshire Hathaway Inc. Class B,2025-11-21,1d,503.279999,507.839996,502.489990,504.040009,504.040009,6059000,YahooFinance
BRKB,NYSE,Berkshire Hathaway Inc. Class B,2025-11-24,1d,501.899994,509.200012,497.170013,507.809998,507.809998,13404500,YahooFinance
BRKB,NYSE,Berkshire Hathaway Inc. Class B,2025-11-25,1d,508.929993,512.359985,506.859985,508.570007,508.570007,4064000,YahooFinance
BRKB,NYSE,Berkshire Hathaway Inc. Class B,2025-11-26,1d,509.250000,512.700012,507.649994,511.230011,511.230011,3686700,YahooFinance
BRKB,NYSE,Berkshire Hathaway Inc. Class B,2025-11-28,1d,511.890015,516.849976,511.559998,513.809998,513.809998,2312200,YahooFinance
BRKB,NYSE,Berkshire Hathaway Inc. Class B,2025-12-01,1d,513.650024,514.489990,508.179993,508.549988,508.549988,3995200,YahooFinance
BRKB,NYSE,Berkshire Hathaway Inc. Class B,2025-12-02,1d,507.589996,508.109985,503.109985,506.649994,506.649994,3378000,YahooFinance
BRKB,NYSE,Berkshire Hathaway Inc. Class B,2025-12-03,1d,507.519989,509.600006,503.600006,503.600006,503.600006,3803200,YahooFinance
BRKB,NYSE,Berkshire Hathaway Inc. Class B,2025-12-04,1d,504.380005,506.500000,500.700012,503.230011,503.230011,3574800,YahooFinance
BRKB,NYSE,Berkshire Hathaway Inc. Class B,2025-12-05,1d,503.859985,505.760010,500.540009,504.339996,504.339996,3463700,YahooFinance
BRKB,NYSE,Berkshire Hathaway Inc. Class B,2025-12-08,1d,502.100006,502.970001,490.619995,497.230011,497.230011,7032200,YahooFinance
BRKB,NYSE,Berkshire Hathaway Inc. Class B,2025-12-09,1d,497.630005,499.220001,490.829987,491.429993,491.429993,4574000,YahooFinance
BRKB,NYSE,Berkshire Hathaway Inc. Class B,2025-12-10,1d,490.859985,495.880005,488.920013,490.429993,490.429993,4558800,YahooFinance
BRKB,NYSE,Berkshire Hathaway Inc. Class B,2025-12-11,1d,491.829987,498.149994,491.829987,495.850006,495.850006,4493400,YahooFinance
BRKB,NYSE,Berkshire Hathaway Inc. Class B,2025-12-12,1d,496.709991,500.000000,494.500000,499.519989,499.519989,4113700,YahooFinance
BRKB,NYSE,Berkshire Hathaway Inc. Class B,2025-12-15,1d,500.420013,506.619995,500.279999,506.380005,506.380005,5173900,YahooFinance
BRKB,NYSE,Berkshire Hathaway Inc. Class B,2025-12-16,1d,507.049988,508.100006,499.459991,499.839996,499.839996,4376700,YahooFinance
BRKB,NYSE,Berkshire Hathaway Inc. Class B,2025-12-17,1d,499.899994,505.190002,499.500000,504.269989,504.269989,4128600,YahooFinance
BRKB,NYSE,Berkshire Hathaway Inc. Class B,2025-12-18,1d,502.230011,505.429993,501.010010,503.390015,503.390015,3646700,YahooFinance
BRKB,NYSE,Berkshire Hathaway Inc. Class B,2025-12-19,1d,503.049988,503.820007,494.529999,494.529999,494.529999,14652800,YahooFinance
BRKB,NYSE,Berkshire Hathaway Inc. Class B,2025-12-22,1d,496.339996,500.309998,495.549988,499.950012,499.950012,4070000,YahooFinance
BRKB,NYSE,Berkshire Hathaway Inc. Class B,2025-12-23,1d,500.480011,502.329987,498.160004,500.510010,500.510010,3680800,YahooFinance
BRKB,NYSE,Berkshire Hathaway Inc. Class B,2025-12-24,1d,500.290009,501.510010,499.250000,501.339996,501.339996,2000200,YahooFinance
BRKB,NYSE,Berkshire Hathaway Inc. Class B,2025-12-26,1d,500.450012,501.559998,496.829987,498.299988,498.299988,2247600,YahooFinance
BRKB,NYSE,Berkshire Hathaway Inc. Class B,2025-12-29,1d,499.200012,501.500000,497.209991,501.049988,501.049988,3056200,YahooFinance
BRKB,NYSE,Berkshire Hathaway Inc. Class B,2025-12-30,1d,500.980011,505.109985,500.329987,503.709991,503.709991,2897100,YahooFinance
BRKB,NYSE,Berkshire Hathaway Inc. Class B,2025-12-31,1d,503.920013,505.890015,502.480011,502.649994,502.649994,3105200,YahooFinance
BRKB,NYSE,Berkshire Hathaway Inc. Class B,2026-01-02,1d,500.959991,501.880005,492.910004,496.850006,496.850006,5876600,YahooFinance
BRKB,NYSE,Berkshire Hathaway Inc. Class B,2026-01-05,1d,494.940002,503.429993,494.500000,498.519989,498.519989,5145300,YahooFinance
BRKB,NYSE,Berkshire Hathaway Inc. Class B,2026-01-06,1d,496.799988,500.670013,496.059998,499.049988,499.049988,4040000,YahooFinance
BRKB,NYSE,Berkshire Hathaway Inc. Class B,2026-01-07,1d,497.880005,499.149994,493.089996,496.119995,496.119995,4445100,YahooFinance
BRKB,NYSE,Berkshire Hathaway Inc. Class B,2026-01-08,1d,494.970001,504.079987,494.109985,499.769989,499.769989,4807700,YahooFinance
BRKB,NYSE,Berkshire Hathaway Inc. Class B,2026-01-09,1d,498.940002,500.279999,496.410004,499.100006,499.100006,3432100,YahooFinance
BRKB,NYSE,Berkshire Hathaway Inc. Class B,2026-01-12,1d,497.399994,500.019989,495.100006,498.670013,498.670013,4209300,YahooFinance
BRKB,NYSE,Berkshire Hathaway Inc. Class B,2026-01-13,1d,497.619995,498.000000,493.339996,495.239990,495.239990,4257600,YahooFinance
BRKB,NYSE,Berkshire Hathaway Inc. Class B,2026-01-14,1d,494.170013,497.619995,492.000000,493.149994,493.149994,5033700,YahooFinance
BRKB,NYSE,Berkshire Hathaway Inc. Class B,2026-01-15,1d,492.950012,495.630005,490.750000,492.619995,492.619995,4165200,YahooFinance
BRKB,NYSE,Berkshire Hathaway Inc. Class B,2026-01-16,1d,491.670013,495.160004,490.899994,493.290009,493.290009,4807400,YahooFinance
BRKB,NYSE,Berkshire Hathaway Inc. Class B,2026-01-20,1d,490.799988,490.970001,482.720001,485.390015,485.390015,5521500,YahooFinance
BRKB,NYSE,Berkshire Hathaway Inc. Class B,2026-01-21,1d,484.000000,488.000000,481.570007,483.829987,483.829987,5730200,YahooFinance
BRKB,NYSE,Berkshire Hathaway Inc. Class B,2026-01-22,1d,483.260010,485.880005,481.720001,484.489990,484.489990,4054200,YahooFinance
BRKB,NYSE,Berkshire Hathaway Inc. Class B,2026-01-23,1d,482.260010,483.420013,478.440002,478.970001,478.970001,5436600,YahooFinance
BRKB,NYSE,Berkshire Hathaway Inc. Class B,2026-01-26,1d,478.470001,484.890015,477.079987,483.470001,483.470001,5077200,YahooFinance
BRKB,NYSE,Berkshire Hathaway Inc. Class B,2026-01-27,1d,482.600006,483.500000,474.670013,474.670013,474.670013,6314500,YahooFinance
BRKB,NYSE,Berkshire Hathaway Inc. Class B,2026-01-28,1d,473.010010,476.880005,471.910004,473.489990,473.489990,4563900,YahooFinance
BRKB,NYSE,Berkshire Hathaway Inc. Class B,2026-01-29,1d,473.730011,477.320007,473.079987,476.790009,476.790009,5380500,YahooFinance
BRKB,NYSE,Berkshire Hathaway Inc. Class B,2026-01-30,1d,476.299988,481.500000,476.130005,480.529999,480.529999,5082200,YahooFinance
BRKB,NYSE,Berkshire Hathaway Inc. Class B,2026-02-02,1d,481.299988,488.070007,478.549988,487.290009,487.290009,5064600,YahooFinance
BRKB,NYSE,Berkshire Hathaway Inc. Class B,2026-02-03,1d,483.950012,496.040009,482.200012,493.739990,493.739990,6641200,YahooFinance
BRKB,NYSE,Berkshire Hathaway Inc. Class B,2026-02-04,1d,495.799988,512.130005,495.670013,503.829987,503.829987,10591700,YahooFinance
BRKB,NYSE,Berkshire Hathaway Inc. Class B,2026-02-05,1d,505.910004,506.630005,497.609985,503.890015,503.890015,5033900,YahooFinance
BRKB,NYSE,Berkshire Hathaway Inc. Class B,2026-02-06,1d,504.179993,509.660004,502.890015,508.089996,508.089996,4421600,YahooFinance
BRKB,NYSE,Berkshire Hathaway Inc. Class B,2026-02-09,1d,507.320007,507.609985,497.290009,498.079987,498.079987,4573000,YahooFinance
BRKB,NYSE,Berkshire Hathaway Inc. Class B,2026-02-10,1d,497.899994,501.329987,497.299988,500.299988,500.299988,3789100,YahooFinance
BRKB,NYSE,Berkshire Hathaway Inc. Class B,2026-02-11,1d,499.350006,503.309998,497.279999,500.019989,500.019989,3614400,YahooFinance
BRKB,NYSE,Berkshire Hathaway Inc. Class B,2026-02-12,1d,501.209991,507.709991,499.880005,500.010010,500.010010,4689900,YahooFinance
BRKB,NYSE,Berkshire Hathaway Inc. Class B,2026-02-13,1d,500.149994,502.380005,495.500000,497.549988,497.549988,4685900,YahooFinance
BRKB,NYSE,Berkshire Hathaway Inc. Class B,2026-02-17,1d,500.019989,506.089996,499.209991,503.410004,503.410004,4263300,YahooFinance
BRKB,NYSE,Berkshire Hathaway Inc. Class B,2026-02-18,1d,504.739990,505.269989,497.679993,499.070007,499.070007,3732500,YahooFinance
BRKB,NYSE,Berkshire Hathaway Inc. Class B,2026-02-19,1d,497.869995,500.500000,495.679993,496.940002,496.940002,2610400,YahooFinance
BRKB,NYSE,Berkshire Hathaway Inc. Class B,2026-02-20,1d,496.649994,498.339996,491.809998,498.200012,498.200012,4326700,YahooFinance
BRKB,NYSE,Berkshire Hathaway Inc. Class B,2026-02-23,1d,496.500000,503.549988,493.730011,494.089996,494.089996,3556500,YahooFinance
BRKB,NYSE,Berkshire Hathaway Inc. Class B,2026-02-24,1d,493.489990,495.220001,488.260010,494.510010,494.510010,3224300,YahooFinance
BRKB,NYSE,Berkshire Hathaway Inc. Class B,2026-02-25,1d,495.619995,497.230011,490.899994,493.989990,493.989990,3475500,YahooFinance
BRKB,NYSE,Berkshire Hathaway Inc. Class B,2026-02-26,1d,494.649994,503.720001,494.450012,502.670013,502.670013,4577000,YahooFinance
BRKB,NYSE,Berkshire Hathaway Inc. Class B,2026-02-27,1d,502.940002,506.519989,501.160004,504.950012,504.950012,6364900,YahooFinance
BRKB,NYSE,Berkshire Hathaway Inc. Class B,2026-03-02,1d,495.230011,495.750000,477.910004,480.170013,480.170013,11725300,YahooFinance
BRKB,NYSE,Berkshire Hathaway Inc. Class B,2026-03-03,1d,477.079987,483.480011,472.519989,481.359985,481.359985,6348700,YahooFinance
BRKB,NYSE,Berkshire Hathaway Inc. Class B,2026-03-04,1d,481.000000,489.179993,479.880005,487.480011,487.480011,4369100,YahooFinance
BRKB,NYSE,Berkshire Hathaway Inc. Class B,2026-03-05,1d,493.750000,500.859985,492.510010,500.399994,500.399994,8963400,YahooFinance
BRKB,NYSE,Berkshire Hathaway Inc. Class B,2026-03-06,1d,499.250000,500.700012,491.880005,498.980011,498.980011,5564400,YahooFinance
BRKB,NYSE,Berkshire Hathaway Inc. Class B,2026-03-09,1d,494.899994,498.820007,490.209991,497.200012,497.200012,5833600,YahooFinance
BRKB,NYSE,Berkshire Hathaway Inc. Class B,2026-03-10,1d,495.130005,498.670013,492.309998,494.140015,494.140015,3598700,YahooFinance
BRKB,NYSE,Berkshire Hathaway Inc. Class B,2026-03-11,1d,493.089996,493.799988,489.250000,493.570007,493.570007,3845700,YahooFinance
BRKB,NYSE,Berkshire Hathaway Inc. Class B,2026-03-12,1d,492.350006,493.399994,489.019989,491.890015,491.890015,4170900,YahooFinance
BRKB,NYSE,Berkshire Hathaway Inc. Class B,2026-03-13,1d,493.320007,494.450012,489.769989,490.029999,490.029999,3565700,YahooFinance
BRKB,NYSE,Berkshire Hathaway Inc. Class B,2026-03-16,1d,492.769989,496.630005,491.079987,492.209991,492.209991,3752000,YahooFinance
BRKB,NYSE,Berkshire Hathaway Inc. Class B,2026-03-17,1d,494.839996,496.959991,491.410004,492.579987,492.579987,4424900,YahooFinance
BRKB,NYSE,Berkshire Hathaway Inc. Class B,2026-03-18,1d,491.140015,491.380005,483.799988,484.470001,484.470001,4356400,YahooFinance
BRKB,NYSE,Berkshire Hathaway Inc. Class B,2026-03-19,1d,483.899994,484.250000,478.809998,481.480011,481.480011,4045600,YahooFinance
BRKB,NYSE,Berkshire Hathaway Inc. Class B,2026-03-20,1d,481.630005,485.119995,479.660004,480.940002,480.940002,7786400,YahooFinance
BRKB,NYSE,Berkshire Hathaway Inc. Class B,2026-03-23,1d,483.500000,485.980011,479.000000,479.980011,479.980011,4958000,YahooFinance
BRKB,NYSE,Berkshire Hathaway Inc. Class B,2026-03-24,1d,478.000000,483.500000,477.549988,479.329987,479.329987,3434400,YahooFinance
BRKB,NYSE,Berkshire Hathaway Inc. Class B,2026-03-25,1d,482.630005,483.230011,475.730011,476.190002,476.190002,4402000,YahooFinance
BRKB,NYSE,Berkshire Hathaway Inc. Class B,2026-03-26,1d,476.440002,478.380005,474.500000,475.269989,475.269989,3774600,YahooFinance
BRKB,NYSE,Berkshire Hathaway Inc. Class B,2026-03-27,1d,474.190002,474.799988,467.209991,468.489990,468.489990,5382300,YahooFinance
BRKB,NYSE,Berkshire Hathaway Inc. Class B,2026-03-30,1d,470.679993,477.690002,470.649994,474.660004,474.660004,4590900,YahooFinance
BRKB,NYSE,Berkshire Hathaway Inc. Class B,2026-03-31,1d,477.779999,479.809998,474.769989,479.200012,479.200012,4725300,YahooFinance
BRKB,NYSE,Berkshire Hathaway Inc. Class B,2026-04-01,1d,478.980011,481.100006,477.250000,478.500000,478.500000,3600800,YahooFinance
BRKB,NYSE,Berkshire Hathaway Inc. Class B,2026-04-02,1d,477.820007,479.769989,475.679993,477.350006,477.350006,2972800,YahooFinance
BRKB,NYSE,Berkshire Hathaway Inc. Class B,2026-04-06,1d,475.660004,479.500000,475.350006,476.380005,476.380005,3663500,YahooFinance
BRKB,NYSE,Berkshire Hathaway Inc. Class B,2026-04-07,1d,475.709991,479.750000,474.320007,478.079987,478.079987,3206500,YahooFinance
BRKB,NYSE,Berkshire Hathaway Inc. Class B,2026-04-08,1d,483.750000,483.750000,477.679993,479.750000,479.750000,4655100,YahooFinance
BRKB,NYSE,Berkshire Hathaway Inc. Class B,2026-04-09,1d,478.209991,487.950012,477.290009,485.200012,485.200012,3518500,YahooFinance
BRKB,NYSE,Berkshire Hathaway Inc. Class B,2026-04-10,1d,484.019989,484.859985,478.920013,479.899994,479.899994,3758900,YahooFinance
BRKB,NYSE,Berkshire Hathaway Inc. Class B,2026-04-13,1d,478.899994,481.109985,477.399994,480.190002,480.190002,3612400,YahooFinance
BRKB,NYSE,Berkshire Hathaway Inc. Class B,2026-04-14,1d,479.809998,480.489990,476.000000,477.540009,477.540009,4864000,YahooFinance
BRKB,NYSE,Berkshire Hathaway Inc. Class B,2026-04-15,1d,478.000000,478.769989,473.739990,474.089996,474.089996,6993900,YahooFinance
BRKB,NYSE,Berkshire Hathaway Inc. Class B,2026-04-16,1d,474.019989,476.260010,464.010010,475.119995,475.119995,4534000,YahooFinance
BRKB,NYSE,Berkshire Hathaway Inc. Class B,2026-04-17,1d,475.489990,479.690002,474.149994,474.579987,474.579987,6492900,YahooFinance
BRKB,NYSE,Berkshire Hathaway Inc. Class B,2026-04-20,1d,474.380005,476.040009,471.369995,472.079987,472.079987,5147000,YahooFinance
BRKB,NYSE,Berkshire Hathaway Inc. Class B,2026-04-21,1d,472.540009,474.190002,468.059998,468.500000,468.500000,5919000,YahooFinance
BRKB,NYSE,Berkshire Hathaway Inc. Class B,2026-04-22,1d,468.859985,470.989990,464.619995,465.399994,465.399994,5720500,YahooFinance
BRKB,NYSE,Berkshire Hathaway Inc. Class B,2026-04-23,1d,466.720001,473.000000,466.720001,470.549988,470.549988,4749100,YahooFinance
BRKB,NYSE,Berkshire Hathaway Inc. Class B,2026-04-24,1d,468.799988,470.279999,466.579987,469.320007,469.320007,3857000,YahooFinance
BRKB,NYSE,Berkshire Hathaway Inc. Class B,2026-04-27,1d,469.799988,475.500000,469.350006,472.809998,472.809998,4888000,YahooFinance
BRKB,NYSE,Berkshire Hathaway Inc. Class B,2026-04-28,1d,476.790009,479.769989,475.670013,478.160004,478.160004,4902400,YahooFinance
BRKB,NYSE,Berkshire Hathaway Inc. Class B,2026-04-29,1d,476.450012,477.970001,474.510010,475.380005,475.380005,3175600,YahooFinance
BRKB,NYSE,Berkshire Hathaway Inc. Class B,2026-04-30,1d,473.459991,477.549988,470.890015,473.600006,473.600006,5109300,YahooFinance
BRKB,NYSE,Berkshire Hathaway Inc. Class B,2026-05-01,1d,475.079987,479.100006,473.000000,473.010010,473.010010,4818300,YahooFinance
BRKB,NYSE,Berkshire Hathaway Inc. Class B,2026-05-04,1d,473.029999,479.869995,465.790009,468.519989,468.519989,6895400,YahooFinance
BRKB,NYSE,Berkshire Hathaway Inc. Class B,2026-05-05,1d,468.529999,469.660004,464.339996,465.519989,465.519989,5372700,YahooFinance
BRKB,NYSE,Berkshire Hathaway Inc. Class B,2026-05-06,1d,466.010010,470.630005,465.640015,469.829987,469.829987,5698900,YahooFinance
BRKB,NYSE,Berkshire Hathaway Inc. Class B,2026-05-07,1d,469.260010,477.190002,468.970001,475.079987,475.079987,5899500,YahooFinance
BRKB,NYSE,Berkshire Hathaway Inc. Class B,2026-05-08,1d,474.850006,478.880005,474.480011,475.940002,475.940002,5225600,YahooFinance
BRKB,NYSE,Berkshire Hathaway Inc. Class B,2026-05-11,1d,476.399994,480.399994,475.899994,479.549988,479.549988,4290700,YahooFinance
BRKB,NYSE,Berkshire Hathaway Inc. Class B,2026-05-12,1d,481.679993,489.420013,478.899994,484.959991,484.959991,5622300,YahooFinance
BRKB,NYSE,Berkshire Hathaway Inc. Class B,2026-05-13,1d,482.470001,487.140015,480.809998,485.519989,485.519989,4432500,YahooFinance
BRKB,NYSE,Berkshire Hathaway Inc. Class B,2026-05-14,1d,487.100006,487.100006,481.500000,484.059998,484.059998,3375100,YahooFinance
BRKB,NYSE,Berkshire Hathaway Inc. Class B,2026-05-15,1d,486.700012,488.299988,481.760010,482.700012,482.700012,4680300,YahooFinance
BRKB,NYSE,Berkshire Hathaway Inc. Class B,2026-05-18,1d,481.130005,489.359985,481.000000,488.380005,488.380005,5030700,YahooFinance
BRKB,NYSE,Berkshire Hathaway Inc. Class B,2026-05-19,1d,487.000000,488.130005,480.109985,480.459991,480.459991,5599900,YahooFinance
BRKB,NYSE,Berkshire Hathaway Inc. Class B,2026-05-20,1d,482.000000,482.720001,477.619995,480.899994,480.899994,4647500,YahooFinance
BRKB,NYSE,Berkshire Hathaway Inc. Class B,2026-05-21,1d,479.989990,480.500000,475.500000,479.980011,479.980011,3294000,YahooFinance
BRKB,NYSE,Berkshire Hathaway Inc. Class B,2026-05-22,1d,479.649994,487.190002,479.489990,486.380005,486.380005,4338200,YahooFinance
BRKB,NYSE,Berkshire Hathaway Inc. Class B,2026-05-26,1d,485.500000,487.779999,483.209991,483.619995,483.619995,4348600,YahooFinance
BRKB,NYSE,Berkshire Hathaway Inc. Class B,2026-05-27,1d,482.670013,486.250000,479.019989,479.920013,479.920013,4152500,YahooFinance
BRKB,NYSE,Berkshire Hathaway Inc. Class B,2026-05-28,1d,479.359985,481.809998,477.000000,477.420013,477.420013,4120000,YahooFinance
BRKB,NYSE,Berkshire Hathaway Inc. Class B,2026-05-29,1d,476.910004,477.290009,472.269989,474.480011,474.480011,7902300,YahooFinance
BRKB,NYSE,Berkshire Hathaway Inc. Class B,2026-06-01,1d,473.049988,473.390015,467.959991,470.290009,470.290009,6203600,YahooFinance
BRKB,NYSE,Berkshire Hathaway Inc. Class B,2026-06-02,1d,470.000000,473.880005,468.209991,471.510010,471.510010,4696400,YahooFinance
BRKB,NYSE,Berkshire Hathaway Inc. Class B,2026-06-03,1d,470.885010,475.440002,470.440002,472.635010,472.635010,1451654,YahooFinance
0050,TWSE,元大台灣50,2025-06-03,1d,177.500000,178.800000,177.000000,177.150000,,7697062,FinMind
0050,TWSE,元大台灣50,2025-06-04,1d,179.300000,181.300000,179.150000,181.300000,,12228053,FinMind
0050,TWSE,元大台灣50,2025-06-05,1d,182.000000,182.650000,181.500000,181.650000,,10845068,FinMind
0050,TWSE,元大台灣50,2025-06-06,1d,181.900000,182.400000,181.500000,181.950000,,8750467,FinMind
0050,TWSE,元大台灣50,2025-06-09,1d,183.400000,184.050000,183.050000,183.700000,,14115012,FinMind
0050,TWSE,元大台灣50,2025-06-10,1d,184.900000,188.900000,184.900000,188.650000,,31483080,FinMind
0050,TWSE,元大台灣50,2025-06-18,1d,47.500000,47.720000,47.140000,47.570000,,252639825,FinMind
0050,TWSE,元大台灣50,2025-06-19,1d,47.500000,47.550000,47.020000,47.100000,,173652638,FinMind
0050,TWSE,元大台灣50,2025-06-20,1d,47.100000,47.160000,46.690000,47.030000,,84926293,FinMind
0050,TWSE,元大台灣50,2025-06-23,1d,46.540000,46.660000,46.280000,46.640000,,107319197,FinMind
0050,TWSE,元大台灣50,2025-06-24,1d,47.300000,47.490000,47.300000,47.490000,,56021848,FinMind
0050,TWSE,元大台灣50,2025-06-25,1d,47.900000,48.180000,47.890000,48.180000,,79951752,FinMind
0050,TWSE,元大台灣50,2025-06-26,1d,48.300000,48.450000,48.170000,48.240000,,79097206,FinMind
0050,TWSE,元大台灣50,2025-06-27,1d,48.320000,48.370000,48.000000,48.290000,,95810636,FinMind
0050,TWSE,元大台灣50,2025-06-30,1d,48.370000,48.420000,48.240000,48.360000,,60476067,FinMind
0050,TWSE,元大台灣50,2025-07-01,1d,48.380000,49.150000,48.380000,48.640000,,77081298,FinMind
0050,TWSE,元大台灣50,2025-07-02,1d,48.570000,48.750000,48.380000,48.650000,,76741186,FinMind
0050,TWSE,元大台灣50,2025-07-03,1d,49.350000,49.600000,49.260000,49.320000,,62689710,FinMind
0050,TWSE,元大台灣50,2025-07-04,1d,49.400000,49.490000,48.830000,48.860000,,77050522,FinMind
0050,TWSE,元大台灣50,2025-07-07,1d,48.820000,48.820000,48.440000,48.570000,,82143364,FinMind
0050,TWSE,元大台灣50,2025-07-08,1d,48.450000,48.510000,48.210000,48.350000,,52542933,FinMind
0050,TWSE,元大台灣50,2025-07-09,1d,48.350000,48.990000,48.270000,48.850000,,39626824,FinMind
0050,TWSE,元大台灣50,2025-07-10,1d,49.000000,49.470000,48.990000,49.410000,,54779575,FinMind
0050,TWSE,元大台灣50,2025-07-11,1d,49.360000,49.630000,49.280000,49.620000,,46214252,FinMind
0050,TWSE,元大台灣50,2025-07-14,1d,49.590000,49.590000,49.210000,49.330000,,65170727,FinMind
0050,TWSE,元大台灣50,2025-07-15,1d,49.350000,50.100000,49.330000,50.000000,,69996070,FinMind
0050,TWSE,元大台灣50,2025-07-16,1d,50.150000,50.700000,50.150000,50.400000,,92296251,FinMind
0050,TWSE,元大台灣50,2025-07-17,1d,50.600000,50.800000,50.300000,50.700000,,89861784,FinMind
0050,TWSE,元大台灣50,2025-07-18,1d,51.400000,51.600000,51.300000,51.450000,,107920505,FinMind
0050,TWSE,元大台灣50,2025-07-21,1d,51.100000,51.100000,50.750000,50.900000,,78953424,FinMind
0050,TWSE,元大台灣50,2025-07-22,1d,50.900000,51.300000,50.450000,50.550000,,92162175,FinMind
0050,TWSE,元大台灣50,2025-07-23,1d,50.600000,50.850000,50.550000,50.700000,,65118595,FinMind
0050,TWSE,元大台灣50,2025-07-24,1d,51.000000,51.100000,50.800000,51.000000,,80703644,FinMind
0050,TWSE,元大台灣50,2025-07-25,1d,51.000000,51.100000,50.800000,50.900000,,40414405,FinMind
0050,TWSE,元大台灣50,2025-07-28,1d,51.200000,51.400000,50.900000,51.050000,,53609331,FinMind
0050,TWSE,元大台灣50,2025-07-29,1d,51.050000,51.050000,50.250000,50.450000,,107016033,FinMind
0050,TWSE,元大台灣50,2025-07-30,1d,50.800000,51.100000,50.650000,51.000000,,84052507,FinMind
0050,TWSE,元大台灣50,2025-07-31,1d,51.100000,51.600000,51.100000,51.550000,,83010418,FinMind
0050,TWSE,元大台灣50,2025-08-01,1d,50.800000,51.200000,50.650000,51.100000,,103281333,FinMind
0050,TWSE,元大台灣50,2025-08-04,1d,50.650000,50.800000,50.400000,50.800000,,88936360,FinMind
0050,TWSE,元大台灣50,2025-08-05,1d,51.250000,51.450000,51.050000,51.450000,,48253208,FinMind
0050,TWSE,元大台灣50,2025-08-06,1d,51.100000,51.100000,50.850000,51.000000,,51398358,FinMind
0050,TWSE,元大台灣50,2025-08-07,1d,51.650000,52.600000,51.650000,52.450000,,127953769,FinMind
0050,TWSE,元大台灣50,2025-08-08,1d,52.550000,52.600000,52.300000,52.450000,,61743128,FinMind
0050,TWSE,元大台灣50,2025-08-11,1d,52.350000,53.100000,52.050000,52.850000,,74255676,FinMind
0050,TWSE,元大台灣50,2025-08-12,1d,52.850000,53.000000,52.550000,52.900000,,60122164,FinMind
0050,TWSE,元大台灣50,2025-08-13,1d,53.150000,53.400000,52.950000,53.350000,,78177118,FinMind
0050,TWSE,元大台灣50,2025-08-14,1d,53.200000,53.300000,52.950000,53.150000,,59818527,FinMind
0050,TWSE,元大台灣50,2025-08-15,1d,53.150000,53.300000,52.800000,53.150000,,55175623,FinMind
0050,TWSE,元大台灣50,2025-08-18,1d,52.950000,53.350000,52.800000,53.300000,,48004775,FinMind
0050,TWSE,元大台灣50,2025-08-19,1d,53.300000,53.300000,53.050000,53.200000,,31232902,FinMind
0050,TWSE,元大台灣50,2025-08-20,1d,52.550000,52.600000,51.500000,51.700000,,241376498,FinMind
0050,TWSE,元大台灣50,2025-08-21,1d,51.750000,52.100000,51.750000,52.000000,,76525276,FinMind
0050,TWSE,元大台灣50,2025-08-22,1d,52.050000,52.100000,51.650000,51.750000,,47853232,FinMind
0050,TWSE,元大台灣50,2025-08-25,1d,52.450000,52.950000,52.350000,52.700000,,64451775,FinMind
0050,TWSE,元大台灣50,2025-08-26,1d,52.550000,52.850000,52.300000,52.750000,,42402036,FinMind
0050,TWSE,元大台灣50,2025-08-27,1d,53.000000,53.150000,52.900000,53.000000,,91463591,FinMind
0050,TWSE,元大台灣50,2025-08-28,1d,52.800000,52.900000,52.500000,52.500000,,61856984,FinMind
0050,TWSE,元大台灣50,2025-08-29,1d,52.800000,52.950000,52.500000,52.500000,,37614042,FinMind
0050,TWSE,元大台灣50,2025-09-01,1d,52.150000,52.450000,51.750000,52.000000,,82748402,FinMind
0050,TWSE,元大台灣50,2025-09-02,1d,52.300000,52.500000,51.950000,52.000000,,34866736,FinMind
0050,TWSE,元大台灣50,2025-09-03,1d,51.900000,52.200000,51.750000,51.950000,,41247523,FinMind
0050,TWSE,元大台灣50,2025-09-04,1d,52.550000,52.700000,52.250000,52.300000,,38611419,FinMind
0050,TWSE,元大台灣50,2025-09-05,1d,52.700000,52.900000,52.650000,52.850000,,38976905,FinMind
0050,TWSE,元大台灣50,2025-09-08,1d,53.400000,53.550000,53.250000,53.350000,,61781569,FinMind
0050,TWSE,元大台灣50,2025-09-09,1d,53.550000,53.950000,53.500000,53.900000,,57948913,FinMind
0050,TWSE,元大台灣50,2025-09-10,1d,54.400000,55.000000,54.400000,54.950000,,75585424,FinMind
0050,TWSE,元大台灣50,2025-09-11,1d,55.550000,55.900000,55.250000,55.450000,,87937880,FinMind
0050,TWSE,元大台灣50,2025-09-12,1d,55.750000,56.000000,55.700000,56.000000,,59101728,FinMind
0050,TWSE,元大台灣50,2025-09-15,1d,56.000000,56.050000,55.800000,56.000000,,56031630,FinMind
0050,TWSE,元大台灣50,2025-09-16,1d,56.150000,56.850000,56.150000,56.750000,,65388179,FinMind
0050,TWSE,元大台灣50,2025-09-17,1d,56.600000,56.600000,56.250000,56.350000,,70590054,FinMind
0050,TWSE,元大台灣50,2025-09-18,1d,56.500000,56.950000,56.250000,56.950000,,45899106,FinMind
0050,TWSE,元大台灣50,2025-09-19,1d,57.000000,57.100000,56.600000,57.000000,,74098514,FinMind
0050,TWSE,元大台灣50,2025-09-22,1d,57.000000,57.400000,56.750000,57.400000,,59170020,FinMind
0050,TWSE,元大台灣50,2025-09-23,1d,57.850000,58.600000,57.850000,58.450000,,92241987,FinMind
0050,TWSE,元大台灣50,2025-09-24,1d,58.700000,58.950000,58.100000,58.400000,,95128957,FinMind
0050,TWSE,元大台灣50,2025-09-25,1d,58.350000,58.400000,58.000000,58.200000,,59962136,FinMind
0050,TWSE,元大台灣50,2025-09-26,1d,57.900000,57.900000,56.850000,57.250000,,170962034,FinMind
0050,TWSE,元大台灣50,2025-09-30,1d,57.550000,57.900000,57.550000,57.800000,,64586624,FinMind
0050,TWSE,元大台灣50,2025-10-01,1d,57.900000,58.750000,57.900000,58.100000,,77291614,FinMind
0050,TWSE,元大台灣50,2025-10-02,1d,59.000000,59.250000,58.850000,59.200000,,73803137,FinMind
0050,TWSE,元大台灣50,2025-10-03,1d,59.200000,60.100000,59.050000,60.050000,,76083554,FinMind
0050,TWSE,元大台灣50,2025-10-07,1d,61.000000,61.700000,60.900000,61.700000,,138001575,FinMind
0050,TWSE,元大台灣50,2025-10-08,1d,61.000000,61.150000,60.600000,61.150000,,119706336,FinMind
0050,TWSE,元大台灣50,2025-10-09,1d,61.850000,61.950000,61.500000,61.600000,,76478634,FinMind
0050,TWSE,元大台灣50,2025-10-13,1d,59.900000,61.000000,59.600000,61.000000,,277610574,FinMind
0050,TWSE,元大台灣50,2025-10-14,1d,61.850000,62.150000,60.650000,60.700000,,163441296,FinMind
0050,TWSE,元大台灣50,2025-10-15,1d,61.000000,61.800000,60.600000,61.800000,,101918261,FinMind
0050,TWSE,元大台灣50,2025-10-16,1d,62.100000,63.000000,62.100000,63.000000,,115801585,FinMind
0050,TWSE,元大台灣50,2025-10-17,1d,62.050000,62.300000,61.900000,62.050000,,166191884,FinMind
0050,TWSE,元大台灣50,2025-10-20,1d,62.350000,63.200000,62.150000,63.100000,,105854638,FinMind
0050,TWSE,元大台灣50,2025-10-21,1d,63.400000,63.650000,63.050000,63.200000,,128793394,FinMind
0050,TWSE,元大台灣50,2025-10-22,1d,62.600000,62.850000,62.250000,62.700000,,124303290,FinMind
0050,TWSE,元大台灣50,2025-10-23,1d,62.100000,62.400000,61.750000,62.350000,,166688171,FinMind
0050,TWSE,元大台灣50,2025-10-27,1d,63.750000,63.900000,63.450000,63.800000,,104776108,FinMind
0050,TWSE,元大台灣50,2025-10-28,1d,63.550000,63.700000,63.200000,63.350000,,99770041,FinMind
0050,TWSE,元大台灣50,2025-10-29,1d,63.700000,64.450000,63.700000,64.400000,,67414369,FinMind
0050,TWSE,元大台灣50,2025-10-30,1d,64.600000,64.800000,64.000000,64.400000,,95106510,FinMind
0050,TWSE,元大台灣50,2025-10-31,1d,64.600000,64.800000,64.400000,64.750000,,55956524,FinMind
0050,TWSE,元大台灣50,2025-11-03,1d,64.450000,64.800000,63.900000,64.150000,,140157410,FinMind
0050,TWSE,元大台灣50,2025-11-04,1d,64.500000,64.850000,63.850000,63.950000,,88131032,FinMind
0050,TWSE,元大台灣50,2025-11-05,1d,62.950000,63.150000,62.300000,63.150000,,229413552,FinMind
0050,TWSE,元大台灣50,2025-11-06,1d,63.350000,63.500000,63.150000,63.300000,,68680372,FinMind
0050,TWSE,元大台灣50,2025-11-07,1d,62.650000,62.750000,62.400000,62.550000,,111187957,FinMind
0050,TWSE,元大台灣50,2025-11-10,1d,62.800000,63.350000,62.600000,63.350000,,83130868,FinMind
0050,TWSE,元大台灣50,2025-11-11,1d,63.650000,63.700000,62.850000,62.900000,,79723934,FinMind
0050,TWSE,元大台灣50,2025-11-12,1d,62.950000,63.300000,62.750000,63.200000,,62620173,FinMind
0050,TWSE,元大台灣50,2025-11-13,1d,62.800000,62.950000,62.600000,62.900000,,80483242,FinMind
0050,TWSE,元大台灣50,2025-11-14,1d,61.650000,61.900000,61.400000,61.700000,,223192943,FinMind
0050,TWSE,元大台灣50,2025-11-17,1d,62.000000,62.200000,61.800000,61.900000,,91925734,FinMind
0050,TWSE,元大台灣50,2025-11-18,1d,61.300000,61.300000,60.300000,60.450000,,264956405,FinMind
0050,TWSE,元大台灣50,2025-11-19,1d,60.150000,60.500000,59.900000,60.050000,,151383859,FinMind
0050,TWSE,元大台灣50,2025-11-20,1d,61.550000,61.950000,61.350000,61.900000,,84027889,FinMind
0050,TWSE,元大台灣50,2025-11-21,1d,60.100000,60.150000,59.500000,59.850000,,327691489,FinMind
0050,TWSE,元大台灣50,2025-11-24,1d,60.100000,60.100000,59.450000,59.550000,,162722018,FinMind
0050,TWSE,元大台灣50,2025-11-25,1d,60.700000,60.750000,60.100000,60.350000,,64411018,FinMind
0050,TWSE,元大台灣50,2025-11-26,1d,61.100000,61.500000,61.000000,61.350000,,75793554,FinMind
0050,TWSE,元大台灣50,2025-11-27,1d,61.800000,62.100000,61.650000,61.900000,,53852335,FinMind
0050,TWSE,元大台灣50,2025-11-28,1d,61.950000,62.400000,61.850000,62.350000,,68386478,FinMind
0050,TWSE,元大台灣50,2025-12-01,1d,61.800000,61.950000,61.400000,61.500000,,103003085,FinMind
0050,TWSE,元大台灣50,2025-12-02,1d,61.800000,62.200000,61.650000,61.700000,,43152711,FinMind
0050,TWSE,元大台灣50,2025-12-03,1d,62.400000,62.500000,62.100000,62.300000,,46546830,FinMind
0050,TWSE,元大台灣50,2025-12-04,1d,62.400000,62.500000,62.000000,62.200000,,40655322,FinMind
0050,TWSE,元大台灣50,2025-12-05,1d,62.450000,62.750000,62.350000,62.750000,,47277037,FinMind
0050,TWSE,元大台灣50,2025-12-08,1d,63.000000,63.700000,62.950000,63.700000,,78686347,FinMind
0050,TWSE,元大台灣50,2025-12-09,1d,63.800000,63.850000,63.550000,63.600000,,50671148,FinMind
0050,TWSE,元大台灣50,2025-12-10,1d,63.700000,64.200000,63.650000,64.050000,,66717948,FinMind
0050,TWSE,元大台灣50,2025-12-11,1d,64.300000,64.500000,63.200000,63.350000,,101197570,FinMind
0050,TWSE,元大台灣50,2025-12-12,1d,63.550000,63.800000,63.300000,63.450000,,60240146,FinMind
0050,TWSE,元大台灣50,2025-12-15,1d,62.500000,62.850000,62.400000,62.800000,,114939409,FinMind
0050,TWSE,元大台灣50,2025-12-16,1d,62.100000,62.250000,61.700000,62.250000,,169375708,FinMind
0050,TWSE,元大台灣50,2025-12-17,1d,62.150000,62.450000,61.850000,61.900000,,98504980,FinMind
0050,TWSE,元大台灣50,2025-12-18,1d,61.800000,62.100000,61.550000,61.900000,,117973409,FinMind
0050,TWSE,元大台灣50,2025-12-19,1d,62.400000,62.750000,62.350000,62.500000,,81027467,FinMind
0050,TWSE,元大台灣50,2025-12-22,1d,63.300000,63.450000,63.050000,63.400000,,93882538,FinMind
0050,TWSE,元大台灣50,2025-12-23,1d,63.500000,63.800000,63.500000,63.700000,,101867829,FinMind
0050,TWSE,元大台灣50,2025-12-24,1d,63.950000,64.050000,63.750000,63.850000,,64106420,FinMind
0050,TWSE,元大台灣50,2025-12-26,1d,64.200000,64.500000,64.100000,64.400000,,70816194,FinMind
0050,TWSE,元大台灣50,2025-12-29,1d,64.650000,65.350000,64.600000,65.250000,,86510015,FinMind
0050,TWSE,元大台灣50,2025-12-30,1d,64.900000,65.300000,64.750000,65.150000,,61058197,FinMind
0050,TWSE,元大台灣50,2025-12-31,1d,65.100000,65.850000,64.900000,65.600000,,71868485,FinMind
0050,TWSE,元大台灣50,2026-01-02,1d,66.000000,67.000000,65.800000,66.950000,,81135717,FinMind
0050,TWSE,元大台灣50,2026-01-05,1d,68.100000,70.050000,68.050000,69.500000,,232910010,FinMind
0050,TWSE,元大台灣50,2026-01-06,1d,69.450000,70.400000,68.950000,70.400000,,130176548,FinMind
0050,TWSE,元大台灣50,2026-01-07,1d,70.400000,70.450000,69.700000,69.850000,,122267721,FinMind
0050,TWSE,元大台灣50,2026-01-08,1d,69.650000,70.350000,69.400000,70.100000,,74866080,FinMind
0050,TWSE,元大台灣50,2026-01-09,1d,69.800000,70.250000,68.900000,69.850000,,113278257,FinMind
0050,TWSE,元大台灣50,2026-01-12,1d,70.500000,70.550000,70.050000,70.350000,,84346348,FinMind
0050,TWSE,元大台灣50,2026-01-13,1d,71.100000,71.200000,70.300000,70.700000,,103565147,FinMind
0050,TWSE,元大台灣50,2026-01-14,1d,70.950000,71.100000,70.650000,70.750000,,86322515,FinMind
0050,TWSE,元大台灣50,2026-01-15,1d,70.700000,70.700000,70.150000,70.650000,,97455363,FinMind
0050,TWSE,元大台灣50,2026-01-16,1d,71.750000,72.100000,71.200000,72.000000,,101069992,FinMind
0050,TWSE,元大台灣50,2026-01-19,1d,71.700000,72.800000,71.450000,72.600000,,122970595,FinMind
0050,TWSE,元大台灣50,2026-01-20,1d,71.900000,72.650000,71.850000,72.600000,,111046335,FinMind
0050,TWSE,元大台灣50,2026-01-21,1d,71.800000,72.500000,71.700000,71.850000,,173683092,FinMind
0050,TWSE,元大台灣50,2026-01-22,1d,71.900000,72.050000,71.600000,71.800000,,101703005,FinMind
0050,TWSE,元大台灣50,2026-01-23,1d,72.100000,72.300000,71.800000,72.250000,,70983017,FinMind
0050,TWSE,元大台灣50,2026-01-26,1d,72.250000,72.650000,72.200000,72.250000,,87992466,FinMind
0050,TWSE,元大台灣50,2026-01-27,1d,72.400000,73.150000,72.350000,73.050000,,73059634,FinMind
0050,TWSE,元大台灣50,2026-01-28,1d,73.550000,74.200000,73.500000,74.200000,,90901846,FinMind
0050,TWSE,元大台灣50,2026-01-29,1d,74.400000,74.500000,73.500000,73.750000,,119914950,FinMind
0050,TWSE,元大台灣50,2026-01-30,1d,73.150000,73.200000,72.300000,72.600000,,175275799,FinMind
0050,TWSE,元大台灣50,2026-02-02,1d,71.550000,71.750000,70.900000,71.500000,,234325396,FinMind
0050,TWSE,元大台灣50,2026-02-03,1d,73.000000,73.050000,72.400000,72.950000,,73734001,FinMind
0050,TWSE,元大台灣50,2026-02-04,1d,72.400000,73.150000,72.300000,72.900000,,59733704,FinMind
0050,TWSE,元大台灣50,2026-02-05,1d,72.050000,72.250000,71.750000,72.000000,,107575796,FinMind
0050,TWSE,元大台灣50,2026-02-06,1d,71.400000,72.250000,70.800000,71.900000,,110883112,FinMind
0050,TWSE,元大台灣50,2026-02-09,1d,74.050000,74.150000,73.750000,73.950000,,122340661,FinMind
0050,TWSE,元大台灣50,2026-02-10,1d,74.650000,75.500000,74.600000,75.500000,,102315945,FinMind
0050,TWSE,元大台灣50,2026-02-11,1d,75.900000,77.450000,75.900000,77.200000,,120639150,FinMind
0050,TWSE,元大台灣50,2026-02-23,1d,78.450000,78.450000,77.200000,77.400000,,227936939,FinMind
0050,TWSE,元大台灣50,2026-02-24,1d,77.950000,79.650000,77.850000,79.400000,,150367766,FinMind
0050,TWSE,元大台灣50,2026-02-25,1d,80.350000,81.800000,80.250000,81.100000,,167423484,FinMind
0050,TWSE,元大台灣50,2026-02-26,1d,81.250000,81.500000,80.800000,81.150000,,133517321,FinMind
0050,TWSE,元大台灣50,2026-03-02,1d,79.500000,80.800000,79.150000,80.350000,,224651381,FinMind
0050,TWSE,元大台灣50,2026-03-03,1d,80.050000,80.400000,78.650000,78.750000,,324317518,FinMind
0050,TWSE,元大台灣50,2026-03-04,1d,77.400000,77.450000,75.500000,75.600000,,505217770,FinMind
0050,TWSE,元大台灣50,2026-03-05,1d,78.300000,78.850000,76.700000,77.400000,,207004644,FinMind
0050,TWSE,元大台灣50,2026-03-06,1d,76.800000,77.300000,76.300000,76.850000,,151611764,FinMind
0050,TWSE,元大台灣50,2026-03-09,1d,73.150000,73.600000,71.650000,73.600000,,542230074,FinMind
0050,TWSE,元大台灣50,2026-03-10,1d,75.900000,76.250000,74.300000,75.200000,,173870150,FinMind
0050,TWSE,元大台灣50,2026-03-11,1d,76.300000,78.500000,76.100000,78.200000,,151798656,FinMind
0050,TWSE,元大台灣50,2026-03-12,1d,77.100000,77.600000,76.350000,76.600000,,131518817,FinMind
0050,TWSE,元大台灣50,2026-03-13,1d,75.150000,76.550000,75.000000,75.950000,,115111624,FinMind
0050,TWSE,元大台灣50,2026-03-16,1d,76.300000,76.700000,75.450000,75.600000,,105392137,FinMind
0050,TWSE,元大台灣50,2026-03-17,1d,76.450000,77.000000,76.300000,76.650000,,63986997,FinMind
0050,TWSE,元大台灣50,2026-03-18,1d,77.750000,78.050000,77.450000,77.800000,,78000193,FinMind
0050,TWSE,元大台灣50,2026-03-19,1d,76.600000,76.800000,75.950000,76.000000,,141733755,FinMind
0050,TWSE,元大台灣50,2026-03-20,1d,76.200000,76.400000,75.500000,75.900000,,72638922,FinMind
0050,TWSE,元大台灣50,2026-03-23,1d,73.500000,74.450000,73.300000,74.250000,,233385121,FinMind
0050,TWSE,元大台灣50,2026-03-24,1d,75.500000,75.600000,73.800000,74.400000,,90466270,FinMind
0050,TWSE,元大台灣50,2026-03-25,1d,76.350000,76.650000,76.000000,76.200000,,94344080,FinMind
0050,TWSE,元大台灣50,2026-03-26,1d,76.300000,76.850000,75.600000,75.800000,,80069071,FinMind
0050,TWSE,元大台灣50,2026-03-27,1d,74.450000,75.100000,74.100000,75.000000,,115798710,FinMind
0050,TWSE,元大台灣50,2026-03-30,1d,73.300000,74.050000,72.800000,73.900000,,175515568,FinMind
0050,TWSE,元大台灣50,2026-03-31,1d,73.350000,73.450000,72.150000,72.350000,,257738774,FinMind
0050,TWSE,元大台灣50,2026-04-01,1d,75.000000,75.600000,74.600000,75.450000,,130698663,FinMind
0050,TWSE,元大台灣50,2026-04-02,1d,75.900000,76.050000,73.800000,73.950000,,113976137,FinMind
0050,TWSE,元大台灣50,2026-04-07,1d,75.150000,75.450000,74.650000,75.300000,,80449813,FinMind
0050,TWSE,元大台灣50,2026-04-08,1d,78.100000,79.250000,78.100000,79.200000,,235675856,FinMind
0050,TWSE,元大台灣50,2026-04-09,1d,79.300000,79.400000,78.800000,79.150000,,95094893,FinMind
0050,TWSE,元大台灣50,2026-04-10,1d,80.000000,80.800000,79.950000,80.750000,,120838644,FinMind
0050,TWSE,元大台灣50,2026-04-13,1d,80.600000,81.000000,80.400000,80.600000,,91689847,FinMind
0050,TWSE,元大台灣50,2026-04-14,1d,81.750000,83.200000,81.750000,83.100000,,129128623,FinMind
0050,TWSE,元大台灣50,2026-04-15,1d,84.100000,85.100000,83.800000,84.150000,,127729350,FinMind
0050,TWSE,元大台灣50,2026-04-16,1d,84.750000,85.100000,84.150000,85.000000,,80696269,FinMind
0050,TWSE,元大台灣50,2026-04-17,1d,84.200000,84.500000,84.000000,84.150000,,101258031,FinMind
0050,TWSE,元大台灣50,2026-04-20,1d,84.550000,85.100000,84.450000,84.550000,,100551500,FinMind
0050,TWSE,元大台灣50,2026-04-21,1d,85.500000,86.100000,85.000000,86.000000,,75557759,FinMind
0050,TWSE,元大台灣50,2026-04-22,1d,85.750000,86.600000,85.550000,86.350000,,67544248,FinMind
0050,TWSE,元大台灣50,2026-04-23,1d,87.650000,88.800000,85.150000,86.350000,,156715780,FinMind
0050,TWSE,元大台灣50,2026-04-24,1d,87.600000,89.950000,87.550000,89.950000,,129885911,FinMind
0050,TWSE,元大台灣50,2026-04-27,1d,92.700000,94.250000,92.700000,93.000000,,192038103,FinMind
0050,TWSE,元大台灣50,2026-04-28,1d,92.550000,93.650000,91.900000,92.000000,,126301332,FinMind
0050,TWSE,元大台灣50,2026-04-29,1d,90.700000,91.500000,90.000000,90.750000,,103795530,FinMind
0050,TWSE,元大台灣50,2026-04-30,1d,91.250000,91.900000,90.300000,90.500000,,89209769,FinMind
0050,TWSE,元大台灣50,2026-05-04,1d,92.500000,94.650000,92.400000,94.600000,,125270935,FinMind
0050,TWSE,元大台灣50,2026-05-05,1d,94.400000,94.750000,94.000000,94.600000,,82851869,FinMind
0050,TWSE,元大台灣50,2026-05-06,1d,96.050000,96.900000,94.700000,95.750000,,111759164,FinMind
0050,TWSE,元大台灣50,2026-05-07,1d,97.950000,98.400000,97.400000,97.700000,,117152238,FinMind
0050,TWSE,元大台灣50,2026-05-08,1d,97.350000,97.700000,95.850000,97.000000,,131188123,FinMind
0050,TWSE,元大台灣50,2026-05-11,1d,96.650000,97.150000,96.500000,96.900000,,96606391,FinMind
0050,TWSE,元大台灣50,2026-05-12,1d,96.850000,97.350000,95.500000,96.850000,,102303450,FinMind
0050,TWSE,元大台灣50,2026-05-13,1d,94.850000,95.800000,94.700000,95.500000,,130654061,FinMind
0050,TWSE,元大台灣50,2026-05-14,1d,96.900000,97.200000,95.750000,96.050000,,57229209,FinMind
0050,TWSE,元大台灣50,2026-05-15,1d,97.650000,98.250000,95.200000,95.400000,,98132989,FinMind
0050,TWSE,元大台灣50,2026-05-18,1d,94.000000,95.200000,93.300000,94.900000,,118571453,FinMind
0050,TWSE,元大台灣50,2026-05-19,1d,94.350000,94.700000,93.100000,93.100000,,135939820,FinMind
0050,TWSE,元大台灣50,2026-05-20,1d,93.000000,93.500000,92.450000,92.500000,,121650308,FinMind
0050,TWSE,元大台灣50,2026-05-21,1d,94.800000,96.050000,94.700000,95.850000,,62215954,FinMind
0050,TWSE,元大台灣50,2026-05-22,1d,96.300000,97.300000,96.000000,97.300000,,64288280,FinMind
0050,TWSE,元大台灣50,2026-05-25,1d,99.550000,101.000000,99.550000,100.800000,,129483256,FinMind
0050,TWSE,元大台灣50,2026-05-26,1d,101.600000,101.800000,100.100000,100.100000,,93560313,FinMind
0050,TWSE,元大台灣50,2026-05-27,1d,102.400000,103.900000,102.000000,102.550000,,94959812,FinMind
0050,TWSE,元大台灣50,2026-05-28,1d,104.000000,104.250000,100.100000,100.500000,,152915695,FinMind
0050,TWSE,元大台灣50,2026-05-29,1d,103.200000,105.400000,102.700000,105.400000,,102355526,FinMind
0050,TWSE,元大台灣50,2026-06-01,1d,105.250000,106.700000,104.500000,105.500000,,135817122,FinMind
0050,TWSE,元大台灣50,2026-06-02,1d,106.300000,106.300000,104.200000,105.700000,,117160979,FinMind
0050,TWSE,元大台灣50,2026-06-03,1d,107.300000,107.850000,107.100000,107.600000,,79592362,FinMind
1301,TWSE,台塑,2025-06-03,1d,33.500000,33.950000,33.200000,33.350000,,8654807,FinMind
1301,TWSE,台塑,2025-06-04,1d,33.600000,34.100000,33.550000,33.650000,,9343520,FinMind
1301,TWSE,台塑,2025-06-05,1d,33.650000,34.450000,33.350000,34.300000,,8882724,FinMind
1301,TWSE,台塑,2025-06-06,1d,34.300000,35.400000,34.100000,35.300000,,10696691,FinMind
1301,TWSE,台塑,2025-06-09,1d,35.600000,35.600000,34.750000,35.300000,,6104094,FinMind
1301,TWSE,台塑,2025-06-10,1d,35.050000,36.500000,35.050000,35.750000,,14668277,FinMind
1301,TWSE,台塑,2025-06-11,1d,35.900000,36.150000,35.400000,35.950000,,6137636,FinMind
1301,TWSE,台塑,2025-06-12,1d,35.950000,36.700000,35.900000,36.350000,,10403317,FinMind
1301,TWSE,台塑,2025-06-13,1d,36.650000,36.900000,35.750000,36.750000,,19079654,FinMind
1301,TWSE,台塑,2025-06-16,1d,37.000000,38.350000,36.050000,37.500000,,35235141,FinMind
1301,TWSE,台塑,2025-06-17,1d,37.550000,37.600000,35.900000,36.000000,,23948251,FinMind
1301,TWSE,台塑,2025-06-18,1d,36.250000,36.350000,35.400000,35.550000,,12634708,FinMind
1301,TWSE,台塑,2025-06-19,1d,35.500000,35.700000,34.400000,34.400000,,15424679,FinMind
1301,TWSE,台塑,2025-06-20,1d,34.450000,35.000000,34.150000,34.200000,,35495759,FinMind
1301,TWSE,台塑,2025-06-23,1d,34.500000,34.800000,33.550000,34.750000,,15680913,FinMind
1301,TWSE,台塑,2025-06-24,1d,34.600000,35.350000,34.350000,35.200000,,15060576,FinMind
1301,TWSE,台塑,2025-06-25,1d,35.300000,35.600000,34.850000,35.050000,,8868176,FinMind
1301,TWSE,台塑,2025-06-26,1d,35.100000,36.300000,35.100000,35.500000,,15508571,FinMind
1301,TWSE,台塑,2025-06-27,1d,35.750000,36.000000,34.850000,35.250000,,13630795,FinMind
1301,TWSE,台塑,2025-06-30,1d,35.000000,35.200000,34.350000,34.850000,,11783762,FinMind
1301,TWSE,台塑,2025-07-01,1d,34.850000,36.000000,34.850000,35.600000,,12450327,FinMind
1301,TWSE,台塑,2025-07-02,1d,35.350000,36.050000,35.350000,36.000000,,7401495,FinMind
1301,TWSE,台塑,2025-07-03,1d,35.900000,36.550000,35.900000,36.300000,,10292315,FinMind
1301,TWSE,台塑,2025-07-04,1d,36.300000,36.550000,36.050000,36.300000,,5328501,FinMind
1301,TWSE,台塑,2025-07-07,1d,36.150000,36.200000,35.000000,35.200000,,10463098,FinMind
1301,TWSE,台塑,2025-07-08,1d,35.400000,35.700000,34.550000,34.600000,,8343659,FinMind
1301,TWSE,台塑,2025-07-09,1d,34.550000,34.700000,34.200000,34.200000,,8471603,FinMind
1301,TWSE,台塑,2025-07-10,1d,34.550000,34.800000,34.200000,34.500000,,5757413,FinMind
1301,TWSE,台塑,2025-07-11,1d,34.100000,34.300000,33.400000,34.000000,,13194758,FinMind
1301,TWSE,台塑,2025-07-14,1d,34.200000,36.000000,34.200000,35.700000,,25896441,FinMind
1301,TWSE,台塑,2025-07-15,1d,35.750000,37.200000,35.600000,35.950000,,40038161,FinMind
1301,TWSE,台塑,2025-07-16,1d,36.000000,36.350000,35.300000,35.400000,,20952424,FinMind
1301,TWSE,台塑,2025-07-17,1d,35.700000,37.900000,35.550000,37.750000,,46587626,FinMind
1301,TWSE,台塑,2025-07-18,1d,38.000000,39.450000,37.850000,38.800000,,57976110,FinMind
1301,TWSE,台塑,2025-07-21,1d,38.500000,39.500000,38.450000,38.900000,,29939732,FinMind
1301,TWSE,台塑,2025-07-22,1d,39.100000,39.800000,38.500000,38.950000,,29253640,FinMind
1301,TWSE,台塑,2025-07-23,1d,39.000000,40.400000,38.800000,40.200000,,34691734,FinMind
1301,TWSE,台塑,2025-07-24,1d,40.600000,40.600000,38.650000,39.300000,,37297728,FinMind
1301,TWSE,台塑,2025-07-25,1d,39.300000,39.750000,38.850000,39.250000,,20061956,FinMind
1301,TWSE,台塑,2025-07-28,1d,39.300000,40.900000,38.750000,40.050000,,42302496,FinMind
1301,TWSE,台塑,2025-07-29,1d,40.150000,40.150000,38.750000,38.800000,,26820072,FinMind
1301,TWSE,台塑,2025-07-30,1d,39.050000,42.650000,39.050000,42.650000,,64585068,FinMind
1301,TWSE,台塑,2025-07-31,1d,43.150000,43.200000,41.950000,42.650000,,73833930,FinMind
1301,TWSE,台塑,2025-08-01,1d,41.800000,42.250000,40.600000,40.700000,,50445289,FinMind
1301,TWSE,台塑,2025-08-04,1d,39.550000,39.550000,37.050000,37.850000,,64385687,FinMind
1301,TWSE,台塑,2025-08-05,1d,38.250000,38.400000,37.250000,37.450000,,33104093,FinMind
1301,TWSE,台塑,2025-08-06,1d,37.450000,39.100000,37.300000,38.400000,,38982864,FinMind
1301,TWSE,台塑,2025-08-07,1d,38.400000,38.950000,38.050000,38.200000,,18649785,FinMind
1301,TWSE,台塑,2025-08-08,1d,38.150000,38.250000,37.400000,37.550000,,18591299,FinMind
1301,TWSE,台塑,2025-08-11,1d,36.950000,38.500000,36.400000,38.450000,,27771683,FinMind
1301,TWSE,台塑,2025-08-12,1d,39.000000,40.850000,38.800000,39.700000,,51012045,FinMind
1301,TWSE,台塑,2025-08-13,1d,39.900000,40.750000,39.150000,39.300000,,31909866,FinMind
1301,TWSE,台塑,2025-08-14,1d,39.700000,40.200000,39.250000,39.300000,,19569103,FinMind
1301,TWSE,台塑,2025-08-15,1d,39.500000,40.000000,38.500000,39.750000,,20725433,FinMind
1301,TWSE,台塑,2025-08-18,1d,39.900000,40.950000,39.750000,40.400000,,28624633,FinMind
1301,TWSE,台塑,2025-08-19,1d,40.800000,41.100000,39.150000,39.200000,,22673096,FinMind
1301,TWSE,台塑,2025-08-20,1d,39.050000,39.650000,38.100000,38.100000,,24476792,FinMind
1301,TWSE,台塑,2025-08-21,1d,38.550000,41.200000,38.500000,40.550000,,50834821,FinMind
1301,TWSE,台塑,2025-08-22,1d,40.900000,41.150000,40.300000,40.300000,,23742019,FinMind
1301,TWSE,台塑,2025-08-25,1d,40.800000,40.900000,39.900000,40.000000,,18503625,FinMind
1301,TWSE,台塑,2025-08-26,1d,40.300000,41.150000,39.950000,40.750000,,43913087,FinMind
1301,TWSE,台塑,2025-08-27,1d,40.450000,40.950000,40.000000,40.000000,,22344027,FinMind
1301,TWSE,台塑,2025-08-28,1d,40.200000,40.200000,39.050000,39.100000,,19148548,FinMind
1301,TWSE,台塑,2025-08-29,1d,39.200000,39.600000,38.550000,38.950000,,19058434,FinMind
1301,TWSE,台塑,2025-09-01,1d,38.550000,38.900000,38.100000,38.800000,,17819658,FinMind
1301,TWSE,台塑,2025-09-02,1d,38.900000,39.250000,38.000000,38.050000,,15787094,FinMind
1301,TWSE,台塑,2025-09-03,1d,38.050000,38.400000,37.700000,37.750000,,12719679,FinMind
1301,TWSE,台塑,2025-09-04,1d,38.100000,38.650000,37.800000,38.250000,,9460712,FinMind
1301,TWSE,台塑,2025-09-05,1d,38.250000,38.700000,37.400000,37.800000,,15253376,FinMind
1301,TWSE,台塑,2025-09-08,1d,38.000000,38.500000,37.800000,38.150000,,8511465,FinMind
1301,TWSE,台塑,2025-09-09,1d,38.000000,38.700000,37.850000,38.150000,,12049421,FinMind
1301,TWSE,台塑,2025-09-10,1d,38.400000,38.400000,37.800000,38.150000,,10126612,FinMind
1301,TWSE,台塑,2025-09-11,1d,38.050000,38.100000,37.450000,37.450000,,14080074,FinMind
1301,TWSE,台塑,2025-09-12,1d,37.450000,37.950000,37.450000,37.700000,,8213001,FinMind
1301,TWSE,台塑,2025-09-15,1d,38.200000,38.300000,37.700000,37.750000,,6395396,FinMind
1301,TWSE,台塑,2025-09-16,1d,38.350000,38.450000,37.500000,37.500000,,10513665,FinMind
1301,TWSE,台塑,2025-09-17,1d,37.500000,38.200000,37.400000,37.400000,,10382357,FinMind
1301,TWSE,台塑,2025-09-18,1d,37.450000,37.650000,37.350000,37.350000,,7478369,FinMind
1301,TWSE,台塑,2025-09-19,1d,37.500000,38.500000,37.450000,38.400000,,17177970,FinMind
1301,TWSE,台塑,2025-09-22,1d,38.600000,38.700000,38.050000,38.650000,,10578931,FinMind
1301,TWSE,台塑,2025-09-23,1d,38.750000,39.200000,38.500000,38.600000,,11586075,FinMind
1301,TWSE,台塑,2025-09-24,1d,38.850000,38.850000,37.900000,38.050000,,8837544,FinMind
1301,TWSE,台塑,2025-09-25,1d,38.050000,39.000000,38.000000,38.900000,,15648611,FinMind
1301,TWSE,台塑,2025-09-26,1d,38.900000,38.950000,38.000000,38.400000,,8355317,FinMind
1301,TWSE,台塑,2025-09-30,1d,38.850000,39.200000,38.500000,38.550000,,10088827,FinMind
1301,TWSE,台塑,2025-10-01,1d,38.600000,38.950000,38.250000,38.250000,,6379986,FinMind
1301,TWSE,台塑,2025-10-02,1d,38.550000,38.550000,37.500000,37.500000,,12248374,FinMind
1301,TWSE,台塑,2025-10-03,1d,37.550000,37.550000,36.400000,36.650000,,20022608,FinMind
1301,TWSE,台塑,2025-10-07,1d,36.550000,38.150000,36.250000,37.500000,,22810779,FinMind
1301,TWSE,台塑,2025-10-08,1d,37.600000,38.750000,37.600000,38.750000,,17672890,FinMind
1301,TWSE,台塑,2025-10-09,1d,38.750000,39.400000,38.550000,39.150000,,24201936,FinMind
1301,TWSE,台塑,2025-10-13,1d,38.400000,38.450000,37.550000,38.200000,,16846304,FinMind
1301,TWSE,台塑,2025-10-14,1d,38.300000,38.650000,37.350000,37.350000,,17304140,FinMind
1301,TWSE,台塑,2025-10-15,1d,37.500000,37.600000,36.700000,37.000000,,13406020,FinMind
1301,TWSE,台塑,2025-10-16,1d,37.000000,37.850000,37.000000,37.450000,,8544930,FinMind
1301,TWSE,台塑,2025-10-17,1d,37.400000,39.650000,37.350000,38.900000,,29097863,FinMind
1301,TWSE,台塑,2025-10-20,1d,39.050000,39.700000,38.600000,38.850000,,12653240,FinMind
1301,TWSE,台塑,2025-10-21,1d,39.100000,39.350000,38.350000,38.450000,,9358944,FinMind
1301,TWSE,台塑,2025-10-22,1d,38.450000,39.450000,38.450000,38.950000,,11221441,FinMind
1301,TWSE,台塑,2025-10-23,1d,39.250000,40.800000,38.850000,40.200000,,38882640,FinMind
1301,TWSE,台塑,2025-10-27,1d,40.800000,41.250000,39.900000,40.000000,,22892855,FinMind
1301,TWSE,台塑,2025-10-28,1d,40.000000,40.200000,39.150000,39.700000,,17149362,FinMind
1301,TWSE,台塑,2025-10-29,1d,39.800000,39.850000,39.150000,39.150000,,9282843,FinMind
1301,TWSE,台塑,2025-10-30,1d,39.500000,39.650000,38.700000,39.200000,,10955854,FinMind
1301,TWSE,台塑,2025-10-31,1d,39.300000,39.300000,38.050000,38.100000,,19292807,FinMind
1301,TWSE,台塑,2025-11-03,1d,38.100000,38.350000,37.650000,37.700000,,14406227,FinMind
1301,TWSE,台塑,2025-11-04,1d,38.050000,38.500000,37.600000,37.650000,,15366610,FinMind
1301,TWSE,台塑,2025-11-05,1d,37.400000,37.450000,36.500000,36.850000,,32716634,FinMind
1301,TWSE,台塑,2025-11-06,1d,36.950000,37.550000,36.700000,37.350000,,17403450,FinMind
1301,TWSE,台塑,2025-11-07,1d,37.350000,39.100000,37.100000,38.600000,,25432935,FinMind
1301,TWSE,台塑,2025-11-10,1d,38.600000,39.250000,38.000000,39.000000,,16588523,FinMind
1301,TWSE,台塑,2025-11-11,1d,39.250000,41.000000,39.050000,39.900000,,42194951,FinMind
1301,TWSE,台塑,2025-11-12,1d,40.200000,41.900000,39.600000,41.350000,,55869588,FinMind
1301,TWSE,台塑,2025-11-13,1d,41.400000,44.100000,41.100000,42.650000,,87838792,FinMind
1301,TWSE,台塑,2025-11-14,1d,42.000000,43.100000,41.600000,42.550000,,39072371,FinMind
1301,TWSE,台塑,2025-11-17,1d,42.500000,43.950000,42.000000,43.100000,,42125209,FinMind
1301,TWSE,台塑,2025-11-18,1d,42.700000,43.100000,41.300000,41.500000,,37900395,FinMind
1301,TWSE,台塑,2025-11-19,1d,41.000000,41.250000,40.050000,40.050000,,31862818,FinMind
1301,TWSE,台塑,2025-11-20,1d,40.850000,42.250000,40.400000,41.300000,,22670010,FinMind
1301,TWSE,台塑,2025-11-21,1d,40.600000,41.150000,39.800000,40.000000,,20567995,FinMind
1301,TWSE,台塑,2025-11-24,1d,40.350000,40.850000,39.600000,40.500000,,18819471,FinMind
1301,TWSE,台塑,2025-11-25,1d,41.000000,41.000000,38.400000,38.900000,,30337777,FinMind
1301,TWSE,台塑,2025-11-26,1d,39.050000,39.700000,38.900000,39.500000,,12828376,FinMind
1301,TWSE,台塑,2025-11-27,1d,39.450000,41.750000,39.450000,41.550000,,29933639,FinMind
1301,TWSE,台塑,2025-11-28,1d,41.600000,42.250000,41.150000,41.650000,,22553224,FinMind
1301,TWSE,台塑,2025-12-01,1d,41.650000,42.600000,41.650000,41.900000,,23016544,FinMind
1301,TWSE,台塑,2025-12-02,1d,42.200000,44.400000,42.050000,43.450000,,45852419,FinMind
1301,TWSE,台塑,2025-12-03,1d,43.800000,44.600000,43.050000,43.850000,,43170094,FinMind
1301,TWSE,台塑,2025-12-04,1d,44.500000,44.800000,42.250000,42.800000,,32873909,FinMind
1301,TWSE,台塑,2025-12-05,1d,42.600000,42.600000,41.600000,42.150000,,17922413,FinMind
1301,TWSE,台塑,2025-12-08,1d,42.150000,42.300000,41.500000,41.900000,,11731744,FinMind
1301,TWSE,台塑,2025-12-09,1d,41.450000,41.500000,40.250000,40.300000,,26127834,FinMind
1301,TWSE,台塑,2025-12-10,1d,40.300000,40.600000,39.800000,39.800000,,16033863,FinMind
1301,TWSE,台塑,2025-12-11,1d,40.000000,40.200000,39.450000,39.850000,,14845130,FinMind
1301,TWSE,台塑,2025-12-12,1d,40.250000,40.400000,39.700000,39.900000,,14108850,FinMind
1301,TWSE,台塑,2025-12-15,1d,39.750000,41.400000,39.550000,40.900000,,23248271,FinMind
1301,TWSE,台塑,2025-12-16,1d,40.750000,41.150000,40.100000,40.150000,,16846031,FinMind
1301,TWSE,台塑,2025-12-17,1d,40.800000,41.150000,39.700000,39.900000,,16954278,FinMind
1301,TWSE,台塑,2025-12-18,1d,40.350000,40.650000,39.650000,39.650000,,12630239,FinMind
1301,TWSE,台塑,2025-12-19,1d,40.000000,40.250000,39.800000,40.000000,,10353201,FinMind
1301,TWSE,台塑,2025-12-22,1d,40.200000,40.550000,40.100000,40.150000,,8356579,FinMind
1301,TWSE,台塑,2025-12-23,1d,40.300000,40.500000,39.650000,40.100000,,9438719,FinMind
1301,TWSE,台塑,2025-12-24,1d,40.350000,40.450000,39.700000,39.750000,,9272137,FinMind
1301,TWSE,台塑,2025-12-26,1d,40.050000,40.050000,39.650000,39.750000,,5343576,FinMind
1301,TWSE,台塑,2025-12-29,1d,39.850000,40.350000,39.400000,39.500000,,14655829,FinMind
1301,TWSE,台塑,2025-12-30,1d,39.600000,39.650000,38.700000,39.100000,,15982802,FinMind
1301,TWSE,台塑,2025-12-31,1d,39.200000,39.400000,38.800000,39.000000,,10619995,FinMind
1301,TWSE,台塑,2026-01-02,1d,39.300000,39.300000,38.200000,38.450000,,20388290,FinMind
1301,TWSE,台塑,2026-01-05,1d,38.450000,38.650000,37.900000,38.000000,,16752075,FinMind
1301,TWSE,台塑,2026-01-06,1d,38.000000,38.800000,38.000000,38.200000,,18619258,FinMind
1301,TWSE,台塑,2026-01-07,1d,38.550000,41.100000,38.550000,40.650000,,53964617,FinMind
1301,TWSE,台塑,2026-01-08,1d,41.400000,43.500000,41.300000,41.700000,,65083157,FinMind
1301,TWSE,台塑,2026-01-09,1d,42.550000,43.700000,40.500000,41.000000,,48332377,FinMind
1301,TWSE,台塑,2026-01-12,1d,41.850000,42.450000,40.950000,41.500000,,26875389,FinMind
1301,TWSE,台塑,2026-01-13,1d,40.750000,40.800000,39.650000,40.200000,,41366639,FinMind
1301,TWSE,台塑,2026-01-14,1d,40.200000,41.150000,40.050000,41.050000,,24551530,FinMind
1301,TWSE,台塑,2026-01-15,1d,40.950000,42.800000,40.900000,42.600000,,57892469,FinMind
1301,TWSE,台塑,2026-01-16,1d,42.900000,43.400000,42.600000,43.000000,,42821742,FinMind
1301,TWSE,台塑,2026-01-19,1d,43.000000,43.950000,42.350000,43.700000,,34318610,FinMind
1301,TWSE,台塑,2026-01-20,1d,43.000000,43.600000,42.250000,42.400000,,25957300,FinMind
1301,TWSE,台塑,2026-01-21,1d,42.000000,42.700000,41.600000,41.850000,,16197168,FinMind
1301,TWSE,台塑,2026-01-22,1d,42.300000,43.700000,42.250000,43.600000,,36162422,FinMind
1301,TWSE,台塑,2026-01-23,1d,43.800000,45.000000,43.500000,44.400000,,46245828,FinMind
1301,TWSE,台塑,2026-01-26,1d,44.900000,48.800000,44.850000,48.800000,,89416465,FinMind
1301,TWSE,台塑,2026-01-27,1d,51.200000,52.100000,48.850000,51.000000,,191580149,FinMind
1301,TWSE,台塑,2026-01-28,1d,51.300000,52.800000,50.500000,51.300000,,95054642,FinMind
1301,TWSE,台塑,2026-01-29,1d,51.700000,52.400000,49.100000,49.300000,,65858594,FinMind
1301,TWSE,台塑,2026-01-30,1d,49.600000,50.100000,47.150000,47.300000,,48871528,FinMind
1301,TWSE,台塑,2026-02-02,1d,46.550000,46.900000,43.700000,44.300000,,47493988,FinMind
1301,TWSE,台塑,2026-02-03,1d,45.000000,45.850000,44.700000,44.950000,,27804793,FinMind
1301,TWSE,台塑,2026-02-04,1d,44.950000,47.450000,44.850000,46.850000,,27533367,FinMind
1301,TWSE,台塑,2026-02-05,1d,47.200000,47.950000,46.800000,47.200000,,26193865,FinMind
1301,TWSE,台塑,2026-02-06,1d,46.950000,47.550000,45.300000,45.750000,,37569047,FinMind
1301,TWSE,台塑,2026-02-09,1d,46.200000,47.400000,45.650000,46.650000,,27638769,FinMind
1301,TWSE,台塑,2026-02-10,1d,46.900000,46.950000,45.000000,45.400000,,22830688,FinMind
1301,TWSE,台塑,2026-02-11,1d,45.550000,46.900000,45.400000,46.500000,,22737416,FinMind
1301,TWSE,台塑,2026-02-23,1d,47.100000,47.400000,46.400000,47.050000,,25903622,FinMind
1301,TWSE,台塑,2026-02-24,1d,47.650000,48.950000,46.900000,48.600000,,34160318,FinMind
1301,TWSE,台塑,2026-02-25,1d,49.250000,53.400000,49.000000,53.400000,,106167338,FinMind
1301,TWSE,台塑,2026-02-26,1d,53.000000,53.200000,50.900000,51.600000,,68859027,FinMind
1301,TWSE,台塑,2026-03-02,1d,53.700000,54.500000,50.600000,50.700000,,87866805,FinMind
1301,TWSE,台塑,2026-03-03,1d,51.000000,52.500000,49.300000,49.950000,,37573111,FinMind
1301,TWSE,台塑,2026-03-04,1d,49.250000,49.950000,46.700000,46.950000,,39385153,FinMind
1301,TWSE,台塑,2026-03-05,1d,48.400000,48.400000,46.300000,47.400000,,30914896,FinMind
1301,TWSE,台塑,2026-03-06,1d,46.750000,50.300000,46.750000,50.200000,,38820011,FinMind
1301,TWSE,台塑,2026-03-09,1d,53.400000,54.800000,46.100000,47.350000,,151865647,FinMind
1301,TWSE,台塑,2026-03-10,1d,47.200000,48.300000,46.200000,46.500000,,42865000,FinMind
1301,TWSE,台塑,2026-03-11,1d,47.000000,47.300000,46.000000,47.150000,,22657440,FinMind
1301,TWSE,台塑,2026-03-12,1d,47.700000,48.000000,45.050000,46.250000,,46224591,FinMind
1301,TWSE,台塑,2026-03-13,1d,45.200000,46.600000,45.100000,45.500000,,26565686,FinMind
1301,TWSE,台塑,2026-03-16,1d,46.100000,47.400000,45.850000,46.850000,,36741588,FinMind
1301,TWSE,台塑,2026-03-17,1d,47.050000,47.650000,46.400000,46.450000,,23562577,FinMind
1301,TWSE,台塑,2026-03-18,1d,46.700000,47.850000,46.650000,47.300000,,31246252,FinMind
1301,TWSE,台塑,2026-03-19,1d,47.950000,50.500000,46.900000,48.600000,,66981087,FinMind
1301,TWSE,台塑,2026-03-20,1d,49.000000,49.700000,47.350000,47.600000,,44047194,FinMind
1301,TWSE,台塑,2026-03-23,1d,47.250000,48.000000,44.750000,44.750000,,47616296,FinMind
1301,TWSE,台塑,2026-03-24,1d,45.350000,45.650000,44.650000,45.050000,,15443975,FinMind
1301,TWSE,台塑,2026-03-25,1d,45.950000,46.400000,45.000000,45.650000,,16758109,FinMind
1301,TWSE,台塑,2026-03-26,1d,46.000000,48.750000,46.000000,47.450000,,39961779,FinMind
1301,TWSE,台塑,2026-03-27,1d,48.000000,48.150000,46.750000,46.900000,,19772835,FinMind
1301,TWSE,台塑,2026-03-30,1d,46.600000,49.300000,46.500000,48.250000,,59280258,FinMind
1301,TWSE,台塑,2026-03-31,1d,48.300000,48.800000,45.500000,45.900000,,47148891,FinMind
1301,TWSE,台塑,2026-04-01,1d,46.500000,47.200000,46.200000,46.650000,,21906880,FinMind
1301,TWSE,台塑,2026-04-02,1d,46.600000,46.850000,45.750000,45.900000,,17355217,FinMind
1301,TWSE,台塑,2026-04-07,1d,46.600000,48.400000,46.350000,47.500000,,30536590,FinMind
1301,TWSE,台塑,2026-04-08,1d,47.200000,47.250000,46.050000,47.200000,,29815490,FinMind
1301,TWSE,台塑,2026-04-09,1d,47.100000,47.950000,46.800000,47.400000,,21133182,FinMind
1301,TWSE,台塑,2026-04-10,1d,47.900000,47.900000,46.400000,46.950000,,15739912,FinMind
1301,TWSE,台塑,2026-04-13,1d,47.500000,51.600000,47.150000,51.400000,,90011341,FinMind
1301,TWSE,台塑,2026-04-14,1d,51.200000,55.500000,50.600000,54.300000,,113652609,FinMind
1301,TWSE,台塑,2026-04-15,1d,54.300000,54.400000,51.900000,52.300000,,45995685,FinMind
1301,TWSE,台塑,2026-04-16,1d,53.000000,54.500000,51.700000,54.500000,,40659384,FinMind
1301,TWSE,台塑,2026-04-17,1d,54.800000,56.300000,52.800000,53.400000,,34349730,FinMind
1301,TWSE,台塑,2026-04-20,1d,54.000000,54.500000,51.900000,52.600000,,22296453,FinMind
1301,TWSE,台塑,2026-04-21,1d,52.700000,53.000000,51.600000,51.800000,,21150277,FinMind
1301,TWSE,台塑,2026-04-22,1d,52.000000,52.500000,51.200000,51.900000,,15258175,FinMind
1301,TWSE,台塑,2026-04-23,1d,51.900000,52.100000,49.850000,51.000000,,28885805,FinMind
1301,TWSE,台塑,2026-04-24,1d,51.000000,51.300000,49.200000,50.200000,,26002768,FinMind
1301,TWSE,台塑,2026-04-27,1d,49.700000,51.100000,49.450000,50.300000,,16159637,FinMind
1301,TWSE,台塑,2026-04-28,1d,50.500000,52.200000,50.500000,51.100000,,17598425,FinMind
1301,TWSE,台塑,2026-04-29,1d,51.700000,52.400000,51.000000,51.000000,,20097411,FinMind
1301,TWSE,台塑,2026-04-30,1d,51.200000,52.100000,50.600000,51.500000,,20701677,FinMind
1301,TWSE,台塑,2026-05-04,1d,51.800000,52.200000,50.800000,50.800000,,12753712,FinMind
1301,TWSE,台塑,2026-05-05,1d,50.800000,51.900000,50.500000,51.300000,,17212268,FinMind
1301,TWSE,台塑,2026-05-06,1d,51.800000,52.000000,50.600000,50.700000,,20753172,FinMind
1301,TWSE,台塑,2026-05-07,1d,50.700000,50.800000,49.350000,49.550000,,27679070,FinMind
1301,TWSE,台塑,2026-05-08,1d,51.000000,51.300000,48.150000,48.550000,,38566032,FinMind
1301,TWSE,台塑,2026-05-11,1d,48.000000,51.000000,47.950000,49.250000,,18754378,FinMind
1301,TWSE,台塑,2026-05-12,1d,49.550000,49.550000,47.600000,47.650000,,25928865,FinMind
1301,TWSE,台塑,2026-05-13,1d,47.650000,47.700000,46.850000,46.900000,,15755779,FinMind
1301,TWSE,台塑,2026-05-14,1d,46.850000,47.100000,46.000000,46.100000,,18540747,FinMind
1301,TWSE,台塑,2026-05-15,1d,46.200000,46.500000,45.350000,45.700000,,17188990,FinMind
1301,TWSE,台塑,2026-05-18,1d,45.700000,46.200000,45.500000,45.900000,,12003801,FinMind
1301,TWSE,台塑,2026-05-19,1d,46.200000,46.700000,45.900000,45.950000,,12463581,FinMind
1301,TWSE,台塑,2026-05-20,1d,45.950000,46.100000,45.000000,45.400000,,18859105,FinMind
1301,TWSE,台塑,2026-05-21,1d,45.750000,46.300000,45.350000,45.750000,,14628541,FinMind
1301,TWSE,台塑,2026-05-22,1d,45.850000,45.950000,45.200000,45.250000,,12293483,FinMind
1301,TWSE,台塑,2026-05-25,1d,45.450000,45.500000,44.200000,44.800000,,21422060,FinMind
1301,TWSE,台塑,2026-05-26,1d,44.700000,45.700000,44.200000,44.750000,,22123420,FinMind
1301,TWSE,台塑,2026-05-27,1d,44.950000,46.100000,44.900000,45.450000,,21747971,FinMind
1301,TWSE,台塑,2026-05-28,1d,45.800000,45.850000,44.800000,45.050000,,16825189,FinMind
1301,TWSE,台塑,2026-05-29,1d,45.450000,47.900000,45.450000,47.450000,,45838760,FinMind
1301,TWSE,台塑,2026-06-01,1d,47.900000,50.300000,46.400000,50.000000,,65949814,FinMind
1301,TWSE,台塑,2026-06-02,1d,49.750000,51.100000,49.150000,50.900000,,52270283,FinMind
1301,TWSE,台塑,2026-06-03,1d,51.400000,53.400000,50.700000,52.000000,,49981521,FinMind
2308,TWSE,台達電,2025-06-03,1d,374.500000,386.000000,373.000000,379.500000,,14297659,FinMind
2308,TWSE,台達電,2025-06-04,1d,382.000000,389.000000,379.000000,389.000000,,11792090,FinMind
2308,TWSE,台達電,2025-06-05,1d,395.000000,398.500000,390.000000,398.000000,,11531913,FinMind
2308,TWSE,台達電,2025-06-06,1d,395.000000,399.000000,392.500000,396.000000,,8508774,FinMind
2308,TWSE,台達電,2025-06-09,1d,397.500000,398.000000,393.000000,397.500000,,4033914,FinMind
2308,TWSE,台達電,2025-06-10,1d,398.000000,403.500000,398.000000,402.000000,,7200415,FinMind
2308,TWSE,台達電,2025-06-11,1d,402.000000,404.000000,396.500000,402.000000,,6507002,FinMind
2308,TWSE,台達電,2025-06-12,1d,405.500000,405.500000,399.000000,399.500000,,4870057,FinMind
2308,TWSE,台達電,2025-06-13,1d,395.000000,402.500000,393.500000,398.000000,,6341414,FinMind
2308,TWSE,台達電,2025-06-16,1d,398.000000,401.000000,396.500000,400.500000,,5098369,FinMind
2308,TWSE,台達電,2025-06-17,1d,395.000000,398.500000,393.000000,395.000000,,7050928,FinMind
2308,TWSE,台達電,2025-06-18,1d,395.000000,402.000000,394.000000,400.500000,,5709190,FinMind
2308,TWSE,台達電,2025-06-19,1d,400.500000,408.000000,400.500000,404.000000,,9561457,FinMind
2308,TWSE,台達電,2025-06-20,1d,402.000000,406.000000,398.500000,400.000000,,20098029,FinMind
2308,TWSE,台達電,2025-06-23,1d,396.000000,403.000000,396.000000,400.000000,,6204157,FinMind
2308,TWSE,台達電,2025-06-24,1d,402.000000,418.000000,402.000000,417.000000,,11800480,FinMind
2308,TWSE,台達電,2025-06-25,1d,420.000000,428.500000,420.000000,423.500000,,11484758,FinMind
2308,TWSE,台達電,2025-06-26,1d,422.500000,424.500000,418.000000,420.000000,,7443699,FinMind
2308,TWSE,台達電,2025-06-27,1d,421.000000,426.500000,419.500000,424.000000,,7476761,FinMind
2308,TWSE,台達電,2025-06-30,1d,420.500000,425.000000,413.000000,413.000000,,5401385,FinMind
2308,TWSE,台達電,2025-07-01,1d,417.000000,432.500000,417.000000,428.000000,,10597030,FinMind
2308,TWSE,台達電,2025-07-02,1d,421.500000,434.500000,421.000000,429.500000,,7070670,FinMind
2308,TWSE,台達電,2025-07-03,1d,431.500000,460.000000,431.000000,459.000000,,23036356,FinMind
2308,TWSE,台達電,2025-07-04,1d,451.500000,461.500000,450.500000,457.000000,,15179732,FinMind
2308,TWSE,台達電,2025-07-07,1d,452.000000,458.500000,448.000000,450.000000,,9170567,FinMind
2308,TWSE,台達電,2025-07-08,1d,450.000000,455.000000,446.500000,451.500000,,10914637,FinMind
2308,TWSE,台達電,2025-07-09,1d,442.000000,452.000000,440.000000,451.000000,,11927165,FinMind
2308,TWSE,台達電,2025-07-10,1d,458.000000,485.500000,458.000000,482.500000,,23205872,FinMind
2308,TWSE,台達電,2025-07-11,1d,471.000000,491.500000,471.000000,483.000000,,13782938,FinMind
2308,TWSE,台達電,2025-07-14,1d,478.500000,482.500000,472.500000,473.000000,,7066369,FinMind
2308,TWSE,台達電,2025-07-15,1d,483.000000,496.000000,480.000000,494.000000,,17023193,FinMind
2308,TWSE,台達電,2025-07-16,1d,500.000000,513.000000,495.500000,500.000000,,23980485,FinMind
2308,TWSE,台達電,2025-07-17,1d,494.000000,503.000000,490.000000,499.000000,,10285044,FinMind
2308,TWSE,台達電,2025-07-18,1d,499.000000,509.000000,499.000000,509.000000,,7404100,FinMind
2308,TWSE,台達電,2025-07-21,1d,513.000000,517.000000,511.000000,515.000000,,9787095,FinMind
2308,TWSE,台達電,2025-07-22,1d,515.000000,533.000000,508.000000,513.000000,,14393239,FinMind
2308,TWSE,台達電,2025-07-23,1d,517.000000,527.000000,517.000000,520.000000,,11013566,FinMind
2308,TWSE,台達電,2025-07-24,1d,515.000000,519.000000,508.000000,518.000000,,9392038,FinMind
2308,TWSE,台達電,2025-07-25,1d,512.000000,518.000000,508.000000,517.000000,,9488939,FinMind
2308,TWSE,台達電,2025-07-28,1d,524.000000,529.000000,520.000000,522.000000,,7360367,FinMind
2308,TWSE,台達電,2025-07-29,1d,520.000000,529.000000,516.000000,525.000000,,7871375,FinMind
2308,TWSE,台達電,2025-07-30,1d,528.000000,533.000000,520.000000,530.000000,,7999698,FinMind
2308,TWSE,台達電,2025-07-31,1d,581.000000,582.000000,561.000000,567.000000,,14649618,FinMind
2308,TWSE,台達電,2025-08-01,1d,558.000000,597.000000,556.000000,588.000000,,25566551,FinMind
2308,TWSE,台達電,2025-08-04,1d,579.000000,594.000000,578.000000,593.000000,,11421939,FinMind
2308,TWSE,台達電,2025-08-05,1d,600.000000,636.000000,600.000000,632.000000,,21914641,FinMind
2308,TWSE,台達電,2025-08-06,1d,607.000000,632.000000,605.000000,621.000000,,21267817,FinMind
2308,TWSE,台達電,2025-08-07,1d,623.000000,633.000000,618.000000,623.000000,,16072941,FinMind
2308,TWSE,台達電,2025-08-08,1d,626.000000,637.000000,626.000000,637.000000,,12644809,FinMind
2308,TWSE,台達電,2025-08-11,1d,635.000000,643.000000,628.000000,638.000000,,9330673,FinMind
2308,TWSE,台達電,2025-08-12,1d,642.000000,649.000000,636.000000,642.000000,,9218415,FinMind
2308,TWSE,台達電,2025-08-13,1d,665.000000,681.000000,662.000000,675.000000,,24961378,FinMind
2308,TWSE,台達電,2025-08-14,1d,667.000000,675.000000,663.000000,670.000000,,12068980,FinMind
2308,TWSE,台達電,2025-08-15,1d,670.000000,695.000000,669.000000,686.000000,,14869022,FinMind
2308,TWSE,台達電,2025-08-18,1d,690.000000,695.000000,681.000000,688.000000,,12689479,FinMind
2308,TWSE,台達電,2025-08-19,1d,683.000000,691.000000,660.000000,661.000000,,14089877,FinMind
2308,TWSE,台達電,2025-08-20,1d,628.000000,657.000000,624.000000,625.000000,,28902593,FinMind
2308,TWSE,台達電,2025-08-21,1d,620.000000,655.000000,619.000000,648.000000,,18904498,FinMind
2308,TWSE,台達電,2025-08-22,1d,668.000000,672.000000,658.000000,664.000000,,10490441,FinMind
2308,TWSE,台達電,2025-08-25,1d,680.000000,685.000000,667.000000,676.000000,,9894918,FinMind
2308,TWSE,台達電,2025-08-26,1d,675.000000,685.000000,672.000000,685.000000,,10452749,FinMind
2308,TWSE,台達電,2025-08-27,1d,690.000000,730.000000,687.000000,720.000000,,16908355,FinMind
2308,TWSE,台達電,2025-08-28,1d,717.000000,717.000000,705.000000,709.000000,,9102720,FinMind
2308,TWSE,台達電,2025-08-29,1d,709.000000,718.000000,705.000000,711.000000,,11303576,FinMind
2308,TWSE,台達電,2025-09-01,1d,706.000000,724.000000,678.000000,688.000000,,14583681,FinMind
2308,TWSE,台達電,2025-09-02,1d,698.000000,704.000000,678.000000,685.000000,,11619304,FinMind
2308,TWSE,台達電,2025-09-03,1d,683.000000,687.000000,675.000000,680.000000,,12034963,FinMind
2308,TWSE,台達電,2025-09-04,1d,689.000000,705.000000,685.000000,691.000000,,10307064,FinMind
2308,TWSE,台達電,2025-09-05,1d,720.000000,726.000000,711.000000,726.000000,,15305812,FinMind
2308,TWSE,台達電,2025-09-08,1d,745.000000,745.000000,726.000000,726.000000,,11437223,FinMind
2308,TWSE,台達電,2025-09-09,1d,729.000000,798.000000,728.000000,784.000000,,21560823,FinMind
2308,TWSE,台達電,2025-09-10,1d,807.000000,844.000000,806.000000,837.000000,,23938193,FinMind
2308,TWSE,台達電,2025-09-11,1d,825.000000,853.000000,825.000000,831.000000,,27598193,FinMind
2308,TWSE,台達電,2025-09-12,1d,834.000000,854.000000,834.000000,837.000000,,20358692,FinMind
2308,TWSE,台達電,2025-09-15,1d,842.000000,848.000000,829.000000,836.000000,,12384306,FinMind
2308,TWSE,台達電,2025-09-16,1d,833.000000,841.000000,821.000000,841.000000,,15636646,FinMind
2308,TWSE,台達電,2025-09-17,1d,840.000000,853.000000,831.000000,836.000000,,10464529,FinMind
2308,TWSE,台達電,2025-09-18,1d,837.000000,899.000000,837.000000,892.000000,,22541317,FinMind
2308,TWSE,台達電,2025-09-19,1d,894.000000,909.000000,885.000000,888.000000,,20690681,FinMind
2308,TWSE,台達電,2025-09-22,1d,880.000000,915.000000,880.000000,907.000000,,14838882,FinMind
2308,TWSE,台達電,2025-09-23,1d,913.000000,917.000000,890.000000,893.000000,,18003354,FinMind
2308,TWSE,台達電,2025-09-24,1d,888.000000,893.000000,866.000000,891.000000,,16745252,FinMind
2308,TWSE,台達電,2025-09-25,1d,886.000000,903.000000,883.000000,884.000000,,12323755,FinMind
2308,TWSE,台達電,2025-09-26,1d,867.000000,869.000000,837.000000,848.000000,,20674889,FinMind
2308,TWSE,台達電,2025-09-30,1d,852.000000,888.000000,851.000000,854.000000,,17397008,FinMind
2308,TWSE,台達電,2025-10-01,1d,870.000000,878.000000,860.000000,871.000000,,10214371,FinMind
2308,TWSE,台達電,2025-10-02,1d,893.000000,910.000000,893.000000,894.000000,,18926279,FinMind
2308,TWSE,台達電,2025-10-03,1d,900.000000,944.000000,895.000000,942.000000,,18806970,FinMind
2308,TWSE,台達電,2025-10-07,1d,942.000000,995.000000,941.000000,987.000000,,25946493,FinMind
2308,TWSE,台達電,2025-10-08,1d,963.000000,985.000000,962.000000,981.000000,,12278241,FinMind
2308,TWSE,台達電,2025-10-09,1d,1000.000000,1005.000000,986.000000,999.000000,,15540963,FinMind
2308,TWSE,台達電,2025-10-13,1d,968.000000,1045.000000,968.000000,1030.000000,,24052561,FinMind
2308,TWSE,台達電,2025-10-14,1d,1050.000000,1060.000000,990.000000,992.000000,,21048517,FinMind
2308,TWSE,台達電,2025-10-15,1d,1000.000000,1015.000000,987.000000,1015.000000,,13304315,FinMind
2308,TWSE,台達電,2025-10-16,1d,1005.000000,1025.000000,1000.000000,1025.000000,,7987323,FinMind
2308,TWSE,台達電,2025-10-17,1d,1005.000000,1050.000000,996.000000,999.000000,,12958755,FinMind
2308,TWSE,台達電,2025-10-20,1d,998.000000,1020.000000,986.000000,1015.000000,,12374832,FinMind
2308,TWSE,台達電,2025-10-21,1d,1015.000000,1030.000000,1000.000000,1020.000000,,7996535,FinMind
2308,TWSE,台達電,2025-10-22,1d,1005.000000,1020.000000,1000.000000,1020.000000,,5842272,FinMind
2308,TWSE,台達電,2025-10-23,1d,1005.000000,1020.000000,1000.000000,1010.000000,,5326210,FinMind
2308,TWSE,台達電,2025-10-27,1d,1035.000000,1075.000000,1035.000000,1070.000000,,14665958,FinMind
2308,TWSE,台達電,2025-10-28,1d,1060.000000,1080.000000,1055.000000,1075.000000,,9123838,FinMind
2308,TWSE,台達電,2025-10-29,1d,1075.000000,1085.000000,1035.000000,1060.000000,,13037322,FinMind
2308,TWSE,台達電,2025-10-30,1d,1070.000000,1070.000000,1005.000000,1010.000000,,23687176,FinMind
2308,TWSE,台達電,2025-10-31,1d,1000.000000,1015.000000,990.000000,995.000000,,21049860,FinMind
2308,TWSE,台達電,2025-11-03,1d,992.000000,1005.000000,982.000000,983.000000,,16545187,FinMind
2308,TWSE,台達電,2025-11-04,1d,980.000000,1010.000000,975.000000,975.000000,,18976367,FinMind
2308,TWSE,台達電,2025-11-05,1d,930.000000,972.000000,930.000000,967.000000,,18127318,FinMind
2308,TWSE,台達電,2025-11-06,1d,980.000000,994.000000,977.000000,978.000000,,10520332,FinMind
2308,TWSE,台達電,2025-11-07,1d,960.000000,972.000000,956.000000,965.000000,,9673113,FinMind
2308,TWSE,台達電,2025-11-10,1d,980.000000,994.000000,968.000000,982.000000,,11544121,FinMind
2308,TWSE,台達電,2025-11-11,1d,993.000000,998.000000,972.000000,972.000000,,11380761,FinMind
2308,TWSE,台達電,2025-11-12,1d,965.000000,981.000000,954.000000,967.000000,,14451354,FinMind
2308,TWSE,台達電,2025-11-13,1d,965.000000,973.000000,958.000000,958.000000,,11148197,FinMind
2308,TWSE,台達電,2025-11-14,1d,938.000000,945.000000,922.000000,922.000000,,19610238,FinMind
2308,TWSE,台達電,2025-11-17,1d,931.000000,946.000000,916.000000,916.000000,,11523207,FinMind
2308,TWSE,台達電,2025-11-18,1d,906.000000,930.000000,898.000000,898.000000,,13615098,FinMind
2308,TWSE,台達電,2025-11-19,1d,890.000000,911.000000,889.000000,894.000000,,12208506,FinMind
2308,TWSE,台達電,2025-11-20,1d,939.000000,965.000000,934.000000,954.000000,,16670416,FinMind
2308,TWSE,台達電,2025-11-21,1d,907.000000,913.000000,895.000000,895.000000,,17544293,FinMind
2308,TWSE,台達電,2025-11-24,1d,904.000000,909.000000,893.000000,893.000000,,18856003,FinMind
2308,TWSE,台達電,2025-11-25,1d,913.000000,926.000000,899.000000,910.000000,,10504174,FinMind
2308,TWSE,台達電,2025-11-26,1d,928.000000,950.000000,916.000000,945.000000,,11426896,FinMind
2308,TWSE,台達電,2025-11-27,1d,955.000000,959.000000,938.000000,942.000000,,8820259,FinMind
2308,TWSE,台達電,2025-11-28,1d,946.000000,946.000000,928.000000,932.000000,,8363698,FinMind
2308,TWSE,台達電,2025-12-01,1d,936.000000,978.000000,932.000000,973.000000,,17532398,FinMind
2308,TWSE,台達電,2025-12-02,1d,988.000000,998.000000,974.000000,989.000000,,20318111,FinMind
2308,TWSE,台達電,2025-12-03,1d,997.000000,1005.000000,984.000000,997.000000,,12779073,FinMind
2308,TWSE,台達電,2025-12-04,1d,999.000000,1005.000000,991.000000,999.000000,,6988805,FinMind
2308,TWSE,台達電,2025-12-05,1d,998.000000,1005.000000,973.000000,979.000000,,9899996,FinMind
2308,TWSE,台達電,2025-12-08,1d,985.000000,993.000000,970.000000,979.000000,,5977776,FinMind
2308,TWSE,台達電,2025-12-09,1d,976.000000,980.000000,966.000000,971.000000,,7892104,FinMind
2308,TWSE,台達電,2025-12-10,1d,973.000000,978.000000,965.000000,968.000000,,6353279,FinMind
2308,TWSE,台達電,2025-12-11,1d,970.000000,976.000000,945.000000,945.000000,,12453039,FinMind
2308,TWSE,台達電,2025-12-12,1d,945.000000,948.000000,929.000000,938.000000,,9967630,FinMind
2308,TWSE,台達電,2025-12-15,1d,917.000000,933.000000,916.000000,922.000000,,7161588,FinMind
2308,TWSE,台達電,2025-12-16,1d,908.000000,915.000000,899.000000,901.000000,,11299114,FinMind
2308,TWSE,台達電,2025-12-17,1d,900.000000,907.000000,890.000000,890.000000,,14101199,FinMind
2308,TWSE,台達電,2025-12-18,1d,889.000000,896.000000,886.000000,891.000000,,6718290,FinMind
2308,TWSE,台達電,2025-12-19,1d,899.000000,923.000000,895.000000,911.000000,,13809520,FinMind
2308,TWSE,台達電,2025-12-22,1d,911.000000,957.000000,909.000000,953.000000,,14176209,FinMind
2308,TWSE,台達電,2025-12-23,1d,962.000000,965.000000,943.000000,943.000000,,6033660,FinMind
2308,TWSE,台達電,2025-12-24,1d,952.000000,960.000000,948.000000,955.000000,,5165678,FinMind
2308,TWSE,台達電,2025-12-26,1d,960.000000,962.000000,952.000000,956.000000,,3406520,FinMind
2308,TWSE,台達電,2025-12-29,1d,960.000000,974.000000,960.000000,962.000000,,6436356,FinMind
2308,TWSE,台達電,2025-12-30,1d,964.000000,970.000000,957.000000,961.000000,,4664368,FinMind
2308,TWSE,台達電,2025-12-31,1d,959.000000,974.000000,950.000000,963.000000,,9297343,FinMind
2308,TWSE,台達電,2026-01-02,1d,970.000000,998.000000,969.000000,995.000000,,14649316,FinMind
2308,TWSE,台達電,2026-01-05,1d,1010.000000,1025.000000,1000.000000,1010.000000,,13808472,FinMind
2308,TWSE,台達電,2026-01-06,1d,1005.000000,1050.000000,983.000000,1050.000000,,17611330,FinMind
2308,TWSE,台達電,2026-01-07,1d,1080.000000,1085.000000,988.000000,1030.000000,,18956362,FinMind
2308,TWSE,台達電,2026-01-08,1d,1035.000000,1040.000000,1010.000000,1010.000000,,9495549,FinMind
2308,TWSE,台達電,2026-01-09,1d,1000.000000,1030.000000,995.000000,1015.000000,,7818509,FinMind
2308,TWSE,台達電,2026-01-12,1d,1040.000000,1065.000000,1035.000000,1055.000000,,12690911,FinMind
2308,TWSE,台達電,2026-01-13,1d,1070.000000,1080.000000,1025.000000,1030.000000,,12476270,FinMind
2308,TWSE,台達電,2026-01-14,1d,1040.000000,1070.000000,1040.000000,1060.000000,,9296311,FinMind
2308,TWSE,台達電,2026-01-15,1d,1055.000000,1060.000000,1025.000000,1045.000000,,8579869,FinMind
2308,TWSE,台達電,2026-01-16,1d,1075.000000,1135.000000,1060.000000,1125.000000,,24482607,FinMind
2308,TWSE,台達電,2026-01-19,1d,1145.000000,1160.000000,1110.000000,1120.000000,,12864701,FinMind
2308,TWSE,台達電,2026-01-20,1d,1105.000000,1140.000000,1100.000000,1130.000000,,7555816,FinMind
2308,TWSE,台達電,2026-01-21,1d,1130.000000,1185.000000,1115.000000,1135.000000,,18878632,FinMind
2308,TWSE,台達電,2026-01-22,1d,1200.000000,1245.000000,1195.000000,1245.000000,,20586581,FinMind
2308,TWSE,台達電,2026-01-23,1d,1280.000000,1285.000000,1245.000000,1260.000000,,18187774,FinMind
2308,TWSE,台達電,2026-01-26,1d,1220.000000,1240.000000,1205.000000,1230.000000,,13054383,FinMind
2308,TWSE,台達電,2026-01-27,1d,1230.000000,1260.000000,1220.000000,1250.000000,,9071726,FinMind
2308,TWSE,台達電,2026-01-28,1d,1250.000000,1280.000000,1235.000000,1280.000000,,11623072,FinMind
2308,TWSE,台達電,2026-01-29,1d,1310.000000,1315.000000,1240.000000,1255.000000,,13505064,FinMind
2308,TWSE,台達電,2026-01-30,1d,1250.000000,1255.000000,1215.000000,1220.000000,,10993513,FinMind
2308,TWSE,台達電,2026-02-02,1d,1185.000000,1200.000000,1160.000000,1175.000000,,13451195,FinMind
2308,TWSE,台達電,2026-02-03,1d,1205.000000,1220.000000,1175.000000,1215.000000,,11407245,FinMind
2308,TWSE,台達電,2026-02-04,1d,1220.000000,1220.000000,1195.000000,1210.000000,,7342941,FinMind
2308,TWSE,台達電,2026-02-05,1d,1175.000000,1180.000000,1130.000000,1150.000000,,15861433,FinMind
2308,TWSE,台達電,2026-02-06,1d,1135.000000,1170.000000,1115.000000,1160.000000,,10693038,FinMind
2308,TWSE,台達電,2026-02-09,1d,1200.000000,1210.000000,1180.000000,1180.000000,,9124038,FinMind
2308,TWSE,台達電,2026-02-10,1d,1205.000000,1210.000000,1170.000000,1185.000000,,8355167,FinMind
2308,TWSE,台達電,2026-02-11,1d,1200.000000,1265.000000,1190.000000,1260.000000,,15443021,FinMind
2308,TWSE,台達電,2026-02-23,1d,1320.000000,1380.000000,1295.000000,1305.000000,,22078521,FinMind
2308,TWSE,台達電,2026-02-24,1d,1355.000000,1385.000000,1335.000000,1385.000000,,14083155,FinMind
2308,TWSE,台達電,2026-02-25,1d,1425.000000,1480.000000,1380.000000,1435.000000,,14709013,FinMind
2308,TWSE,台達電,2026-02-26,1d,1450.000000,1455.000000,1415.000000,1430.000000,,17965290,FinMind
2308,TWSE,台達電,2026-03-02,1d,1355.000000,1445.000000,1355.000000,1425.000000,,15569999,FinMind
2308,TWSE,台達電,2026-03-03,1d,1410.000000,1435.000000,1340.000000,1340.000000,,17852498,FinMind
2308,TWSE,台達電,2026-03-04,1d,1295.000000,1320.000000,1250.000000,1255.000000,,19185365,FinMind
2308,TWSE,台達電,2026-03-05,1d,1335.000000,1365.000000,1310.000000,1335.000000,,13686208,FinMind
2308,TWSE,台達電,2026-03-06,1d,1340.000000,1345.000000,1310.000000,1320.000000,,11211730,FinMind
2308,TWSE,台達電,2026-03-09,1d,1210.000000,1230.000000,1195.000000,1220.000000,,23398789,FinMind
2308,TWSE,台達電,2026-03-10,1d,1280.000000,1325.000000,1275.000000,1290.000000,,12096363,FinMind
2308,TWSE,台達電,2026-03-11,1d,1350.000000,1415.000000,1325.000000,1400.000000,,15114745,FinMind
2308,TWSE,台達電,2026-03-12,1d,1390.000000,1410.000000,1365.000000,1370.000000,,7808202,FinMind
2308,TWSE,台達電,2026-03-13,1d,1355.000000,1405.000000,1340.000000,1385.000000,,7798371,FinMind
2308,TWSE,台達電,2026-03-16,1d,1395.000000,1395.000000,1350.000000,1360.000000,,6238589,FinMind
2308,TWSE,台達電,2026-03-17,1d,1385.000000,1470.000000,1385.000000,1440.000000,,13512996,FinMind
2308,TWSE,台達電,2026-03-18,1d,1465.000000,1490.000000,1450.000000,1465.000000,,11442896,FinMind
2308,TWSE,台達電,2026-03-19,1d,1450.000000,1480.000000,1445.000000,1455.000000,,8335494,FinMind
2308,TWSE,台達電,2026-03-20,1d,1450.000000,1530.000000,1410.000000,1475.000000,,15939579,FinMind
2308,TWSE,台達電,2026-03-23,1d,1405.000000,1425.000000,1385.000000,1410.000000,,13897471,FinMind
2308,TWSE,台達電,2026-03-24,1d,1455.000000,1470.000000,1410.000000,1415.000000,,13206637,FinMind
2308,TWSE,台達電,2026-03-25,1d,1485.000000,1555.000000,1485.000000,1550.000000,,16571563,FinMind
2308,TWSE,台達電,2026-03-26,1d,1535.000000,1565.000000,1515.000000,1515.000000,,13856198,FinMind
2308,TWSE,台達電,2026-03-27,1d,1460.000000,1520.000000,1440.000000,1510.000000,,10527057,FinMind
2308,TWSE,台達電,2026-03-30,1d,1480.000000,1495.000000,1450.000000,1485.000000,,11853740,FinMind
2308,TWSE,台達電,2026-03-31,1d,1465.000000,1470.000000,1365.000000,1380.000000,,21389778,FinMind
2308,TWSE,台達電,2026-04-01,1d,1465.000000,1495.000000,1450.000000,1475.000000,,12559029,FinMind
2308,TWSE,台達電,2026-04-02,1d,1480.000000,1510.000000,1420.000000,1430.000000,,9953601,FinMind
2308,TWSE,台達電,2026-04-07,1d,1495.000000,1515.000000,1490.000000,1515.000000,,11190572,FinMind
2308,TWSE,台達電,2026-04-08,1d,1630.000000,1665.000000,1615.000000,1665.000000,,13400336,FinMind
2308,TWSE,台達電,2026-04-09,1d,1685.000000,1705.000000,1635.000000,1645.000000,,15129409,FinMind
2308,TWSE,台達電,2026-04-10,1d,1690.000000,1750.000000,1675.000000,1735.000000,,11557080,FinMind
2308,TWSE,台達電,2026-04-13,1d,1730.000000,1760.000000,1710.000000,1740.000000,,7069198,FinMind
2308,TWSE,台達電,2026-04-14,1d,1805.000000,1820.000000,1750.000000,1750.000000,,12801739,FinMind
2308,TWSE,台達電,2026-04-15,1d,1785.000000,1835.000000,1785.000000,1785.000000,,12877432,FinMind
2308,TWSE,台達電,2026-04-16,1d,1835.000000,1845.000000,1785.000000,1845.000000,,13254811,FinMind
2308,TWSE,台達電,2026-04-17,1d,1865.000000,1870.000000,1830.000000,1840.000000,,10769751,FinMind
2308,TWSE,台達電,2026-04-20,1d,1860.000000,1980.000000,1860.000000,1900.000000,,12064485,FinMind
2308,TWSE,台達電,2026-04-21,1d,1950.000000,2035.000000,1930.000000,2015.000000,,11917108,FinMind
2308,TWSE,台達電,2026-04-22,1d,2040.000000,2045.000000,1995.000000,2015.000000,,10968852,FinMind
2308,TWSE,台達電,2026-04-23,1d,2100.000000,2115.000000,1935.000000,1980.000000,,17431212,FinMind
2308,TWSE,台達電,2026-04-24,1d,2005.000000,2090.000000,1990.000000,2075.000000,,11571377,FinMind
2308,TWSE,台達電,2026-04-27,1d,2070.000000,2080.000000,1995.000000,2020.000000,,15898086,FinMind
2308,TWSE,台達電,2026-04-28,1d,2030.000000,2160.000000,2030.000000,2125.000000,,15038642,FinMind
2308,TWSE,台達電,2026-04-29,1d,2040.000000,2170.000000,2035.000000,2165.000000,,12261414,FinMind
2308,TWSE,台達電,2026-04-30,1d,2220.000000,2280.000000,2150.000000,2165.000000,,14060511,FinMind
2308,TWSE,台達電,2026-05-04,1d,2250.000000,2260.000000,2150.000000,2220.000000,,12649019,FinMind
2308,TWSE,台達電,2026-05-05,1d,2185.000000,2195.000000,2145.000000,2165.000000,,10559120,FinMind
2308,TWSE,台達電,2026-05-06,1d,2215.000000,2270.000000,2150.000000,2210.000000,,15562046,FinMind
2308,TWSE,台達電,2026-05-07,1d,2275.000000,2370.000000,2250.000000,2280.000000,,15656408,FinMind
2308,TWSE,台達電,2026-05-08,1d,2230.000000,2250.000000,2170.000000,2200.000000,,11802071,FinMind
2308,TWSE,台達電,2026-05-11,1d,2215.000000,2270.000000,2205.000000,2245.000000,,9200516,FinMind
2308,TWSE,台達電,2026-05-12,1d,2225.000000,2260.000000,2190.000000,2195.000000,,13011711,FinMind
2308,TWSE,台達電,2026-05-13,1d,2160.000000,2185.000000,2140.000000,2165.000000,,7659621,FinMind
2308,TWSE,台達電,2026-05-14,1d,2210.000000,2250.000000,2155.000000,2155.000000,,7332576,FinMind
2308,TWSE,台達電,2026-05-15,1d,2185.000000,2195.000000,2075.000000,2075.000000,,12351492,FinMind
2308,TWSE,台達電,2026-05-18,1d,1985.000000,2040.000000,1985.000000,2020.000000,,10082191,FinMind
2308,TWSE,台達電,2026-05-19,1d,2020.000000,2025.000000,1910.000000,1915.000000,,16288903,FinMind
2308,TWSE,台達電,2026-05-20,1d,1880.000000,1960.000000,1880.000000,1915.000000,,10890054,FinMind
2308,TWSE,台達電,2026-05-21,1d,2015.000000,2060.000000,1990.000000,2030.000000,,11663874,FinMind
2308,TWSE,台達電,2026-05-22,1d,2125.000000,2125.000000,2050.000000,2095.000000,,8534359,FinMind
2308,TWSE,台達電,2026-05-25,1d,2205.000000,2300.000000,2185.000000,2290.000000,,12049781,FinMind
2308,TWSE,台達電,2026-05-26,1d,2350.000000,2410.000000,2290.000000,2350.000000,,12198582,FinMind
2308,TWSE,台達電,2026-05-27,1d,2490.000000,2585.000000,2490.000000,2520.000000,,13897689,FinMind
2308,TWSE,台達電,2026-05-28,1d,2485.000000,2520.000000,2370.000000,2390.000000,,11721062,FinMind
2308,TWSE,台達電,2026-05-29,1d,2470.000000,2525.000000,2445.000000,2445.000000,,17179076,FinMind
2308,TWSE,台達電,2026-06-01,1d,2450.000000,2520.000000,2410.000000,2420.000000,,9840869,FinMind
2308,TWSE,台達電,2026-06-02,1d,2430.000000,2455.000000,2330.000000,2360.000000,,12331189,FinMind
2308,TWSE,台達電,2026-06-03,1d,2420.000000,2460.000000,2410.000000,2455.000000,,10882344,FinMind
2330,TWSE,TSMC,2025-06-03,1d,960.000000,965.000000,950.000000,950.000000,,27482916,FinMind
2330,TWSE,TSMC,2025-06-04,1d,974.000000,990.000000,970.000000,990.000000,,43196396,FinMind
2330,TWSE,TSMC,2025-06-05,1d,1000.000000,1000.000000,991.000000,998.000000,,27047750,FinMind
2330,TWSE,TSMC,2025-06-06,1d,997.000000,997.000000,991.000000,995.000000,,18797346,FinMind
2330,TWSE,TSMC,2025-06-09,1d,1005.000000,1010.000000,1000.000000,1005.000000,,23952041,FinMind
2330,TWSE,TSMC,2025-06-10,1d,1025.000000,1050.000000,1020.000000,1045.000000,,55353908,FinMind
2330,TWSE,TSMC,2025-06-11,1d,1065.000000,1070.000000,1055.000000,1065.000000,,46137188,FinMind
2330,TWSE,TSMC,2025-06-12,1d,1055.000000,1060.000000,1045.000000,1045.000000,,28661875,FinMind
2330,TWSE,TSMC,2025-06-13,1d,1040.000000,1040.000000,1025.000000,1030.000000,,31371948,FinMind
2330,TWSE,TSMC,2025-06-16,1d,1030.000000,1030.000000,1015.000000,1025.000000,,31257555,FinMind
2330,TWSE,TSMC,2025-06-17,1d,1040.000000,1050.000000,1035.000000,1045.000000,,30890431,FinMind
2330,TWSE,TSMC,2025-06-18,1d,1040.000000,1055.000000,1030.000000,1055.000000,,41740374,FinMind
2330,TWSE,TSMC,2025-06-19,1d,1045.000000,1045.000000,1030.000000,1035.000000,,25354905,FinMind
2330,TWSE,TSMC,2025-06-20,1d,1030.000000,1055.000000,1025.000000,1055.000000,,67241164,FinMind
2330,TWSE,TSMC,2025-06-23,1d,1025.000000,1030.000000,1015.000000,1020.000000,,33543038,FinMind
2330,TWSE,TSMC,2025-06-24,1d,1045.000000,1050.000000,1040.000000,1050.000000,,30105394,FinMind
2330,TWSE,TSMC,2025-06-25,1d,1060.000000,1070.000000,1055.000000,1070.000000,,44519173,FinMind
2330,TWSE,TSMC,2025-06-26,1d,1075.000000,1080.000000,1065.000000,1075.000000,,39534708,FinMind
2330,TWSE,TSMC,2025-06-27,1d,1070.000000,1080.000000,1060.000000,1080.000000,,34877892,FinMind
2330,TWSE,TSMC,2025-06-30,1d,1075.000000,1080.000000,1060.000000,1060.000000,,35763093,FinMind
2330,TWSE,TSMC,2025-07-01,1d,1080.000000,1095.000000,1075.000000,1085.000000,,52818889,FinMind
2330,TWSE,TSMC,2025-07-02,1d,1075.000000,1085.000000,1070.000000,1085.000000,,24453697,FinMind
2330,TWSE,TSMC,2025-07-03,1d,1105.000000,1105.000000,1090.000000,1090.000000,,39719503,FinMind
2330,TWSE,TSMC,2025-07-04,1d,1095.000000,1100.000000,1080.000000,1085.000000,,23556842,FinMind
2330,TWSE,TSMC,2025-07-07,1d,1080.000000,1085.000000,1070.000000,1080.000000,,19949311,FinMind
2330,TWSE,TSMC,2025-07-08,1d,1070.000000,1080.000000,1065.000000,1080.000000,,29944918,FinMind
2330,TWSE,TSMC,2025-07-09,1d,1070.000000,1090.000000,1065.000000,1090.000000,,25899845,FinMind
2330,TWSE,TSMC,2025-07-10,1d,1095.000000,1100.000000,1090.000000,1100.000000,,23947482,FinMind
2330,TWSE,TSMC,2025-07-11,1d,1095.000000,1100.000000,1090.000000,1100.000000,,30615792,FinMind
2330,TWSE,TSMC,2025-07-14,1d,1100.000000,1100.000000,1085.000000,1095.000000,,29975913,FinMind
2330,TWSE,TSMC,2025-07-15,1d,1095.000000,1115.000000,1090.000000,1110.000000,,49458466,FinMind
2330,TWSE,TSMC,2025-07-16,1d,1120.000000,1130.000000,1120.000000,1130.000000,,34513639,FinMind
2330,TWSE,TSMC,2025-07-17,1d,1130.000000,1135.000000,1115.000000,1130.000000,,36971364,FinMind
2330,TWSE,TSMC,2025-07-18,1d,1155.000000,1160.000000,1145.000000,1155.000000,,50467755,FinMind
2330,TWSE,TSMC,2025-07-21,1d,1145.000000,1150.000000,1135.000000,1150.000000,,32374260,FinMind
2330,TWSE,TSMC,2025-07-22,1d,1145.000000,1160.000000,1130.000000,1130.000000,,54933274,FinMind
2330,TWSE,TSMC,2025-07-23,1d,1140.000000,1145.000000,1135.000000,1145.000000,,31360184,FinMind
2330,TWSE,TSMC,2025-07-24,1d,1150.000000,1155.000000,1145.000000,1145.000000,,16038287,FinMind
2330,TWSE,TSMC,2025-07-25,1d,1150.000000,1155.000000,1140.000000,1145.000000,,23026843,FinMind
2330,TWSE,TSMC,2025-07-28,1d,1155.000000,1160.000000,1145.000000,1145.000000,,23153187,FinMind
2330,TWSE,TSMC,2025-07-29,1d,1145.000000,1145.000000,1125.000000,1135.000000,,41471548,FinMind
2330,TWSE,TSMC,2025-07-30,1d,1150.000000,1160.000000,1145.000000,1155.000000,,37445435,FinMind
2330,TWSE,TSMC,2025-07-31,1d,1160.000000,1165.000000,1155.000000,1160.000000,,35986507,FinMind
2330,TWSE,TSMC,2025-08-01,1d,1145.000000,1150.000000,1130.000000,1140.000000,,45352225,FinMind
2330,TWSE,TSMC,2025-08-04,1d,1130.000000,1135.000000,1125.000000,1135.000000,,25256974,FinMind
2330,TWSE,TSMC,2025-08-05,1d,1145.000000,1150.000000,1140.000000,1150.000000,,20695955,FinMind
2330,TWSE,TSMC,2025-08-06,1d,1130.000000,1135.000000,1125.000000,1125.000000,,24015506,FinMind
2330,TWSE,TSMC,2025-08-07,1d,1160.000000,1180.000000,1155.000000,1180.000000,,64965686,FinMind
2330,TWSE,TSMC,2025-08-08,1d,1180.000000,1185.000000,1170.000000,1175.000000,,27434505,FinMind
2330,TWSE,TSMC,2025-08-11,1d,1170.000000,1195.000000,1165.000000,1180.000000,,37435809,FinMind
2330,TWSE,TSMC,2025-08-12,1d,1180.000000,1190.000000,1170.000000,1180.000000,,30137118,FinMind
2330,TWSE,TSMC,2025-08-13,1d,1185.000000,1200.000000,1185.000000,1200.000000,,39708109,FinMind
2330,TWSE,TSMC,2025-08-14,1d,1185.000000,1190.000000,1175.000000,1175.000000,,35269337,FinMind
2330,TWSE,TSMC,2025-08-15,1d,1175.000000,1185.000000,1170.000000,1180.000000,,23577178,FinMind
2330,TWSE,TSMC,2025-08-18,1d,1170.000000,1185.000000,1170.000000,1180.000000,,21182611,FinMind
2330,TWSE,TSMC,2025-08-19,1d,1180.000000,1185.000000,1175.000000,1185.000000,,22439999,FinMind
2330,TWSE,TSMC,2025-08-20,1d,1165.000000,1165.000000,1135.000000,1135.000000,,73148689,FinMind
2330,TWSE,TSMC,2025-08-21,1d,1140.000000,1155.000000,1140.000000,1150.000000,,25030476,FinMind
2330,TWSE,TSMC,2025-08-22,1d,1155.000000,1155.000000,1135.000000,1135.000000,,20220071,FinMind
2330,TWSE,TSMC,2025-08-25,1d,1165.000000,1180.000000,1160.000000,1170.000000,,27470807,FinMind
2330,TWSE,TSMC,2025-08-26,1d,1165.000000,1185.000000,1160.000000,1175.000000,,39495275,FinMind
2330,TWSE,TSMC,2025-08-27,1d,1190.000000,1190.000000,1180.000000,1190.000000,,23824689,FinMind
2330,TWSE,TSMC,2025-08-28,1d,1185.000000,1185.000000,1160.000000,1160.000000,,20960787,FinMind
2330,TWSE,TSMC,2025-08-29,1d,1180.000000,1185.000000,1160.000000,1160.000000,,21820054,FinMind
2330,TWSE,TSMC,2025-09-01,1d,1150.000000,1165.000000,1145.000000,1165.000000,,23022319,FinMind
2330,TWSE,TSMC,2025-09-02,1d,1170.000000,1175.000000,1155.000000,1160.000000,,14994018,FinMind
2330,TWSE,TSMC,2025-09-03,1d,1155.000000,1160.000000,1145.000000,1160.000000,,20211322,FinMind
2330,TWSE,TSMC,2025-09-04,1d,1170.000000,1175.000000,1160.000000,1160.000000,,25311450,FinMind
2330,TWSE,TSMC,2025-09-05,1d,1175.000000,1180.000000,1170.000000,1180.000000,,27931124,FinMind
2330,TWSE,TSMC,2025-09-08,1d,1195.000000,1195.000000,1180.000000,1180.000000,,28393035,FinMind
2330,TWSE,TSMC,2025-09-09,1d,1195.000000,1200.000000,1190.000000,1200.000000,,35720097,FinMind
2330,TWSE,TSMC,2025-09-10,1d,1220.000000,1230.000000,1215.000000,1225.000000,,43516678,FinMind
2330,TWSE,TSMC,2025-09-11,1d,1255.000000,1260.000000,1235.000000,1240.000000,,34811140,FinMind
2330,TWSE,TSMC,2025-09-12,1d,1255.000000,1260.000000,1250.000000,1260.000000,,28224895,FinMind
2330,TWSE,TSMC,2025-09-15,1d,1260.000000,1260.000000,1250.000000,1255.000000,,26019117,FinMind
2330,TWSE,TSMC,2025-09-16,1d,1265.000000,1285.000000,1260.000000,1280.000000,,42279997,FinMind
2330,TWSE,TSMC,2025-09-17,1d,1270.000000,1275.000000,1265.000000,1265.000000,,32019276,FinMind
2330,TWSE,TSMC,2025-09-18,1d,1275.000000,1285.000000,1265.000000,1285.000000,,26442220,FinMind
2330,TWSE,TSMC,2025-09-19,1d,1285.000000,1290.000000,1265.000000,1265.000000,,48894096,FinMind
2330,TWSE,TSMC,2025-09-22,1d,1270.000000,1295.000000,1270.000000,1295.000000,,30411595,FinMind
2330,TWSE,TSMC,2025-09-23,1d,1320.000000,1340.000000,1315.000000,1340.000000,,37523254,FinMind
2330,TWSE,TSMC,2025-09-24,1d,1350.000000,1355.000000,1325.000000,1340.000000,,47820358,FinMind
2330,TWSE,TSMC,2025-09-25,1d,1320.000000,1330.000000,1320.000000,1320.000000,,27800815,FinMind
2330,TWSE,TSMC,2025-09-26,1d,1310.000000,1315.000000,1295.000000,1300.000000,,29378983,FinMind
2330,TWSE,TSMC,2025-09-30,1d,1310.000000,1320.000000,1305.000000,1305.000000,,44853467,FinMind
2330,TWSE,TSMC,2025-10-01,1d,1325.000000,1350.000000,1325.000000,1325.000000,,36184828,FinMind
2330,TWSE,TSMC,2025-10-02,1d,1360.000000,1370.000000,1355.000000,1365.000000,,32693509,FinMind
2330,TWSE,TSMC,2025-10-03,1d,1365.000000,1400.000000,1365.000000,1400.000000,,34379158,FinMind
2330,TWSE,TSMC,2025-10-07,1d,1420.000000,1445.000000,1420.000000,1435.000000,,42424519,FinMind
2330,TWSE,TSMC,2025-10-08,1d,1410.000000,1420.000000,1405.000000,1415.000000,,27708676,FinMind
2330,TWSE,TSMC,2025-10-09,1d,1440.000000,1455.000000,1430.000000,1440.000000,,42507551,FinMind
2330,TWSE,TSMC,2025-10-13,1d,1390.000000,1420.000000,1390.000000,1415.000000,,60321869,FinMind
2330,TWSE,TSMC,2025-10-14,1d,1455.000000,1460.000000,1420.000000,1425.000000,,44821332,FinMind
2330,TWSE,TSMC,2025-10-15,1d,1435.000000,1465.000000,1425.000000,1465.000000,,45432176,FinMind
2330,TWSE,TSMC,2025-10-16,1d,1465.000000,1495.000000,1465.000000,1485.000000,,42490828,FinMind
2330,TWSE,TSMC,2025-10-17,1d,1455.000000,1465.000000,1450.000000,1450.000000,,43864962,FinMind
2330,TWSE,TSMC,2025-10-20,1d,1460.000000,1495.000000,1455.000000,1480.000000,,34972122,FinMind
2330,TWSE,TSMC,2025-10-21,1d,1485.000000,1500.000000,1480.000000,1480.000000,,37067269,FinMind
2330,TWSE,TSMC,2025-10-22,1d,1460.000000,1470.000000,1455.000000,1460.000000,,30679057,FinMind
2330,TWSE,TSMC,2025-10-23,1d,1440.000000,1455.000000,1435.000000,1450.000000,,26134949,FinMind
2330,TWSE,TSMC,2025-10-27,1d,1500.000000,1500.000000,1480.000000,1480.000000,,36024098,FinMind
2330,TWSE,TSMC,2025-10-28,1d,1480.000000,1490.000000,1470.000000,1475.000000,,35135504,FinMind
2330,TWSE,TSMC,2025-10-29,1d,1495.000000,1515.000000,1490.000000,1505.000000,,32775105,FinMind
2330,TWSE,TSMC,2025-10-30,1d,1515.000000,1520.000000,1500.000000,1505.000000,,30058497,FinMind
2330,TWSE,TSMC,2025-10-31,1d,1515.000000,1525.000000,1500.000000,1500.000000,,33838761,FinMind
2330,TWSE,TSMC,2025-11-03,1d,1510.000000,1520.000000,1490.000000,1510.000000,,30913479,FinMind
2330,TWSE,TSMC,2025-11-04,1d,1520.000000,1525.000000,1495.000000,1505.000000,,35922791,FinMind
2330,TWSE,TSMC,2025-11-05,1d,1480.000000,1485.000000,1455.000000,1460.000000,,63423241,FinMind
2330,TWSE,TSMC,2025-11-06,1d,1470.000000,1480.000000,1465.000000,1465.000000,,29955147,FinMind
2330,TWSE,TSMC,2025-11-07,1d,1460.000000,1465.000000,1455.000000,1460.000000,,23551721,FinMind
2330,TWSE,TSMC,2025-11-10,1d,1470.000000,1485.000000,1465.000000,1475.000000,,26579263,FinMind
2330,TWSE,TSMC,2025-11-11,1d,1490.000000,1495.000000,1465.000000,1465.000000,,24857058,FinMind
2330,TWSE,TSMC,2025-11-12,1d,1470.000000,1485.000000,1460.000000,1475.000000,,25998385,FinMind
2330,TWSE,TSMC,2025-11-13,1d,1460.000000,1470.000000,1460.000000,1460.000000,,23920639,FinMind
2330,TWSE,TSMC,2025-11-14,1d,1425.000000,1440.000000,1425.000000,1430.000000,,32778804,FinMind
2330,TWSE,TSMC,2025-11-17,1d,1450.000000,1460.000000,1445.000000,1445.000000,,34872653,FinMind
2330,TWSE,TSMC,2025-11-18,1d,1435.000000,1435.000000,1405.000000,1405.000000,,49856799,FinMind
2330,TWSE,TSMC,2025-11-19,1d,1400.000000,1415.000000,1395.000000,1395.000000,,42661060,FinMind
2330,TWSE,TSMC,2025-11-20,1d,1450.000000,1460.000000,1440.000000,1455.000000,,28295025,FinMind
2330,TWSE,TSMC,2025-11-21,1d,1395.000000,1405.000000,1385.000000,1385.000000,,64673494,FinMind
2330,TWSE,TSMC,2025-11-24,1d,1400.000000,1405.000000,1375.000000,1375.000000,,88861648,FinMind
2330,TWSE,TSMC,2025-11-25,1d,1425.000000,1425.000000,1405.000000,1415.000000,,31006765,FinMind
2330,TWSE,TSMC,2025-11-26,1d,1430.000000,1440.000000,1425.000000,1440.000000,,31659935,FinMind
2330,TWSE,TSMC,2025-11-27,1d,1450.000000,1455.000000,1430.000000,1435.000000,,24202285,FinMind
2330,TWSE,TSMC,2025-11-28,1d,1440.000000,1455.000000,1435.000000,1440.000000,,26130506,FinMind
2330,TWSE,TSMC,2025-12-01,1d,1445.000000,1445.000000,1410.000000,1410.000000,,33722188,FinMind
2330,TWSE,TSMC,2025-12-02,1d,1430.000000,1440.000000,1420.000000,1430.000000,,27923064,FinMind
2330,TWSE,TSMC,2025-12-03,1d,1440.000000,1450.000000,1435.000000,1450.000000,,25462840,FinMind
2330,TWSE,TSMC,2025-12-04,1d,1445.000000,1450.000000,1430.000000,1445.000000,,21934952,FinMind
2330,TWSE,TSMC,2025-12-05,1d,1445.000000,1460.000000,1440.000000,1460.000000,,22539737,FinMind
2330,TWSE,TSMC,2025-12-08,1d,1465.000000,1495.000000,1460.000000,1495.000000,,27405663,FinMind
2330,TWSE,TSMC,2025-12-09,1d,1495.000000,1500.000000,1480.000000,1480.000000,,27555343,FinMind
2330,TWSE,TSMC,2025-12-10,1d,1490.000000,1505.000000,1485.000000,1505.000000,,26387641,FinMind
2330,TWSE,TSMC,2025-12-11,1d,1510.000000,1515.000000,1465.000000,1470.000000,,31820417,FinMind
2330,TWSE,TSMC,2025-12-12,1d,1475.000000,1485.000000,1470.000000,1480.000000,,24025183,FinMind
2330,TWSE,TSMC,2025-12-15,1d,1450.000000,1455.000000,1445.000000,1450.000000,,28160888,FinMind
2330,TWSE,TSMC,2025-12-16,1d,1435.000000,1445.000000,1425.000000,1435.000000,,36751412,FinMind
2330,TWSE,TSMC,2025-12-17,1d,1435.000000,1445.000000,1425.000000,1430.000000,,33103549,FinMind
2330,TWSE,TSMC,2025-12-18,1d,1420.000000,1435.000000,1415.000000,1430.000000,,33103697,FinMind
2330,TWSE,TSMC,2025-12-19,1d,1455.000000,1455.000000,1430.000000,1430.000000,,42614140,FinMind
2330,TWSE,TSMC,2025-12-22,1d,1465.000000,1470.000000,1455.000000,1465.000000,,23919483,FinMind
2330,TWSE,TSMC,2025-12-23,1d,1475.000000,1490.000000,1470.000000,1490.000000,,22337117,FinMind
2330,TWSE,TSMC,2025-12-24,1d,1495.000000,1500.000000,1485.000000,1495.000000,,13707427,FinMind
2330,TWSE,TSMC,2025-12-26,1d,1505.000000,1510.000000,1495.000000,1510.000000,,20806344,FinMind
2330,TWSE,TSMC,2025-12-29,1d,1515.000000,1530.000000,1510.000000,1530.000000,,24010398,FinMind
2330,TWSE,TSMC,2025-12-30,1d,1515.000000,1530.000000,1510.000000,1520.000000,,21819219,FinMind
2330,TWSE,TSMC,2025-12-31,1d,1520.000000,1550.000000,1515.000000,1550.000000,,31389568,FinMind
2330,TWSE,TSMC,2026-01-02,1d,1555.000000,1585.000000,1545.000000,1585.000000,,39836425,FinMind
2330,TWSE,TSMC,2026-01-05,1d,1630.000000,1695.000000,1625.000000,1670.000000,,76182999,FinMind
2330,TWSE,TSMC,2026-01-06,1d,1645.000000,1705.000000,1645.000000,1705.000000,,54073389,FinMind
2330,TWSE,TSMC,2026-01-07,1d,1665.000000,1685.000000,1665.000000,1675.000000,,54807595,FinMind
2330,TWSE,TSMC,2026-01-08,1d,1660.000000,1700.000000,1655.000000,1685.000000,,31485749,FinMind
2330,TWSE,TSMC,2026-01-09,1d,1665.000000,1700.000000,1655.000000,1680.000000,,42191307,FinMind
2330,TWSE,TSMC,2026-01-12,1d,1700.000000,1705.000000,1690.000000,1690.000000,,34556660,FinMind
2330,TWSE,TSMC,2026-01-13,1d,1720.000000,1720.000000,1700.000000,1710.000000,,34064122,FinMind
2330,TWSE,TSMC,2026-01-14,1d,1705.000000,1715.000000,1700.000000,1710.000000,,33253803,FinMind
2330,TWSE,TSMC,2026-01-15,1d,1685.000000,1700.000000,1680.000000,1690.000000,,41703827,FinMind
2330,TWSE,TSMC,2026-01-16,1d,1735.000000,1750.000000,1710.000000,1740.000000,,58108842,FinMind
2330,TWSE,TSMC,2026-01-19,1d,1725.000000,1780.000000,1725.000000,1760.000000,,32242493,FinMind
2330,TWSE,TSMC,2026-01-20,1d,1740.000000,1775.000000,1740.000000,1775.000000,,32687106,FinMind
2330,TWSE,TSMC,2026-01-21,1d,1745.000000,1765.000000,1740.000000,1740.000000,,50745376,FinMind
2330,TWSE,TSMC,2026-01-22,1d,1765.000000,1770.000000,1750.000000,1760.000000,,34437982,FinMind
2330,TWSE,TSMC,2026-01-23,1d,1770.000000,1775.000000,1750.000000,1770.000000,,29676301,FinMind
2330,TWSE,TSMC,2026-01-26,1d,1765.000000,1785.000000,1755.000000,1755.000000,,25989274,FinMind
2330,TWSE,TSMC,2026-01-27,1d,1760.000000,1785.000000,1755.000000,1780.000000,,32183611,FinMind
2330,TWSE,TSMC,2026-01-28,1d,1790.000000,1820.000000,1790.000000,1820.000000,,31327933,FinMind
2330,TWSE,TSMC,2026-01-29,1d,1830.000000,1835.000000,1800.000000,1805.000000,,36079326,FinMind
2330,TWSE,TSMC,2026-01-30,1d,1790.000000,1800.000000,1775.000000,1775.000000,,46341867,FinMind
2330,TWSE,TSMC,2026-02-02,1d,1750.000000,1765.000000,1745.000000,1765.000000,,33342359,FinMind
2330,TWSE,TSMC,2026-02-03,1d,1810.000000,1810.000000,1785.000000,1800.000000,,30386718,FinMind
2330,TWSE,TSMC,2026-02-04,1d,1785.000000,1805.000000,1775.000000,1785.000000,,29087857,FinMind
2330,TWSE,TSMC,2026-02-05,1d,1765.000000,1780.000000,1760.000000,1765.000000,,28974303,FinMind
2330,TWSE,TSMC,2026-02-06,1d,1745.000000,1780.000000,1740.000000,1780.000000,,36484181,FinMind
2330,TWSE,TSMC,2026-02-09,1d,1830.000000,1835.000000,1815.000000,1815.000000,,40350444,FinMind
2330,TWSE,TSMC,2026-02-10,1d,1845.000000,1880.000000,1840.000000,1880.000000,,45674475,FinMind
2330,TWSE,TSMC,2026-02-11,1d,1880.000000,1925.000000,1875.000000,1915.000000,,44684131,FinMind
2330,TWSE,TSMC,2026-02-23,1d,1900.000000,1935.000000,1900.000000,1900.000000,,80768993,FinMind
2330,TWSE,TSMC,2026-02-24,1d,1915.000000,1975.000000,1915.000000,1965.000000,,44316733,FinMind
2330,TWSE,TSMC,2026-02-25,1d,1995.000000,2025.000000,1995.000000,2015.000000,,47398835,FinMind
2330,TWSE,TSMC,2026-02-26,1d,2000.000000,2010.000000,1995.000000,1995.000000,,74411249,FinMind
2330,TWSE,TSMC,2026-03-02,1d,1940.000000,1995.000000,1940.000000,1975.000000,,57404594,FinMind
2330,TWSE,TSMC,2026-03-03,1d,1970.000000,1980.000000,1935.000000,1935.000000,,54577298,FinMind
2330,TWSE,TSMC,2026-03-04,1d,1895.000000,1910.000000,1865.000000,1865.000000,,84647010,FinMind
2330,TWSE,TSMC,2026-03-05,1d,1940.000000,1960.000000,1895.000000,1900.000000,,56489914,FinMind
2330,TWSE,TSMC,2026-03-06,1d,1880.000000,1900.000000,1880.000000,1890.000000,,34307388,FinMind
2330,TWSE,TSMC,2026-03-09,1d,1775.000000,1810.000000,1770.000000,1810.000000,,94441296,FinMind
2330,TWSE,TSMC,2026-03-10,1d,1870.000000,1890.000000,1830.000000,1850.000000,,46926862,FinMind
2330,TWSE,TSMC,2026-03-11,1d,1885.000000,1950.000000,1875.000000,1940.000000,,39238328,FinMind
2330,TWSE,TSMC,2026-03-12,1d,1900.000000,1915.000000,1885.000000,1885.000000,,40662382,FinMind
2330,TWSE,TSMC,2026-03-13,1d,1840.000000,1885.000000,1840.000000,1865.000000,,36317450,FinMind
2330,TWSE,TSMC,2026-03-16,1d,1875.000000,1880.000000,1845.000000,1845.000000,,35401289,FinMind
2330,TWSE,TSMC,2026-03-17,1d,1875.000000,1880.000000,1860.000000,1870.000000,,26754183,FinMind
2330,TWSE,TSMC,2026-03-18,1d,1900.000000,1910.000000,1890.000000,1905.000000,,25694925,FinMind
2330,TWSE,TSMC,2026-03-19,1d,1875.000000,1880.000000,1850.000000,1850.000000,,38750629,FinMind
2330,TWSE,TSMC,2026-03-20,1d,1860.000000,1870.000000,1840.000000,1840.000000,,53705722,FinMind
2330,TWSE,TSMC,2026-03-23,1d,1790.000000,1815.000000,1785.000000,1810.000000,,41950478,FinMind
2330,TWSE,TSMC,2026-03-24,1d,1850.000000,1850.000000,1800.000000,1810.000000,,30569936,FinMind
2330,TWSE,TSMC,2026-03-25,1d,1865.000000,1875.000000,1845.000000,1845.000000,,46664345,FinMind
2330,TWSE,TSMC,2026-03-26,1d,1850.000000,1865.000000,1840.000000,1840.000000,,24634887,FinMind
2330,TWSE,TSMC,2026-03-27,1d,1805.000000,1825.000000,1800.000000,1820.000000,,33883223,FinMind
2330,TWSE,TSMC,2026-03-30,1d,1780.000000,1800.000000,1780.000000,1780.000000,,46272405,FinMind
2330,TWSE,TSMC,2026-03-31,1d,1775.000000,1790.000000,1760.000000,1760.000000,,75832456,FinMind
2330,TWSE,TSMC,2026-04-01,1d,1840.000000,1855.000000,1830.000000,1855.000000,,46457423,FinMind
2330,TWSE,TSMC,2026-04-02,1d,1865.000000,1865.000000,1805.000000,1810.000000,,29332490,FinMind
2330,TWSE,TSMC,2026-04-07,1d,1850.000000,1860.000000,1835.000000,1860.000000,,19895445,FinMind
2330,TWSE,TSMC,2026-04-08,1d,1935.000000,1950.000000,1925.000000,1950.000000,,53813263,FinMind
2330,TWSE,TSMC,2026-04-09,1d,1945.000000,1955.000000,1930.000000,1955.000000,,36054784,FinMind
2330,TWSE,TSMC,2026-04-10,1d,1975.000000,2000.000000,1970.000000,2000.000000,,39096242,FinMind
2330,TWSE,TSMC,2026-04-13,1d,1985.000000,1995.000000,1975.000000,1990.000000,,31882568,FinMind
2330,TWSE,TSMC,2026-04-14,1d,2015.000000,2055.000000,2010.000000,2055.000000,,46188401,FinMind
2330,TWSE,TSMC,2026-04-15,1d,2065.000000,2100.000000,2060.000000,2080.000000,,46824833,FinMind
2330,TWSE,TSMC,2026-04-16,1d,2080.000000,2090.000000,2055.000000,2085.000000,,35974352,FinMind
2330,TWSE,TSMC,2026-04-17,1d,2055.000000,2060.000000,2030.000000,2030.000000,,44433257,FinMind
2330,TWSE,TSMC,2026-04-20,1d,2030.000000,2055.000000,2025.000000,2025.000000,,30566172,FinMind
2330,TWSE,TSMC,2026-04-21,1d,2050.000000,2075.000000,2045.000000,2050.000000,,28055761,FinMind
2330,TWSE,TSMC,2026-04-22,1d,2045.000000,2070.000000,2040.000000,2050.000000,,27457065,FinMind
2330,TWSE,TSMC,2026-04-23,1d,2090.000000,2135.000000,2055.000000,2080.000000,,54918117,FinMind
2330,TWSE,TSMC,2026-04-24,1d,2110.000000,2190.000000,2105.000000,2185.000000,,52391785,FinMind
2330,TWSE,TSMC,2026-04-27,1d,2280.000000,2330.000000,2265.000000,2265.000000,,79778277,FinMind
2330,TWSE,TSMC,2026-04-28,1d,2245.000000,2280.000000,2215.000000,2215.000000,,57336004,FinMind
2330,TWSE,TSMC,2026-04-29,1d,2175.000000,2210.000000,2165.000000,2180.000000,,49147402,FinMind
2330,TWSE,TSMC,2026-04-30,1d,2205.000000,2215.000000,2135.000000,2135.000000,,59584011,FinMind
2330,TWSE,TSMC,2026-05-04,1d,2200.000000,2285.000000,2195.000000,2275.000000,,44458732,FinMind
2330,TWSE,TSMC,2026-05-05,1d,2250.000000,2270.000000,2240.000000,2250.000000,,26644983,FinMind
2330,TWSE,TSMC,2026-05-06,1d,2250.000000,2285.000000,2240.000000,2250.000000,,38026963,FinMind
2330,TWSE,TSMC,2026-05-07,1d,2335.000000,2345.000000,2310.000000,2310.000000,,41966283,FinMind
2330,TWSE,TSMC,2026-05-08,1d,2300.000000,2310.000000,2265.000000,2290.000000,,31730352,FinMind
2330,TWSE,TSMC,2026-05-11,1d,2265.000000,2275.000000,2235.000000,2235.000000,,46172626,FinMind
2330,TWSE,TSMC,2026-05-12,1d,2235.000000,2280.000000,2210.000000,2255.000000,,54239538,FinMind
2330,TWSE,TSMC,2026-05-13,1d,2205.000000,2240.000000,2205.000000,2220.000000,,43727683,FinMind
2330,TWSE,TSMC,2026-05-14,1d,2250.000000,2270.000000,2230.000000,2270.000000,,39564699,FinMind
2330,TWSE,TSMC,2026-05-15,1d,2310.000000,2325.000000,2250.000000,2265.000000,,34360513,FinMind
2330,TWSE,TSMC,2026-05-18,1d,2225.000000,2260.000000,2215.000000,2240.000000,,32966937,FinMind
2330,TWSE,TSMC,2026-05-19,1d,2220.000000,2230.000000,2205.000000,2205.000000,,45585931,FinMind
2330,TWSE,TSMC,2026-05-20,1d,2205.000000,2210.000000,2185.000000,2185.000000,,38332945,FinMind
2330,TWSE,TSMC,2026-05-21,1d,2240.000000,2255.000000,2230.000000,2230.000000,,24929331,FinMind
2330,TWSE,TSMC,2026-05-22,1d,2245.000000,2260.000000,2225.000000,2255.000000,,26823133,FinMind
2330,TWSE,TSMC,2026-05-25,1d,2275.000000,2310.000000,2275.000000,2310.000000,,28250944,FinMind
2330,TWSE,TSMC,2026-05-26,1d,2320.000000,2325.000000,2270.000000,2270.000000,,32781470,FinMind
2330,TWSE,TSMC,2026-05-27,1d,2310.000000,2330.000000,2290.000000,2300.000000,,40272350,FinMind
2330,TWSE,TSMC,2026-05-28,1d,2350.000000,2360.000000,2270.000000,2295.000000,,42313277,FinMind
2330,TWSE,TSMC,2026-05-29,1d,2340.000000,2375.000000,2330.000000,2355.000000,,104783831,FinMind
2330,TWSE,TSMC,2026-06-01,1d,2355.000000,2415.000000,2350.000000,2355.000000,,60942792,FinMind
2330,TWSE,TSMC,2026-06-02,1d,2390.000000,2400.000000,2360.000000,2380.000000,,41532527,FinMind
2330,TWSE,TSMC,2026-06-03,1d,2425.000000,2440.000000,2410.000000,2425.000000,,29219904,FinMind
2357,TWSE,華碩,2025-06-03,1d,627.000000,638.000000,626.000000,638.000000,,4210170,FinMind
2357,TWSE,華碩,2025-06-04,1d,645.000000,652.000000,628.000000,638.000000,,5522129,FinMind
2357,TWSE,華碩,2025-06-05,1d,635.000000,642.000000,629.000000,642.000000,,3025104,FinMind
2357,TWSE,華碩,2025-06-06,1d,645.000000,651.000000,639.000000,645.000000,,2726387,FinMind
2357,TWSE,華碩,2025-06-09,1d,645.000000,652.000000,644.000000,646.000000,,2335768,FinMind
2357,TWSE,華碩,2025-06-10,1d,653.000000,664.000000,653.000000,659.000000,,3032584,FinMind
2357,TWSE,華碩,2025-06-11,1d,665.000000,675.000000,664.000000,675.000000,,3651804,FinMind
2357,TWSE,華碩,2025-06-12,1d,675.000000,683.000000,671.000000,682.000000,,2832093,FinMind
2357,TWSE,華碩,2025-06-13,1d,674.000000,685.000000,674.000000,684.000000,,3798529,FinMind
2357,TWSE,華碩,2025-06-16,1d,681.000000,687.000000,677.000000,683.000000,,2374692,FinMind
2357,TWSE,華碩,2025-06-17,1d,688.000000,700.000000,684.000000,700.000000,,4845356,FinMind
2357,TWSE,華碩,2025-06-18,1d,696.000000,712.000000,696.000000,705.000000,,5201656,FinMind
2357,TWSE,華碩,2025-06-19,1d,707.000000,711.000000,699.000000,705.000000,,3130285,FinMind
2357,TWSE,華碩,2025-06-20,1d,705.000000,709.000000,683.000000,683.000000,,7919336,FinMind
2357,TWSE,華碩,2025-06-23,1d,672.000000,684.000000,668.000000,678.000000,,5677783,FinMind
2357,TWSE,華碩,2025-06-24,1d,682.000000,745.000000,678.000000,745.000000,,11432817,FinMind
2357,TWSE,華碩,2025-06-25,1d,710.000000,720.000000,699.000000,700.000000,,17498216,FinMind
2357,TWSE,華碩,2025-06-26,1d,665.000000,666.000000,632.000000,641.000000,,21635605,FinMind
2357,TWSE,華碩,2025-06-27,1d,644.000000,648.000000,636.000000,640.000000,,6968511,FinMind
2357,TWSE,華碩,2025-06-30,1d,645.000000,654.000000,640.000000,644.000000,,11285072,FinMind
2357,TWSE,華碩,2025-07-01,1d,648.000000,652.000000,643.000000,650.000000,,5751458,FinMind
2357,TWSE,華碩,2025-07-02,1d,650.000000,664.000000,649.000000,662.000000,,5107146,FinMind
2357,TWSE,華碩,2025-07-03,1d,658.000000,664.000000,637.000000,639.000000,,10325072,FinMind
2357,TWSE,華碩,2025-07-04,1d,639.000000,640.000000,625.000000,625.000000,,6444194,FinMind
2357,TWSE,華碩,2025-07-07,1d,624.000000,634.000000,624.000000,633.000000,,3217457,FinMind
2357,TWSE,華碩,2025-07-08,1d,632.000000,636.000000,627.000000,633.000000,,3335125,FinMind
2357,TWSE,華碩,2025-07-09,1d,634.000000,641.000000,632.000000,641.000000,,2872218,FinMind
2357,TWSE,華碩,2025-07-10,1d,646.000000,646.000000,637.000000,642.000000,,3612151,FinMind
2357,TWSE,華碩,2025-07-11,1d,643.000000,645.000000,641.000000,642.000000,,2668000,FinMind
2357,TWSE,華碩,2025-07-14,1d,643.000000,644.000000,624.000000,631.000000,,5663718,FinMind
2357,TWSE,華碩,2025-07-15,1d,631.000000,640.000000,630.000000,640.000000,,2434968,FinMind
2357,TWSE,華碩,2025-07-16,1d,641.000000,646.000000,635.000000,635.000000,,3488576,FinMind
2357,TWSE,華碩,2025-07-17,1d,642.000000,648.000000,638.000000,640.000000,,4298243,FinMind
2357,TWSE,華碩,2025-07-18,1d,645.000000,645.000000,636.000000,639.000000,,2384389,FinMind
2357,TWSE,華碩,2025-07-21,1d,643.000000,648.000000,640.000000,640.000000,,3501202,FinMind
2357,TWSE,華碩,2025-07-22,1d,646.000000,648.000000,623.000000,623.000000,,4607253,FinMind
2357,TWSE,華碩,2025-07-23,1d,628.000000,638.000000,628.000000,638.000000,,2971337,FinMind
2357,TWSE,華碩,2025-07-24,1d,641.000000,647.000000,639.000000,647.000000,,2933234,FinMind
2357,TWSE,華碩,2025-07-25,1d,647.000000,655.000000,643.000000,655.000000,,3905404,FinMind
2357,TWSE,華碩,2025-07-28,1d,658.000000,663.000000,653.000000,662.000000,,2687279,FinMind
2357,TWSE,華碩,2025-07-29,1d,660.000000,660.000000,646.000000,651.000000,,3760921,FinMind
2357,TWSE,華碩,2025-07-30,1d,654.000000,657.000000,645.000000,653.000000,,3437356,FinMind
2357,TWSE,華碩,2025-07-31,1d,651.000000,665.000000,650.000000,662.000000,,2979226,FinMind
2357,TWSE,華碩,2025-08-01,1d,654.000000,667.000000,651.000000,665.000000,,2483314,FinMind
2357,TWSE,華碩,2025-08-04,1d,660.000000,665.000000,654.000000,665.000000,,2661863,FinMind
2357,TWSE,華碩,2025-08-05,1d,669.000000,682.000000,665.000000,676.000000,,3761863,FinMind
2357,TWSE,華碩,2025-08-06,1d,678.000000,685.000000,674.000000,680.000000,,2941869,FinMind
2357,TWSE,華碩,2025-08-07,1d,682.000000,687.000000,681.000000,682.000000,,2151766,FinMind
2357,TWSE,華碩,2025-08-08,1d,686.000000,690.000000,676.000000,680.000000,,2850952,FinMind
2357,TWSE,華碩,2025-08-11,1d,676.000000,676.000000,654.000000,662.000000,,3003911,FinMind
2357,TWSE,華碩,2025-08-12,1d,667.000000,669.000000,653.000000,653.000000,,3140679,FinMind
2357,TWSE,華碩,2025-08-13,1d,656.000000,656.000000,638.000000,640.000000,,4076186,FinMind
2357,TWSE,華碩,2025-08-14,1d,640.000000,645.000000,629.000000,641.000000,,5000327,FinMind
2357,TWSE,華碩,2025-08-15,1d,641.000000,643.000000,629.000000,632.000000,,4179220,FinMind
2357,TWSE,華碩,2025-08-18,1d,631.000000,636.000000,629.000000,633.000000,,2339928,FinMind
2357,TWSE,華碩,2025-08-19,1d,633.000000,637.000000,630.000000,633.000000,,2389849,FinMind
2357,TWSE,華碩,2025-08-20,1d,634.000000,636.000000,625.000000,625.000000,,4229609,FinMind
2357,TWSE,華碩,2025-08-21,1d,629.000000,636.000000,625.000000,626.000000,,2384186,FinMind
2357,TWSE,華碩,2025-08-22,1d,628.000000,629.000000,621.000000,621.000000,,2227022,FinMind
2357,TWSE,華碩,2025-08-25,1d,630.000000,636.000000,627.000000,633.000000,,1936532,FinMind
2357,TWSE,華碩,2025-08-26,1d,631.000000,638.000000,630.000000,638.000000,,2107269,FinMind
2357,TWSE,華碩,2025-08-27,1d,636.000000,640.000000,634.000000,635.000000,,2148584,FinMind
2357,TWSE,華碩,2025-08-28,1d,635.000000,639.000000,634.000000,634.000000,,1724099,FinMind
2357,TWSE,華碩,2025-08-29,1d,638.000000,641.000000,631.000000,632.000000,,2068323,FinMind
2357,TWSE,華碩,2025-09-01,1d,630.000000,631.000000,616.000000,619.000000,,2118727,FinMind
2357,TWSE,華碩,2025-09-02,1d,620.000000,625.000000,615.000000,619.000000,,1685453,FinMind
2357,TWSE,華碩,2025-09-03,1d,619.000000,633.000000,619.000000,625.000000,,1842195,FinMind
2357,TWSE,華碩,2025-09-04,1d,629.000000,644.000000,629.000000,635.000000,,2176791,FinMind
2357,TWSE,華碩,2025-09-05,1d,640.000000,647.000000,638.000000,645.000000,,1804339,FinMind
2357,TWSE,華碩,2025-09-08,1d,647.000000,651.000000,645.000000,645.000000,,1561835,FinMind
2357,TWSE,華碩,2025-09-09,1d,653.000000,665.000000,648.000000,661.000000,,3790408,FinMind
2357,TWSE,華碩,2025-09-10,1d,667.000000,677.000000,663.000000,668.000000,,3599319,FinMind
2357,TWSE,華碩,2025-09-11,1d,682.000000,709.000000,680.000000,691.000000,,7729035,FinMind
2357,TWSE,華碩,2025-09-12,1d,695.000000,714.000000,694.000000,707.000000,,5432491,FinMind
2357,TWSE,華碩,2025-09-15,1d,707.000000,710.000000,692.000000,692.000000,,2588080,FinMind
2357,TWSE,華碩,2025-09-16,1d,695.000000,697.000000,685.000000,685.000000,,2759197,FinMind
2357,TWSE,華碩,2025-09-17,1d,685.000000,685.000000,671.000000,673.000000,,2924234,FinMind
2357,TWSE,華碩,2025-09-18,1d,680.000000,687.000000,673.000000,680.000000,,2646317,FinMind
2357,TWSE,華碩,2025-09-19,1d,681.000000,684.000000,668.000000,668.000000,,4765811,FinMind
2357,TWSE,華碩,2025-09-22,1d,673.000000,686.000000,673.000000,684.000000,,2252349,FinMind
2357,TWSE,華碩,2025-09-23,1d,689.000000,693.000000,682.000000,684.000000,,2540463,FinMind
2357,TWSE,華碩,2025-09-24,1d,685.000000,688.000000,675.000000,684.000000,,2261407,FinMind
2357,TWSE,華碩,2025-09-25,1d,684.000000,691.000000,678.000000,690.000000,,2548613,FinMind
2357,TWSE,華碩,2025-09-26,1d,690.000000,691.000000,672.000000,678.000000,,2294326,FinMind
2357,TWSE,華碩,2025-09-30,1d,672.000000,682.000000,668.000000,671.000000,,4335454,FinMind
2357,TWSE,華碩,2025-10-01,1d,672.000000,687.000000,670.000000,676.000000,,2841822,FinMind
2357,TWSE,華碩,2025-10-02,1d,681.000000,688.000000,680.000000,684.000000,,2148050,FinMind
2357,TWSE,華碩,2025-10-03,1d,688.000000,692.000000,683.000000,685.000000,,2345070,FinMind
2357,TWSE,華碩,2025-10-07,1d,688.000000,693.000000,682.000000,691.000000,,2942349,FinMind
2357,TWSE,華碩,2025-10-08,1d,689.000000,696.000000,686.000000,692.000000,,2520764,FinMind
2357,TWSE,華碩,2025-10-09,1d,698.000000,698.000000,673.000000,677.000000,,3477971,FinMind
2357,TWSE,華碩,2025-10-13,1d,670.000000,697.000000,670.000000,697.000000,,4657080,FinMind
2357,TWSE,華碩,2025-10-14,1d,717.000000,719.000000,686.000000,687.000000,,4449546,FinMind
2357,TWSE,華碩,2025-10-15,1d,696.000000,696.000000,681.000000,684.000000,,3822857,FinMind
2357,TWSE,華碩,2025-10-16,1d,685.000000,690.000000,679.000000,685.000000,,1934330,FinMind
2357,TWSE,華碩,2025-10-17,1d,685.000000,694.000000,684.000000,685.000000,,1792094,FinMind
2357,TWSE,華碩,2025-10-20,1d,691.000000,691.000000,681.000000,686.000000,,2283828,FinMind
2357,TWSE,華碩,2025-10-21,1d,691.000000,698.000000,689.000000,691.000000,,1534653,FinMind
2357,TWSE,華碩,2025-10-22,1d,691.000000,699.000000,690.000000,699.000000,,1165554,FinMind
2357,TWSE,華碩,2025-10-23,1d,695.000000,702.000000,693.000000,698.000000,,1715457,FinMind
2357,TWSE,華碩,2025-10-27,1d,710.000000,714.000000,702.000000,714.000000,,3523834,FinMind
2357,TWSE,華碩,2025-10-28,1d,714.000000,715.000000,705.000000,709.000000,,1904229,FinMind
2357,TWSE,華碩,2025-10-29,1d,712.000000,716.000000,708.000000,709.000000,,1912467,FinMind
2357,TWSE,華碩,2025-10-30,1d,709.000000,714.000000,702.000000,709.000000,,2369204,FinMind
2357,TWSE,華碩,2025-10-31,1d,709.000000,709.000000,697.000000,697.000000,,2617669,FinMind
2357,TWSE,華碩,2025-11-03,1d,692.000000,702.000000,689.000000,691.000000,,3097185,FinMind
2357,TWSE,華碩,2025-11-04,1d,698.000000,705.000000,687.000000,688.000000,,2544205,FinMind
2357,TWSE,華碩,2025-11-05,1d,684.000000,684.000000,666.000000,681.000000,,3424467,FinMind
2357,TWSE,華碩,2025-11-06,1d,679.000000,685.000000,677.000000,681.000000,,2990660,FinMind
2357,TWSE,華碩,2025-11-07,1d,678.000000,678.000000,663.000000,664.000000,,3583582,FinMind
2357,TWSE,華碩,2025-11-10,1d,670.000000,672.000000,662.000000,663.000000,,2587128,FinMind
2357,TWSE,華碩,2025-11-11,1d,668.000000,673.000000,661.000000,661.000000,,3200569,FinMind
2357,TWSE,華碩,2025-11-12,1d,664.000000,664.000000,646.000000,647.000000,,6078152,FinMind
2357,TWSE,華碩,2025-11-13,1d,648.000000,649.000000,633.000000,633.000000,,5110970,FinMind
2357,TWSE,華碩,2025-11-14,1d,625.000000,638.000000,625.000000,633.000000,,3558400,FinMind
2357,TWSE,華碩,2025-11-17,1d,637.000000,637.000000,610.000000,610.000000,,6416499,FinMind
2357,TWSE,華碩,2025-11-18,1d,586.000000,598.000000,563.000000,563.000000,,10997319,FinMind
2357,TWSE,華碩,2025-11-19,1d,565.000000,578.000000,562.000000,566.000000,,4407340,FinMind
2357,TWSE,華碩,2025-11-20,1d,581.000000,583.000000,571.000000,573.000000,,3669211,FinMind
2357,TWSE,華碩,2025-11-21,1d,559.000000,583.000000,557.000000,573.000000,,5705448,FinMind
2357,TWSE,華碩,2025-11-24,1d,580.000000,593.000000,579.000000,585.000000,,7309420,FinMind
2357,TWSE,華碩,2025-11-25,1d,589.000000,594.000000,584.000000,590.000000,,3906167,FinMind
2357,TWSE,華碩,2025-11-26,1d,594.000000,616.000000,594.000000,612.000000,,3697739,FinMind
2357,TWSE,華碩,2025-11-27,1d,612.000000,619.000000,610.000000,611.000000,,2851548,FinMind
2357,TWSE,華碩,2025-11-28,1d,611.000000,612.000000,601.000000,601.000000,,3405189,FinMind
2357,TWSE,華碩,2025-12-01,1d,602.000000,614.000000,602.000000,603.000000,,2335806,FinMind
2357,TWSE,華碩,2025-12-02,1d,607.000000,608.000000,601.000000,607.000000,,2028846,FinMind
2357,TWSE,華碩,2025-12-03,1d,610.000000,622.000000,607.000000,616.000000,,3544654,FinMind
2357,TWSE,華碩,2025-12-04,1d,619.000000,621.000000,605.000000,607.000000,,2834061,FinMind
2357,TWSE,華碩,2025-12-05,1d,611.000000,614.000000,603.000000,609.000000,,2230728,FinMind
2357,TWSE,華碩,2025-12-08,1d,608.000000,608.000000,599.000000,602.000000,,2606032,FinMind
2357,TWSE,華碩,2025-12-09,1d,607.000000,610.000000,594.000000,596.000000,,2661652,FinMind
2357,TWSE,華碩,2025-12-10,1d,601.000000,608.000000,595.000000,595.000000,,1888295,FinMind
2357,TWSE,華碩,2025-12-11,1d,599.000000,601.000000,587.000000,592.000000,,2709905,FinMind
2357,TWSE,華碩,2025-12-12,1d,596.000000,599.000000,588.000000,588.000000,,2342889,FinMind
2357,TWSE,華碩,2025-12-15,1d,585.000000,588.000000,581.000000,584.000000,,2562094,FinMind
2357,TWSE,華碩,2025-12-16,1d,580.000000,600.000000,576.000000,586.000000,,10584934,FinMind
2357,TWSE,華碩,2025-12-17,1d,590.000000,595.000000,577.000000,577.000000,,9745442,FinMind
2357,TWSE,華碩,2025-12-18,1d,566.000000,580.000000,553.000000,554.000000,,12503671,FinMind
2357,TWSE,華碩,2025-12-19,1d,556.000000,564.000000,550.000000,550.000000,,13187404,FinMind
2357,TWSE,華碩,2025-12-22,1d,555.000000,562.000000,550.000000,550.000000,,9132744,FinMind
2357,TWSE,華碩,2025-12-23,1d,552.000000,555.000000,546.000000,546.000000,,9190451,FinMind
2357,TWSE,華碩,2025-12-24,1d,547.000000,551.000000,540.000000,544.000000,,10056098,FinMind
2357,TWSE,華碩,2025-12-26,1d,548.000000,556.000000,545.000000,551.000000,,8521760,FinMind
2357,TWSE,華碩,2025-12-29,1d,554.000000,557.000000,543.000000,543.000000,,3643793,FinMind
2357,TWSE,華碩,2025-12-30,1d,545.000000,548.000000,535.000000,540.000000,,3645565,FinMind
2357,TWSE,華碩,2025-12-31,1d,542.000000,553.000000,541.000000,548.000000,,2714103,FinMind
2357,TWSE,華碩,2026-01-02,1d,554.000000,563.000000,552.000000,555.000000,,4418986,FinMind
2357,TWSE,華碩,2026-01-05,1d,555.000000,558.000000,546.000000,546.000000,,5388987,FinMind
2357,TWSE,華碩,2026-01-06,1d,545.000000,548.000000,538.000000,539.000000,,4610828,FinMind
2357,TWSE,華碩,2026-01-07,1d,539.000000,547.000000,535.000000,543.000000,,4753977,FinMind
2357,TWSE,華碩,2026-01-08,1d,540.000000,542.000000,530.000000,530.000000,,6823126,FinMind
2357,TWSE,華碩,2026-01-09,1d,526.000000,532.000000,517.000000,529.000000,,7926302,FinMind
2357,TWSE,華碩,2026-01-12,1d,538.000000,546.000000,534.000000,546.000000,,6272483,FinMind
2357,TWSE,華碩,2026-01-13,1d,541.000000,544.000000,517.000000,518.000000,,9703700,FinMind
2357,TWSE,華碩,2026-01-14,1d,521.000000,529.000000,521.000000,528.000000,,4821068,FinMind
2357,TWSE,華碩,2026-01-15,1d,528.000000,528.000000,517.000000,521.000000,,4717395,FinMind
2357,TWSE,華碩,2026-01-16,1d,520.000000,525.000000,510.000000,510.000000,,7214065,FinMind
2357,TWSE,華碩,2026-01-19,1d,512.000000,516.000000,508.000000,510.000000,,5070169,FinMind
2357,TWSE,華碩,2026-01-20,1d,512.000000,519.000000,508.000000,510.000000,,4120391,FinMind
2357,TWSE,華碩,2026-01-21,1d,505.000000,506.000000,500.000000,501.000000,,5241739,FinMind
2357,TWSE,華碩,2026-01-22,1d,508.000000,512.000000,505.000000,511.000000,,2982562,FinMind
2357,TWSE,華碩,2026-01-23,1d,515.000000,522.000000,513.000000,515.000000,,2596091,FinMind
2357,TWSE,華碩,2026-01-26,1d,513.000000,513.000000,503.000000,505.000000,,3842376,FinMind
2357,TWSE,華碩,2026-01-27,1d,508.000000,512.000000,504.000000,504.000000,,3017592,FinMind
2357,TWSE,華碩,2026-01-28,1d,508.000000,510.000000,502.000000,510.000000,,3705932,FinMind
2357,TWSE,華碩,2026-01-29,1d,510.000000,513.000000,505.000000,507.000000,,3452303,FinMind
2357,TWSE,華碩,2026-01-30,1d,505.000000,505.000000,495.500000,496.000000,,4618882,FinMind
2357,TWSE,華碩,2026-02-02,1d,496.000000,509.000000,490.000000,499.500000,,4479402,FinMind
2357,TWSE,華碩,2026-02-03,1d,505.000000,511.000000,498.500000,501.000000,,3178104,FinMind
2357,TWSE,華碩,2026-02-04,1d,500.000000,504.000000,498.500000,502.000000,,2467069,FinMind
2357,TWSE,華碩,2026-02-05,1d,501.000000,513.000000,501.000000,502.000000,,4214026,FinMind
2357,TWSE,華碩,2026-02-06,1d,501.000000,515.000000,493.000000,508.000000,,4197629,FinMind
2357,TWSE,華碩,2026-02-09,1d,513.000000,513.000000,502.000000,503.000000,,3829784,FinMind
2357,TWSE,華碩,2026-02-10,1d,508.000000,530.000000,506.000000,526.000000,,5244160,FinMind
2357,TWSE,華碩,2026-02-11,1d,525.000000,526.000000,517.000000,523.000000,,3814390,FinMind
2357,TWSE,華碩,2026-02-23,1d,518.000000,518.000000,507.000000,509.000000,,6095678,FinMind
2357,TWSE,華碩,2026-02-24,1d,509.000000,520.000000,507.000000,515.000000,,5031474,FinMind
2357,TWSE,華碩,2026-02-25,1d,522.000000,533.000000,521.000000,525.000000,,5778458,FinMind
2357,TWSE,華碩,2026-02-26,1d,530.000000,535.000000,522.000000,532.000000,,4661180,FinMind
2357,TWSE,華碩,2026-03-02,1d,533.000000,536.000000,526.000000,530.000000,,3613935,FinMind
2357,TWSE,華碩,2026-03-03,1d,530.000000,533.000000,519.000000,521.000000,,3860286,FinMind
2357,TWSE,華碩,2026-03-04,1d,515.000000,515.000000,500.000000,500.000000,,5210844,FinMind
2357,TWSE,華碩,2026-03-05,1d,510.000000,520.000000,508.000000,518.000000,,3850664,FinMind
2357,TWSE,華碩,2026-03-06,1d,514.000000,530.000000,513.000000,527.000000,,3155564,FinMind
2357,TWSE,華碩,2026-03-09,1d,505.000000,520.000000,500.000000,517.000000,,4149228,FinMind
2357,TWSE,華碩,2026-03-10,1d,524.000000,532.000000,521.000000,531.000000,,5243871,FinMind
2357,TWSE,華碩,2026-03-11,1d,556.000000,584.000000,556.000000,584.000000,,10065627,FinMind
2357,TWSE,華碩,2026-03-12,1d,591.000000,593.000000,574.000000,581.000000,,9791806,FinMind
2357,TWSE,華碩,2026-03-13,1d,574.000000,594.000000,573.000000,589.000000,,7586095,FinMind
2357,TWSE,華碩,2026-03-16,1d,592.000000,592.000000,581.000000,589.000000,,3975555,FinMind
2357,TWSE,華碩,2026-03-17,1d,592.000000,595.000000,589.000000,593.000000,,4286354,FinMind
2357,TWSE,華碩,2026-03-18,1d,598.000000,604.000000,590.000000,594.000000,,4891953,FinMind
2357,TWSE,華碩,2026-03-19,1d,589.000000,594.000000,578.000000,578.000000,,4095849,FinMind
2357,TWSE,華碩,2026-03-20,1d,582.000000,590.000000,574.000000,582.000000,,4989313,FinMind
2357,TWSE,華碩,2026-03-23,1d,572.000000,575.000000,560.000000,563.000000,,5151764,FinMind
2357,TWSE,華碩,2026-03-24,1d,575.000000,576.000000,562.000000,565.000000,,3350811,FinMind
2357,TWSE,華碩,2026-03-25,1d,576.000000,577.000000,562.000000,565.000000,,4343526,FinMind
2357,TWSE,華碩,2026-03-26,1d,566.000000,577.000000,563.000000,574.000000,,3248027,FinMind
2357,TWSE,華碩,2026-03-27,1d,572.000000,577.000000,566.000000,577.000000,,2481563,FinMind
2357,TWSE,華碩,2026-03-30,1d,569.000000,571.000000,562.000000,562.000000,,3172392,FinMind
2357,TWSE,華碩,2026-03-31,1d,560.000000,565.000000,548.000000,549.000000,,4343038,FinMind
2357,TWSE,華碩,2026-04-01,1d,568.000000,570.000000,560.000000,567.000000,,3100177,FinMind
2357,TWSE,華碩,2026-04-02,1d,570.000000,570.000000,551.000000,555.000000,,3384391,FinMind
2357,TWSE,華碩,2026-04-07,1d,561.000000,563.000000,545.000000,550.000000,,2709937,FinMind
2357,TWSE,華碩,2026-04-08,1d,565.000000,571.000000,561.000000,562.000000,,3447711,FinMind
2357,TWSE,華碩,2026-04-09,1d,563.000000,568.000000,560.000000,568.000000,,2442567,FinMind
2357,TWSE,華碩,2026-04-10,1d,584.000000,584.000000,575.000000,578.000000,,3617167,FinMind
2357,TWSE,華碩,2026-04-13,1d,573.000000,579.000000,565.000000,578.000000,,2913908,FinMind
2357,TWSE,華碩,2026-04-14,1d,584.000000,585.000000,578.000000,580.000000,,3431946,FinMind
2357,TWSE,華碩,2026-04-15,1d,584.000000,587.000000,580.000000,584.000000,,4199393,FinMind
2357,TWSE,華碩,2026-04-16,1d,584.000000,595.000000,584.000000,589.000000,,4191246,FinMind
2357,TWSE,華碩,2026-04-17,1d,590.000000,608.000000,588.000000,599.000000,,5743396,FinMind
2357,TWSE,華碩,2026-04-20,1d,606.000000,609.000000,601.000000,605.000000,,4113459,FinMind
2357,TWSE,華碩,2026-04-21,1d,606.000000,609.000000,592.000000,599.000000,,5134459,FinMind
2357,TWSE,華碩,2026-04-22,1d,598.000000,609.000000,595.000000,609.000000,,4673650,FinMind
2357,TWSE,華碩,2026-04-23,1d,613.000000,619.000000,591.000000,598.000000,,5700773,FinMind
2357,TWSE,華碩,2026-04-24,1d,598.000000,601.000000,584.000000,585.000000,,5501754,FinMind
2357,TWSE,華碩,2026-04-27,1d,587.000000,596.000000,585.000000,588.000000,,3081255,FinMind
2357,TWSE,華碩,2026-04-28,1d,589.000000,591.000000,583.000000,588.000000,,2335533,FinMind
2357,TWSE,華碩,2026-04-29,1d,590.000000,595.000000,585.000000,588.000000,,2430601,FinMind
2357,TWSE,華碩,2026-04-30,1d,585.000000,590.000000,581.000000,581.000000,,3074874,FinMind
2357,TWSE,華碩,2026-05-04,1d,588.000000,597.000000,582.000000,591.000000,,3911466,FinMind
2357,TWSE,華碩,2026-05-05,1d,590.000000,594.000000,588.000000,590.000000,,2560325,FinMind
2357,TWSE,華碩,2026-05-06,1d,598.000000,634.000000,596.000000,629.000000,,8876828,FinMind
2357,TWSE,華碩,2026-05-07,1d,633.000000,655.000000,625.000000,639.000000,,9859127,FinMind
2357,TWSE,華碩,2026-05-08,1d,640.000000,670.000000,638.000000,650.000000,,9024005,FinMind
2357,TWSE,華碩,2026-05-11,1d,661.000000,699.000000,658.000000,686.000000,,10283055,FinMind
2357,TWSE,華碩,2026-05-12,1d,686.000000,693.000000,672.000000,673.000000,,6512973,FinMind
2357,TWSE,華碩,2026-05-13,1d,648.000000,672.000000,648.000000,663.000000,,7182022,FinMind
2357,TWSE,華碩,2026-05-14,1d,675.000000,687.000000,667.000000,679.000000,,5612825,FinMind
2357,TWSE,華碩,2026-05-15,1d,681.000000,682.000000,638.000000,641.000000,,6804649,FinMind
2357,TWSE,華碩,2026-05-18,1d,637.000000,641.000000,622.000000,635.000000,,3968471,FinMind
2357,TWSE,華碩,2026-05-19,1d,636.000000,651.000000,635.000000,642.000000,,4896613,FinMind
2357,TWSE,華碩,2026-05-20,1d,645.000000,650.000000,636.000000,640.000000,,3822713,FinMind
2357,TWSE,華碩,2026-05-21,1d,652.000000,658.000000,647.000000,656.000000,,4814040,FinMind
2357,TWSE,華碩,2026-05-22,1d,656.000000,685.000000,655.000000,682.000000,,5480314,FinMind
2357,TWSE,華碩,2026-05-25,1d,692.000000,717.000000,690.000000,709.000000,,6899791,FinMind
2357,TWSE,華碩,2026-05-26,1d,711.000000,717.000000,694.000000,699.000000,,4568619,FinMind
2357,TWSE,華碩,2026-05-27,1d,700.000000,709.000000,694.000000,701.000000,,4222844,FinMind
2357,TWSE,華碩,2026-05-28,1d,703.000000,711.000000,690.000000,692.000000,,4308608,FinMind
2357,TWSE,華碩,2026-05-29,1d,708.000000,761.000000,708.000000,761.000000,,13953540,FinMind
2357,TWSE,華碩,2026-06-01,1d,837.000000,837.000000,837.000000,837.000000,,4445549,FinMind
2357,TWSE,華碩,2026-06-02,1d,914.000000,920.000000,883.000000,920.000000,,11557431,FinMind
2357,TWSE,華碩,2026-06-03,1d,954.000000,964.000000,899.000000,931.000000,,13575996,FinMind
2454,TWSE,聯發科,2025-06-03,1d,1270.000000,1290.000000,1265.000000,1275.000000,,5807284,FinMind
2454,TWSE,聯發科,2025-06-04,1d,1280.000000,1290.000000,1260.000000,1275.000000,,10763483,FinMind
2454,TWSE,聯發科,2025-06-05,1d,1260.000000,1265.000000,1235.000000,1245.000000,,16144910,FinMind
2454,TWSE,聯發科,2025-06-06,1d,1250.000000,1280.000000,1245.000000,1280.000000,,10993646,FinMind
2454,TWSE,聯發科,2025-06-09,1d,1290.000000,1300.000000,1275.000000,1285.000000,,8132095,FinMind
2454,TWSE,聯發科,2025-06-10,1d,1300.000000,1335.000000,1300.000000,1335.000000,,11936093,FinMind
2454,TWSE,聯發科,2025-06-11,1d,1340.000000,1345.000000,1305.000000,1315.000000,,12029172,FinMind
2454,TWSE,聯發科,2025-06-12,1d,1300.000000,1305.000000,1280.000000,1285.000000,,11678446,FinMind
2454,TWSE,聯發科,2025-06-13,1d,1255.000000,1265.000000,1250.000000,1250.000000,,9534606,FinMind
2454,TWSE,聯發科,2025-06-16,1d,1260.000000,1270.000000,1250.000000,1255.000000,,4284348,FinMind
2454,TWSE,聯發科,2025-06-17,1d,1260.000000,1280.000000,1260.000000,1275.000000,,5831116,FinMind
2454,TWSE,聯發科,2025-06-18,1d,1265.000000,1290.000000,1260.000000,1285.000000,,5972295,FinMind
2454,TWSE,聯發科,2025-06-19,1d,1280.000000,1285.000000,1265.000000,1265.000000,,4944842,FinMind
2454,TWSE,聯發科,2025-06-20,1d,1265.000000,1275.000000,1245.000000,1250.000000,,5606034,FinMind
2454,TWSE,聯發科,2025-06-23,1d,1230.000000,1260.000000,1225.000000,1255.000000,,4528761,FinMind
2454,TWSE,聯發科,2025-06-24,1d,1275.000000,1285.000000,1260.000000,1270.000000,,4576079,FinMind
2454,TWSE,聯發科,2025-06-25,1d,1280.000000,1300.000000,1280.000000,1295.000000,,6418795,FinMind
2454,TWSE,聯發科,2025-06-26,1d,1295.000000,1300.000000,1285.000000,1290.000000,,5312078,FinMind
2454,TWSE,聯發科,2025-06-27,1d,1285.000000,1300.000000,1280.000000,1285.000000,,5979958,FinMind
2454,TWSE,聯發科,2025-06-30,1d,1290.000000,1300.000000,1250.000000,1250.000000,,7970814,FinMind
2454,TWSE,聯發科,2025-07-01,1d,1265.000000,1305.000000,1265.000000,1275.000000,,8803695,FinMind
2454,TWSE,聯發科,2025-07-02,1d,1295.000000,1300.000000,1275.000000,1295.000000,,7261051,FinMind
2454,TWSE,聯發科,2025-07-03,1d,1300.000000,1300.000000,1270.000000,1270.000000,,11872297,FinMind
2454,TWSE,聯發科,2025-07-04,1d,1290.000000,1305.000000,1285.000000,1290.000000,,7363385,FinMind
2454,TWSE,聯發科,2025-07-07,1d,1300.000000,1300.000000,1280.000000,1280.000000,,4549857,FinMind
2454,TWSE,聯發科,2025-07-08,1d,1280.000000,1280.000000,1265.000000,1270.000000,,3658204,FinMind
2454,TWSE,聯發科,2025-07-09,1d,1280.000000,1360.000000,1280.000000,1355.000000,,14460572,FinMind
2454,TWSE,聯發科,2025-07-10,1d,1375.000000,1400.000000,1360.000000,1400.000000,,12339983,FinMind
2454,TWSE,聯發科,2025-07-11,1d,1405.000000,1420.000000,1390.000000,1420.000000,,10428598,FinMind
2454,TWSE,聯發科,2025-07-14,1d,1410.000000,1410.000000,1385.000000,1385.000000,,6067428,FinMind
2454,TWSE,聯發科,2025-07-15,1d,1385.000000,1405.000000,1380.000000,1395.000000,,4659162,FinMind
2454,TWSE,聯發科,2025-07-16,1d,1395.000000,1415.000000,1395.000000,1410.000000,,6099561,FinMind
2454,TWSE,聯發科,2025-07-17,1d,1405.000000,1420.000000,1385.000000,1390.000000,,5516070,FinMind
2454,TWSE,聯發科,2025-07-18,1d,1405.000000,1410.000000,1400.000000,1410.000000,,5064123,FinMind
2454,TWSE,聯發科,2025-07-21,1d,1415.000000,1445.000000,1410.000000,1425.000000,,6030920,FinMind
2454,TWSE,聯發科,2025-07-22,1d,1440.000000,1455.000000,1425.000000,1430.000000,,8242534,FinMind
2454,TWSE,聯發科,2025-07-23,1d,1455.000000,1455.000000,1425.000000,1430.000000,,5013381,FinMind
2454,TWSE,聯發科,2025-07-24,1d,1445.000000,1450.000000,1420.000000,1430.000000,,5122916,FinMind
2454,TWSE,聯發科,2025-07-25,1d,1430.000000,1445.000000,1415.000000,1430.000000,,5942860,FinMind
2454,TWSE,聯發科,2025-07-28,1d,1435.000000,1440.000000,1385.000000,1400.000000,,7334211,FinMind
2454,TWSE,聯發科,2025-07-29,1d,1390.000000,1395.000000,1350.000000,1360.000000,,10316682,FinMind
2454,TWSE,聯發科,2025-07-30,1d,1365.000000,1385.000000,1360.000000,1380.000000,,5754600,FinMind
2454,TWSE,聯發科,2025-07-31,1d,1360.000000,1385.000000,1340.000000,1370.000000,,9291286,FinMind
2454,TWSE,聯發科,2025-08-01,1d,1350.000000,1375.000000,1350.000000,1350.000000,,6495615,FinMind
2454,TWSE,聯發科,2025-08-04,1d,1340.000000,1350.000000,1330.000000,1330.000000,,5214085,FinMind
2454,TWSE,聯發科,2025-08-05,1d,1350.000000,1355.000000,1340.000000,1340.000000,,3858955,FinMind
2454,TWSE,聯發科,2025-08-06,1d,1340.000000,1350.000000,1320.000000,1320.000000,,5970701,FinMind
2454,TWSE,聯發科,2025-08-07,1d,1345.000000,1365.000000,1345.000000,1355.000000,,5689384,FinMind
2454,TWSE,聯發科,2025-08-08,1d,1355.000000,1360.000000,1335.000000,1350.000000,,5865744,FinMind
2454,TWSE,聯發科,2025-08-11,1d,1350.000000,1370.000000,1340.000000,1355.000000,,3971509,FinMind
2454,TWSE,聯發科,2025-08-12,1d,1360.000000,1370.000000,1350.000000,1360.000000,,3496091,FinMind
2454,TWSE,聯發科,2025-08-13,1d,1370.000000,1385.000000,1360.000000,1370.000000,,8333913,FinMind
2454,TWSE,聯發科,2025-08-14,1d,1370.000000,1395.000000,1365.000000,1390.000000,,4747498,FinMind
2454,TWSE,聯發科,2025-08-15,1d,1395.000000,1400.000000,1370.000000,1370.000000,,4475553,FinMind
2454,TWSE,聯發科,2025-08-18,1d,1375.000000,1410.000000,1375.000000,1410.000000,,7238014,FinMind
2454,TWSE,聯發科,2025-08-19,1d,1415.000000,1430.000000,1390.000000,1390.000000,,6589846,FinMind
2454,TWSE,聯發科,2025-08-20,1d,1380.000000,1390.000000,1350.000000,1355.000000,,7113575,FinMind
2454,TWSE,聯發科,2025-08-21,1d,1350.000000,1375.000000,1345.000000,1365.000000,,4554398,FinMind
2454,TWSE,聯發科,2025-08-22,1d,1365.000000,1375.000000,1355.000000,1365.000000,,2800266,FinMind
2454,TWSE,聯發科,2025-08-25,1d,1385.000000,1410.000000,1380.000000,1410.000000,,5280140,FinMind
2454,TWSE,聯發科,2025-08-26,1d,1405.000000,1410.000000,1380.000000,1400.000000,,5465231,FinMind
2454,TWSE,聯發科,2025-08-27,1d,1405.000000,1410.000000,1395.000000,1400.000000,,3506996,FinMind
2454,TWSE,聯發科,2025-08-28,1d,1395.000000,1405.000000,1385.000000,1385.000000,,3889428,FinMind
2454,TWSE,聯發科,2025-08-29,1d,1390.000000,1405.000000,1370.000000,1370.000000,,4055886,FinMind
2454,TWSE,聯發科,2025-09-01,1d,1370.000000,1380.000000,1350.000000,1360.000000,,3937354,FinMind
2454,TWSE,聯發科,2025-09-02,1d,1360.000000,1380.000000,1360.000000,1360.000000,,3365146,FinMind
2454,TWSE,聯發科,2025-09-03,1d,1380.000000,1400.000000,1370.000000,1395.000000,,4795588,FinMind
2454,TWSE,聯發科,2025-09-04,1d,1405.000000,1405.000000,1380.000000,1385.000000,,3501155,FinMind
2454,TWSE,聯發科,2025-09-05,1d,1400.000000,1435.000000,1395.000000,1435.000000,,9434638,FinMind
2454,TWSE,聯發科,2025-09-08,1d,1450.000000,1460.000000,1425.000000,1430.000000,,6680707,FinMind
2454,TWSE,聯發科,2025-09-09,1d,1445.000000,1515.000000,1435.000000,1510.000000,,11956440,FinMind
2454,TWSE,聯發科,2025-09-10,1d,1520.000000,1520.000000,1485.000000,1490.000000,,6863070,FinMind
2454,TWSE,聯發科,2025-09-11,1d,1505.000000,1510.000000,1480.000000,1480.000000,,4767141,FinMind
2454,TWSE,聯發科,2025-09-12,1d,1495.000000,1500.000000,1470.000000,1485.000000,,4412355,FinMind
2454,TWSE,聯發科,2025-09-15,1d,1490.000000,1495.000000,1480.000000,1485.000000,,2858166,FinMind
2454,TWSE,聯發科,2025-09-16,1d,1500.000000,1545.000000,1495.000000,1535.000000,,8933496,FinMind
2454,TWSE,聯發科,2025-09-17,1d,1545.000000,1545.000000,1510.000000,1510.000000,,4850205,FinMind
2454,TWSE,聯發科,2025-09-18,1d,1525.000000,1530.000000,1495.000000,1510.000000,,3898960,FinMind
2454,TWSE,聯發科,2025-09-19,1d,1500.000000,1505.000000,1440.000000,1440.000000,,14627316,FinMind
2454,TWSE,聯發科,2025-09-22,1d,1425.000000,1430.000000,1400.000000,1405.000000,,9812784,FinMind
2454,TWSE,聯發科,2025-09-23,1d,1390.000000,1405.000000,1375.000000,1375.000000,,12576021,FinMind
2454,TWSE,聯發科,2025-09-24,1d,1345.000000,1355.000000,1330.000000,1330.000000,,12755552,FinMind
2454,TWSE,聯發科,2025-09-25,1d,1330.000000,1365.000000,1330.000000,1345.000000,,8286782,FinMind
2454,TWSE,聯發科,2025-09-26,1d,1345.000000,1350.000000,1310.000000,1310.000000,,7611319,FinMind
2454,TWSE,聯發科,2025-09-30,1d,1310.000000,1325.000000,1290.000000,1315.000000,,8306274,FinMind
2454,TWSE,聯發科,2025-10-01,1d,1305.000000,1305.000000,1285.000000,1285.000000,,7751607,FinMind
2454,TWSE,聯發科,2025-10-02,1d,1290.000000,1300.000000,1280.000000,1280.000000,,10088897,FinMind
2454,TWSE,聯發科,2025-10-03,1d,1285.000000,1325.000000,1285.000000,1320.000000,,7236351,FinMind
2454,TWSE,聯發科,2025-10-07,1d,1325.000000,1335.000000,1305.000000,1325.000000,,7486053,FinMind
2454,TWSE,聯發科,2025-10-08,1d,1330.000000,1350.000000,1325.000000,1335.000000,,5299148,FinMind
2454,TWSE,聯發科,2025-10-09,1d,1350.000000,1370.000000,1335.000000,1345.000000,,5265459,FinMind
2454,TWSE,聯發科,2025-10-13,1d,1330.000000,1330.000000,1300.000000,1315.000000,,8122847,FinMind
2454,TWSE,聯發科,2025-10-14,1d,1330.000000,1340.000000,1300.000000,1305.000000,,5948388,FinMind
2454,TWSE,聯發科,2025-10-15,1d,1325.000000,1330.000000,1300.000000,1315.000000,,4631857,FinMind
2454,TWSE,聯發科,2025-10-16,1d,1320.000000,1340.000000,1320.000000,1330.000000,,4051576,FinMind
2454,TWSE,聯發科,2025-10-17,1d,1340.000000,1360.000000,1325.000000,1330.000000,,8663045,FinMind
2454,TWSE,聯發科,2025-10-20,1d,1335.000000,1345.000000,1325.000000,1340.000000,,3725225,FinMind
2454,TWSE,聯發科,2025-10-21,1d,1350.000000,1355.000000,1335.000000,1340.000000,,4220554,FinMind
2454,TWSE,聯發科,2025-10-22,1d,1335.000000,1345.000000,1325.000000,1330.000000,,3868924,FinMind
2454,TWSE,聯發科,2025-10-23,1d,1325.000000,1330.000000,1290.000000,1295.000000,,8788088,FinMind
2454,TWSE,聯發科,2025-10-27,1d,1320.000000,1340.000000,1310.000000,1335.000000,,5937221,FinMind
2454,TWSE,聯發科,2025-10-28,1d,1330.000000,1335.000000,1310.000000,1315.000000,,5361231,FinMind
2454,TWSE,聯發科,2025-10-29,1d,1305.000000,1330.000000,1300.000000,1300.000000,,8508525,FinMind
2454,TWSE,聯發科,2025-10-30,1d,1305.000000,1325.000000,1300.000000,1310.000000,,5817287,FinMind
2454,TWSE,聯發科,2025-10-31,1d,1300.000000,1325.000000,1290.000000,1310.000000,,7731098,FinMind
2454,TWSE,聯發科,2025-11-03,1d,1310.000000,1325.000000,1280.000000,1300.000000,,11818214,FinMind
2454,TWSE,聯發科,2025-11-04,1d,1290.000000,1315.000000,1285.000000,1315.000000,,6554186,FinMind
2454,TWSE,聯發科,2025-11-05,1d,1295.000000,1330.000000,1285.000000,1330.000000,,7083306,FinMind
2454,TWSE,聯發科,2025-11-06,1d,1320.000000,1330.000000,1290.000000,1290.000000,,8025111,FinMind
2454,TWSE,聯發科,2025-11-07,1d,1285.000000,1295.000000,1260.000000,1260.000000,,8573403,FinMind
2454,TWSE,聯發科,2025-11-10,1d,1250.000000,1260.000000,1250.000000,1250.000000,,5623223,FinMind
2454,TWSE,聯發科,2025-11-11,1d,1250.000000,1270.000000,1240.000000,1240.000000,,6110008,FinMind
2454,TWSE,聯發科,2025-11-12,1d,1240.000000,1260.000000,1240.000000,1245.000000,,4410578,FinMind
2454,TWSE,聯發科,2025-11-13,1d,1240.000000,1255.000000,1235.000000,1245.000000,,3456429,FinMind
2454,TWSE,聯發科,2025-11-14,1d,1230.000000,1255.000000,1225.000000,1230.000000,,4560804,FinMind
2454,TWSE,聯發科,2025-11-17,1d,1230.000000,1250.000000,1225.000000,1230.000000,,4963056,FinMind
2454,TWSE,聯發科,2025-11-18,1d,1220.000000,1220.000000,1170.000000,1170.000000,,10222030,FinMind
2454,TWSE,聯發科,2025-11-19,1d,1150.000000,1195.000000,1150.000000,1160.000000,,7084197,FinMind
2454,TWSE,聯發科,2025-11-20,1d,1180.000000,1205.000000,1170.000000,1185.000000,,7617511,FinMind
2454,TWSE,聯發科,2025-11-21,1d,1130.000000,1155.000000,1130.000000,1145.000000,,7912862,FinMind
2454,TWSE,聯發科,2025-11-24,1d,1155.000000,1170.000000,1145.000000,1150.000000,,10115078,FinMind
2454,TWSE,聯發科,2025-11-25,1d,1175.000000,1205.000000,1175.000000,1185.000000,,7621993,FinMind
2454,TWSE,聯發科,2025-11-26,1d,1220.000000,1300.000000,1215.000000,1300.000000,,12757928,FinMind
2454,TWSE,聯發科,2025-11-27,1d,1360.000000,1370.000000,1325.000000,1340.000000,,20617533,FinMind
2454,TWSE,聯發科,2025-11-28,1d,1375.000000,1410.000000,1365.000000,1395.000000,,20747611,FinMind
2454,TWSE,聯發科,2025-12-01,1d,1420.000000,1450.000000,1400.000000,1445.000000,,20715349,FinMind
2454,TWSE,聯發科,2025-12-02,1d,1445.000000,1460.000000,1410.000000,1415.000000,,11909886,FinMind
2454,TWSE,聯發科,2025-12-03,1d,1405.000000,1435.000000,1400.000000,1400.000000,,10101740,FinMind
2454,TWSE,聯發科,2025-12-04,1d,1405.000000,1415.000000,1385.000000,1405.000000,,6588595,FinMind
2454,TWSE,聯發科,2025-12-05,1d,1420.000000,1445.000000,1405.000000,1425.000000,,7989290,FinMind
2454,TWSE,聯發科,2025-12-08,1d,1430.000000,1440.000000,1405.000000,1440.000000,,6112182,FinMind
2454,TWSE,聯發科,2025-12-09,1d,1435.000000,1440.000000,1415.000000,1420.000000,,5330190,FinMind
2454,TWSE,聯發科,2025-12-10,1d,1435.000000,1460.000000,1425.000000,1460.000000,,9199887,FinMind
2454,TWSE,聯發科,2025-12-11,1d,1445.000000,1450.000000,1395.000000,1395.000000,,10005124,FinMind
2454,TWSE,聯發科,2025-12-12,1d,1390.000000,1415.000000,1380.000000,1405.000000,,5427610,FinMind
2454,TWSE,聯發科,2025-12-15,1d,1385.000000,1450.000000,1385.000000,1420.000000,,10012197,FinMind
2454,TWSE,聯發科,2025-12-16,1d,1420.000000,1450.000000,1415.000000,1420.000000,,9341946,FinMind
2454,TWSE,聯發科,2025-12-17,1d,1435.000000,1455.000000,1425.000000,1425.000000,,9223276,FinMind
2454,TWSE,聯發科,2025-12-18,1d,1425.000000,1445.000000,1415.000000,1420.000000,,5601522,FinMind
2454,TWSE,聯發科,2025-12-19,1d,1440.000000,1445.000000,1410.000000,1410.000000,,8310030,FinMind
2454,TWSE,聯發科,2025-12-22,1d,1430.000000,1435.000000,1390.000000,1400.000000,,6073797,FinMind
2454,TWSE,聯發科,2025-12-23,1d,1405.000000,1405.000000,1380.000000,1390.000000,,5671118,FinMind
2454,TWSE,聯發科,2025-12-24,1d,1395.000000,1400.000000,1380.000000,1380.000000,,3385989,FinMind
2454,TWSE,聯發科,2025-12-26,1d,1390.000000,1395.000000,1380.000000,1385.000000,,3219060,FinMind
2454,TWSE,聯發科,2025-12-29,1d,1390.000000,1425.000000,1380.000000,1420.000000,,6672115,FinMind
2454,TWSE,聯發科,2025-12-30,1d,1405.000000,1430.000000,1400.000000,1420.000000,,4492497,FinMind
2454,TWSE,聯發科,2025-12-31,1d,1420.000000,1450.000000,1415.000000,1430.000000,,6748078,FinMind
2454,TWSE,聯發科,2026-01-02,1d,1450.000000,1495.000000,1440.000000,1470.000000,,12570809,FinMind
2454,TWSE,聯發科,2026-01-05,1d,1510.000000,1530.000000,1495.000000,1525.000000,,14470072,FinMind
2454,TWSE,聯發科,2026-01-06,1d,1505.000000,1505.000000,1480.000000,1485.000000,,8513790,FinMind
2454,TWSE,聯發科,2026-01-07,1d,1490.000000,1505.000000,1475.000000,1490.000000,,7517221,FinMind
2454,TWSE,聯發科,2026-01-08,1d,1495.000000,1500.000000,1435.000000,1445.000000,,9055715,FinMind
2454,TWSE,聯發科,2026-01-09,1d,1455.000000,1460.000000,1415.000000,1420.000000,,8606613,FinMind
2454,TWSE,聯發科,2026-01-12,1d,1445.000000,1450.000000,1425.000000,1445.000000,,4496882,FinMind
2454,TWSE,聯發科,2026-01-13,1d,1455.000000,1485.000000,1450.000000,1485.000000,,10707392,FinMind
2454,TWSE,聯發科,2026-01-14,1d,1485.000000,1500.000000,1480.000000,1500.000000,,6438448,FinMind
2454,TWSE,聯發科,2026-01-15,1d,1500.000000,1500.000000,1465.000000,1490.000000,,8207614,FinMind
2454,TWSE,聯發科,2026-01-16,1d,1500.000000,1525.000000,1490.000000,1505.000000,,11159846,FinMind
2454,TWSE,聯發科,2026-01-19,1d,1510.000000,1510.000000,1465.000000,1485.000000,,5943945,FinMind
2454,TWSE,聯發科,2026-01-20,1d,1480.000000,1500.000000,1470.000000,1485.000000,,6508709,FinMind
2454,TWSE,聯發科,2026-01-21,1d,1470.000000,1495.000000,1450.000000,1465.000000,,8818222,FinMind
2454,TWSE,聯發科,2026-01-22,1d,1495.000000,1525.000000,1465.000000,1485.000000,,8378753,FinMind
2454,TWSE,聯發科,2026-01-23,1d,1525.000000,1630.000000,1525.000000,1630.000000,,24256744,FinMind
2454,TWSE,聯發科,2026-01-26,1d,1740.000000,1790.000000,1720.000000,1770.000000,,24725299,FinMind
2454,TWSE,聯發科,2026-01-27,1d,1755.000000,1820.000000,1750.000000,1775.000000,,12659900,FinMind
2454,TWSE,聯發科,2026-01-28,1d,1755.000000,1800.000000,1740.000000,1780.000000,,10480567,FinMind
2454,TWSE,聯發科,2026-01-29,1d,1780.000000,1815.000000,1770.000000,1780.000000,,10329367,FinMind
2454,TWSE,聯發科,2026-01-30,1d,1770.000000,1775.000000,1735.000000,1760.000000,,11234997,FinMind
2454,TWSE,聯發科,2026-02-02,1d,1715.000000,1740.000000,1685.000000,1705.000000,,10073770,FinMind
2454,TWSE,聯發科,2026-02-03,1d,1740.000000,1805.000000,1720.000000,1795.000000,,11841933,FinMind
2454,TWSE,聯發科,2026-02-04,1d,1760.000000,1810.000000,1740.000000,1800.000000,,11777248,FinMind
2454,TWSE,聯發科,2026-02-05,1d,1750.000000,1800.000000,1740.000000,1770.000000,,16289216,FinMind
2454,TWSE,聯發科,2026-02-06,1d,1745.000000,1755.000000,1690.000000,1710.000000,,11897828,FinMind
2454,TWSE,聯發科,2026-02-09,1d,1760.000000,1870.000000,1760.000000,1830.000000,,12809280,FinMind
2454,TWSE,聯發科,2026-02-10,1d,1860.000000,1865.000000,1820.000000,1845.000000,,11214078,FinMind
2454,TWSE,聯發科,2026-02-11,1d,1795.000000,1865.000000,1795.000000,1855.000000,,8732306,FinMind
2454,TWSE,聯發科,2026-02-23,1d,1880.000000,1880.000000,1790.000000,1795.000000,,17358721,FinMind
2454,TWSE,聯發科,2026-02-24,1d,1810.000000,1825.000000,1795.000000,1825.000000,,7063638,FinMind
2454,TWSE,聯發科,2026-02-25,1d,1840.000000,1870.000000,1830.000000,1870.000000,,8467982,FinMind
2454,TWSE,聯發科,2026-02-26,1d,1895.000000,1975.000000,1850.000000,1945.000000,,14552360,FinMind
2454,TWSE,聯發科,2026-03-02,1d,1945.000000,1945.000000,1880.000000,1900.000000,,9622026,FinMind
2454,TWSE,聯發科,2026-03-03,1d,1900.000000,1910.000000,1815.000000,1815.000000,,11048054,FinMind
2454,TWSE,聯發科,2026-03-04,1d,1760.000000,1780.000000,1715.000000,1720.000000,,12334830,FinMind
2454,TWSE,聯發科,2026-03-05,1d,1760.000000,1800.000000,1750.000000,1775.000000,,8337045,FinMind
2454,TWSE,聯發科,2026-03-06,1d,1745.000000,1790.000000,1735.000000,1765.000000,,4669229,FinMind
2454,TWSE,聯發科,2026-03-09,1d,1620.000000,1665.000000,1610.000000,1665.000000,,12529102,FinMind
2454,TWSE,聯發科,2026-03-10,1d,1730.000000,1730.000000,1685.000000,1705.000000,,5620606,FinMind
2454,TWSE,聯發科,2026-03-11,1d,1760.000000,1780.000000,1720.000000,1765.000000,,6109945,FinMind
2454,TWSE,聯發科,2026-03-12,1d,1745.000000,1815.000000,1735.000000,1785.000000,,6611202,FinMind
2454,TWSE,聯發科,2026-03-13,1d,1730.000000,1745.000000,1720.000000,1720.000000,,7254798,FinMind
2454,TWSE,聯發科,2026-03-16,1d,1720.000000,1740.000000,1710.000000,1710.000000,,4716006,FinMind
2454,TWSE,聯發科,2026-03-17,1d,1730.000000,1740.000000,1715.000000,1730.000000,,4685106,FinMind
2454,TWSE,聯發科,2026-03-18,1d,1730.000000,1745.000000,1725.000000,1730.000000,,6292375,FinMind
2454,TWSE,聯發科,2026-03-19,1d,1700.000000,1705.000000,1665.000000,1680.000000,,8011625,FinMind
2454,TWSE,聯發科,2026-03-20,1d,1685.000000,1715.000000,1655.000000,1700.000000,,8267553,FinMind
2454,TWSE,聯發科,2026-03-23,1d,1630.000000,1645.000000,1600.000000,1625.000000,,7225878,FinMind
2454,TWSE,聯發科,2026-03-24,1d,1655.000000,1665.000000,1600.000000,1620.000000,,5766587,FinMind
2454,TWSE,聯發科,2026-03-25,1d,1665.000000,1665.000000,1620.000000,1620.000000,,6144537,FinMind
2454,TWSE,聯發科,2026-03-26,1d,1610.000000,1640.000000,1590.000000,1590.000000,,7833984,FinMind
2454,TWSE,聯發科,2026-03-27,1d,1560.000000,1585.000000,1545.000000,1585.000000,,7673536,FinMind
2454,TWSE,聯發科,2026-03-30,1d,1540.000000,1555.000000,1505.000000,1510.000000,,8234525,FinMind
2454,TWSE,聯發科,2026-03-31,1d,1525.000000,1540.000000,1490.000000,1490.000000,,11429002,FinMind
2454,TWSE,聯發科,2026-04-01,1d,1550.000000,1550.000000,1460.000000,1465.000000,,11745526,FinMind
2454,TWSE,聯發科,2026-04-02,1d,1500.000000,1510.000000,1445.000000,1465.000000,,9301597,FinMind
2454,TWSE,聯發科,2026-04-07,1d,1480.000000,1480.000000,1430.000000,1470.000000,,7645561,FinMind
2454,TWSE,聯發科,2026-04-08,1d,1520.000000,1585.000000,1505.000000,1580.000000,,14575742,FinMind
2454,TWSE,聯發科,2026-04-09,1d,1600.000000,1600.000000,1550.000000,1575.000000,,8422977,FinMind
2454,TWSE,聯發科,2026-04-10,1d,1600.000000,1605.000000,1570.000000,1575.000000,,5738781,FinMind
2454,TWSE,聯發科,2026-04-13,1d,1645.000000,1665.000000,1620.000000,1620.000000,,9234745,FinMind
2454,TWSE,聯發科,2026-04-14,1d,1645.000000,1745.000000,1640.000000,1720.000000,,12902742,FinMind
2454,TWSE,聯發科,2026-04-15,1d,1805.000000,1845.000000,1770.000000,1790.000000,,22780413,FinMind
2454,TWSE,聯發科,2026-04-16,1d,1850.000000,1930.000000,1810.000000,1895.000000,,17931934,FinMind
2454,TWSE,聯發科,2026-04-17,1d,1930.000000,1955.000000,1885.000000,1925.000000,,16759982,FinMind
2454,TWSE,聯發科,2026-04-20,1d,1960.000000,1965.000000,1895.000000,1900.000000,,11656022,FinMind
2454,TWSE,聯發科,2026-04-21,1d,1930.000000,2090.000000,1925.000000,2090.000000,,19459855,FinMind
2454,TWSE,聯發科,2026-04-22,1d,2120.000000,2295.000000,2110.000000,2295.000000,,24343038,FinMind
2454,TWSE,聯發科,2026-04-23,1d,2325.000000,2335.000000,2170.000000,2215.000000,,29760982,FinMind
2454,TWSE,聯發科,2026-04-24,1d,2340.000000,2435.000000,2330.000000,2435.000000,,22985015,FinMind
2454,TWSE,聯發科,2026-04-27,1d,2470.000000,2575.000000,2410.000000,2435.000000,,25538897,FinMind
2454,TWSE,聯發科,2026-04-28,1d,2490.000000,2675.000000,2485.000000,2615.000000,,24314216,FinMind
2454,TWSE,聯發科,2026-04-29,1d,2550.000000,2595.000000,2500.000000,2575.000000,,13156720,FinMind
2454,TWSE,聯發科,2026-04-30,1d,2665.000000,2685.000000,2565.000000,2610.000000,,17532158,FinMind
2454,TWSE,聯發科,2026-05-04,1d,2870.000000,2870.000000,2870.000000,2870.000000,,4019865,FinMind
2454,TWSE,聯發科,2026-05-05,1d,3155.000000,3155.000000,3155.000000,3155.000000,,10091886,FinMind
2454,TWSE,聯發科,2026-05-06,1d,3470.000000,3470.000000,3155.000000,3430.000000,,39638460,FinMind
2454,TWSE,聯發科,2026-05-07,1d,3430.000000,3430.000000,3295.000000,3420.000000,,8465341,FinMind
2454,TWSE,聯發科,2026-05-08,1d,3320.000000,3670.000000,3320.000000,3630.000000,,9525653,FinMind
2454,TWSE,聯發科,2026-05-11,1d,3575.000000,3985.000000,3565.000000,3880.000000,,8690923,FinMind
2454,TWSE,聯發科,2026-05-12,1d,3835.000000,3910.000000,3700.000000,3700.000000,,11090404,FinMind
2454,TWSE,聯發科,2026-05-13,1d,3625.000000,3680.000000,3400.000000,3495.000000,,9694046,FinMind
2454,TWSE,聯發科,2026-05-14,1d,3585.000000,3590.000000,3385.000000,3405.000000,,7103890,FinMind
2454,TWSE,聯發科,2026-05-15,1d,3425.000000,3555.000000,3200.000000,3260.000000,,7341025,FinMind
2454,TWSE,聯發科,2026-05-18,1d,3240.000000,3550.000000,3150.000000,3400.000000,,7040537,FinMind
2454,TWSE,聯發科,2026-05-19,1d,3475.000000,3495.000000,3100.000000,3155.000000,,10055471,FinMind
2454,TWSE,聯發科,2026-05-20,1d,3195.000000,3350.000000,3155.000000,3230.000000,,9296108,FinMind
2454,TWSE,聯發科,2026-05-21,1d,3415.000000,3550.000000,3405.000000,3550.000000,,5983092,FinMind
2454,TWSE,聯發科,2026-05-22,1d,3765.000000,3880.000000,3675.000000,3860.000000,,20839466,FinMind
2454,TWSE,聯發科,2026-05-25,1d,4245.000000,4245.000000,4245.000000,4245.000000,,4616291,FinMind
2454,TWSE,聯發科,2026-05-26,1d,4375.000000,4440.000000,4180.000000,4265.000000,,19540872,FinMind
2454,TWSE,聯發科,2026-05-27,1d,4475.000000,4690.000000,4450.000000,4640.000000,,18260840,FinMind
2454,TWSE,聯發科,2026-05-28,1d,4620.000000,4685.000000,4270.000000,4410.000000,,16433052,FinMind
2454,TWSE,聯發科,2026-05-29,1d,4460.000000,4485.000000,4235.000000,4310.000000,,23109791,FinMind
2454,TWSE,聯發科,2026-06-01,1d,4440.000000,4710.000000,4440.000000,4555.000000,,20083897,FinMind
2454,TWSE,聯發科,2026-06-02,1d,4970.000000,4970.000000,4380.000000,4525.000000,,15626708,FinMind
2454,TWSE,聯發科,2026-06-03,1d,4540.000000,4650.000000,4420.000000,4545.000000,,10480184,FinMind
2881,TWSE,富邦金,2025-06-03,1d,81.800000,83.600000,80.800000,83.600000,,66346624,FinMind
2881,TWSE,富邦金,2025-06-04,1d,83.900000,89.400000,83.200000,87.100000,,132692907,FinMind
2881,TWSE,富邦金,2025-06-05,1d,86.400000,88.600000,85.700000,87.100000,,97016772,FinMind
2881,TWSE,富邦金,2025-06-06,1d,87.000000,89.100000,86.300000,87.800000,,101116694,FinMind
2881,TWSE,富邦金,2025-06-09,1d,87.800000,88.800000,87.400000,88.500000,,93110159,FinMind
2881,TWSE,富邦金,2025-06-10,1d,88.200000,88.900000,86.400000,87.700000,,98244185,FinMind
2881,TWSE,富邦金,2025-06-11,1d,87.100000,90.100000,84.500000,90.100000,,140435571,FinMind
2881,TWSE,富邦金,2025-06-12,1d,87.800000,88.400000,87.200000,87.500000,,51000885,FinMind
2881,TWSE,富邦金,2025-06-13,1d,86.500000,87.100000,85.500000,86.500000,,45910824,FinMind
2881,TWSE,富邦金,2025-06-16,1d,86.500000,87.700000,85.600000,86.000000,,43829577,FinMind
2881,TWSE,富邦金,2025-06-17,1d,86.300000,87.400000,85.800000,85.800000,,41864813,FinMind
2881,TWSE,富邦金,2025-06-18,1d,86.200000,87.400000,86.000000,87.400000,,30803021,FinMind
2881,TWSE,富邦金,2025-06-19,1d,86.600000,86.900000,85.500000,86.700000,,29307670,FinMind
2881,TWSE,富邦金,2025-06-20,1d,86.100000,86.300000,84.900000,84.900000,,31851683,FinMind
2881,TWSE,富邦金,2025-06-23,1d,84.200000,84.700000,83.600000,84.700000,,22050261,FinMind
2881,TWSE,富邦金,2025-06-24,1d,85.200000,86.500000,85.100000,86.100000,,20857738,FinMind
2881,TWSE,富邦金,2025-06-25,1d,86.500000,86.500000,85.700000,85.700000,,27082827,FinMind
2881,TWSE,富邦金,2025-06-26,1d,86.000000,86.400000,85.600000,86.100000,,31023887,FinMind
2881,TWSE,富邦金,2025-06-27,1d,85.900000,86.300000,85.100000,86.100000,,42650415,FinMind
2881,TWSE,富邦金,2025-06-30,1d,85.900000,88.000000,85.100000,87.300000,,121457028,FinMind
2881,TWSE,富邦金,2025-07-01,1d,83.000000,84.900000,82.800000,83.200000,,51372450,FinMind
2881,TWSE,富邦金,2025-07-02,1d,83.300000,83.900000,82.800000,82.900000,,23445825,FinMind
2881,TWSE,富邦金,2025-07-03,1d,83.000000,83.700000,82.600000,83.000000,,19666218,FinMind
2881,TWSE,富邦金,2025-07-04,1d,82.900000,83.100000,81.000000,81.000000,,30814761,FinMind
2881,TWSE,富邦金,2025-07-07,1d,81.300000,82.200000,80.900000,82.000000,,19568905,FinMind
2881,TWSE,富邦金,2025-07-08,1d,81.900000,82.500000,81.100000,81.200000,,15362117,FinMind
2881,TWSE,富邦金,2025-07-09,1d,81.000000,82.000000,80.300000,80.300000,,21068540,FinMind
2881,TWSE,富邦金,2025-07-10,1d,80.200000,82.400000,80.100000,82.300000,,18414969,FinMind
2881,TWSE,富邦金,2025-07-11,1d,82.500000,83.900000,82.300000,82.600000,,21263890,FinMind
2881,TWSE,富邦金,2025-07-14,1d,82.600000,83.400000,82.400000,82.600000,,20316152,FinMind
2881,TWSE,富邦金,2025-07-15,1d,82.300000,83.500000,82.300000,83.500000,,11198497,FinMind
2881,TWSE,富邦金,2025-07-16,1d,82.800000,84.400000,82.800000,84.400000,,19923387,FinMind
2881,TWSE,富邦金,2025-07-17,1d,84.200000,85.100000,83.800000,84.100000,,13592123,FinMind
2881,TWSE,富邦金,2025-07-18,1d,84.100000,84.700000,83.000000,83.700000,,19951654,FinMind
2881,TWSE,富邦金,2025-07-21,1d,83.500000,84.100000,83.100000,83.100000,,12380373,FinMind
2881,TWSE,富邦金,2025-07-22,1d,83.500000,83.700000,82.300000,82.500000,,11917185,FinMind
2881,TWSE,富邦金,2025-07-23,1d,83.200000,83.800000,82.600000,83.800000,,15157025,FinMind
2881,TWSE,富邦金,2025-07-24,1d,83.600000,83.800000,83.200000,83.600000,,8413204,FinMind
2881,TWSE,富邦金,2025-07-25,1d,83.000000,83.500000,83.000000,83.400000,,8280659,FinMind
2881,TWSE,富邦金,2025-07-28,1d,83.400000,83.700000,82.800000,82.800000,,11492541,FinMind
2881,TWSE,富邦金,2025-07-29,1d,82.800000,83.200000,82.000000,82.000000,,14625599,FinMind
2881,TWSE,富邦金,2025-07-30,1d,82.600000,83.000000,82.300000,82.600000,,10513529,FinMind
2881,TWSE,富邦金,2025-07-31,1d,82.100000,82.800000,81.600000,82.400000,,16033350,FinMind
2881,TWSE,富邦金,2025-08-01,1d,81.400000,83.100000,81.100000,82.600000,,11198097,FinMind
2881,TWSE,富邦金,2025-08-04,1d,81.900000,84.000000,81.900000,84.000000,,14646753,FinMind
2881,TWSE,富邦金,2025-08-05,1d,83.700000,84.300000,83.400000,84.000000,,12559426,FinMind
2881,TWSE,富邦金,2025-08-06,1d,84.000000,84.600000,83.500000,84.400000,,13996890,FinMind
2881,TWSE,富邦金,2025-08-07,1d,84.500000,85.400000,84.500000,84.800000,,12716730,FinMind
2881,TWSE,富邦金,2025-08-08,1d,84.500000,85.200000,84.300000,85.200000,,9740337,FinMind
2881,TWSE,富邦金,2025-08-11,1d,85.200000,86.300000,85.000000,86.200000,,11158117,FinMind
2881,TWSE,富邦金,2025-08-12,1d,86.500000,87.000000,86.200000,86.700000,,16038535,FinMind
2881,TWSE,富邦金,2025-08-13,1d,87.200000,87.500000,86.800000,87.400000,,23309704,FinMind
2881,TWSE,富邦金,2025-08-14,1d,87.400000,88.800000,87.300000,88.800000,,21989915,FinMind
2881,TWSE,富邦金,2025-08-15,1d,88.700000,88.900000,88.000000,88.800000,,12976991,FinMind
2881,TWSE,富邦金,2025-08-18,1d,88.200000,89.000000,88.100000,89.000000,,15840742,FinMind
2881,TWSE,富邦金,2025-08-19,1d,88.200000,88.600000,88.100000,88.100000,,16399057,FinMind
2881,TWSE,富邦金,2025-08-20,1d,88.100000,88.200000,86.700000,86.900000,,22022721,FinMind
2881,TWSE,富邦金,2025-08-21,1d,87.500000,88.500000,87.400000,88.300000,,13656331,FinMind
2881,TWSE,富邦金,2025-08-22,1d,87.600000,88.400000,87.600000,87.900000,,12369200,FinMind
2881,TWSE,富邦金,2025-08-25,1d,88.600000,89.600000,88.200000,89.600000,,22903375,FinMind
2881,TWSE,富邦金,2025-08-26,1d,89.000000,89.300000,87.100000,87.100000,,34253619,FinMind
2881,TWSE,富邦金,2025-08-27,1d,87.100000,87.700000,85.700000,85.700000,,26919748,FinMind
2881,TWSE,富邦金,2025-08-28,1d,85.500000,86.100000,85.000000,85.200000,,19513769,FinMind
2881,TWSE,富邦金,2025-08-29,1d,85.200000,85.600000,83.900000,83.900000,,24498320,FinMind
2881,TWSE,富邦金,2025-09-01,1d,84.000000,85.200000,84.000000,84.500000,,11138211,FinMind
2881,TWSE,富邦金,2025-09-02,1d,84.900000,86.800000,84.900000,86.800000,,18870588,FinMind
2881,TWSE,富邦金,2025-09-03,1d,86.800000,86.800000,85.800000,86.000000,,11769459,FinMind
2881,TWSE,富邦金,2025-09-04,1d,86.100000,86.800000,86.000000,86.500000,,10783579,FinMind
2881,TWSE,富邦金,2025-09-05,1d,86.400000,87.000000,86.200000,87.000000,,8850668,FinMind
2881,TWSE,富邦金,2025-09-08,1d,86.800000,86.800000,86.000000,86.000000,,15188710,FinMind
2881,TWSE,富邦金,2025-09-09,1d,86.000000,86.900000,85.900000,86.400000,,12258025,FinMind
2881,TWSE,富邦金,2025-09-10,1d,86.400000,87.600000,86.400000,87.600000,,14636091,FinMind
2881,TWSE,富邦金,2025-09-11,1d,87.500000,87.800000,86.500000,86.900000,,17028011,FinMind
2881,TWSE,富邦金,2025-09-12,1d,87.400000,88.500000,87.400000,88.500000,,18537964,FinMind
2881,TWSE,富邦金,2025-09-15,1d,88.500000,89.800000,88.500000,88.800000,,17297881,FinMind
2881,TWSE,富邦金,2025-09-16,1d,89.300000,89.600000,88.800000,88.800000,,16071704,FinMind
2881,TWSE,富邦金,2025-09-17,1d,88.600000,89.200000,88.100000,88.700000,,15563190,FinMind
2881,TWSE,富邦金,2025-09-18,1d,89.000000,89.200000,87.800000,88.300000,,14663458,FinMind
2881,TWSE,富邦金,2025-09-19,1d,88.100000,88.200000,87.300000,87.800000,,23751552,FinMind
2881,TWSE,富邦金,2025-09-22,1d,87.800000,89.200000,87.800000,88.600000,,16188845,FinMind
2881,TWSE,富邦金,2025-09-23,1d,88.500000,89.100000,88.300000,88.400000,,13761600,FinMind
2881,TWSE,富邦金,2025-09-24,1d,88.700000,89.900000,88.600000,89.000000,,20702855,FinMind
2881,TWSE,富邦金,2025-09-25,1d,87.100000,87.400000,86.000000,86.000000,,21160494,FinMind
2881,TWSE,富邦金,2025-09-26,1d,86.100000,86.900000,85.500000,86.500000,,16153118,FinMind
2881,TWSE,富邦金,2025-09-30,1d,86.900000,88.300000,86.800000,88.300000,,19923921,FinMind
2881,TWSE,富邦金,2025-10-01,1d,88.000000,88.900000,87.400000,87.400000,,14509912,FinMind
2881,TWSE,富邦金,2025-10-02,1d,88.100000,88.400000,87.400000,87.400000,,6716832,FinMind
2881,TWSE,富邦金,2025-10-03,1d,88.000000,88.000000,86.500000,86.500000,,10969163,FinMind
2881,TWSE,富邦金,2025-10-07,1d,86.400000,88.200000,86.200000,86.900000,,14392339,FinMind
2881,TWSE,富邦金,2025-10-08,1d,87.300000,88.400000,87.300000,87.900000,,9338011,FinMind
2881,TWSE,富邦金,2025-10-09,1d,88.200000,90.000000,88.100000,89.800000,,32204848,FinMind
2881,TWSE,富邦金,2025-10-13,1d,88.700000,89.000000,87.500000,87.800000,,20708803,FinMind
2881,TWSE,富邦金,2025-10-14,1d,88.800000,90.200000,88.200000,88.200000,,25886313,FinMind
2881,TWSE,富邦金,2025-10-15,1d,88.900000,89.600000,88.300000,89.600000,,23902852,FinMind
2881,TWSE,富邦金,2025-10-16,1d,89.800000,90.800000,89.600000,89.800000,,26574577,FinMind
2881,TWSE,富邦金,2025-10-17,1d,89.500000,90.200000,89.300000,89.500000,,16807156,FinMind
2881,TWSE,富邦金,2025-10-20,1d,90.100000,90.100000,88.900000,89.100000,,9606520,FinMind
2881,TWSE,富邦金,2025-10-21,1d,89.600000,91.700000,89.600000,90.600000,,24387441,FinMind
2881,TWSE,富邦金,2025-10-22,1d,91.200000,91.600000,90.800000,91.600000,,15590168,FinMind
2881,TWSE,富邦金,2025-10-23,1d,91.100000,92.000000,90.800000,91.900000,,13085974,FinMind
2881,TWSE,富邦金,2025-10-27,1d,92.800000,92.800000,91.800000,92.100000,,17870477,FinMind
2881,TWSE,富邦金,2025-10-28,1d,91.800000,91.900000,90.800000,90.900000,,15489728,FinMind
2881,TWSE,富邦金,2025-10-29,1d,91.100000,92.000000,91.100000,91.800000,,8516678,FinMind
2881,TWSE,富邦金,2025-10-30,1d,92.800000,92.800000,91.100000,92.400000,,13071299,FinMind
2881,TWSE,富邦金,2025-10-31,1d,92.500000,92.500000,91.200000,91.200000,,11447531,FinMind
2881,TWSE,富邦金,2025-11-03,1d,91.200000,92.100000,90.900000,92.000000,,14938302,FinMind
2881,TWSE,富邦金,2025-11-04,1d,92.400000,93.000000,92.000000,92.500000,,16514844,FinMind
2881,TWSE,富邦金,2025-11-05,1d,91.500000,91.600000,90.600000,90.600000,,16021146,FinMind
2881,TWSE,富邦金,2025-11-06,1d,91.800000,92.000000,90.900000,91.800000,,12158359,FinMind
2881,TWSE,富邦金,2025-11-07,1d,91.100000,91.200000,90.400000,90.500000,,8938529,FinMind
2881,TWSE,富邦金,2025-11-10,1d,90.500000,91.400000,90.200000,90.600000,,11047753,FinMind
2881,TWSE,富邦金,2025-11-11,1d,91.400000,92.500000,91.000000,91.000000,,18245382,FinMind
2881,TWSE,富邦金,2025-11-12,1d,91.500000,92.300000,91.500000,91.700000,,14280557,FinMind
2881,TWSE,富邦金,2025-11-13,1d,92.500000,94.400000,92.200000,94.000000,,54354805,FinMind
2881,TWSE,富邦金,2025-11-14,1d,93.400000,94.200000,93.000000,93.300000,,35544211,FinMind
2881,TWSE,富邦金,2025-11-17,1d,93.600000,93.600000,91.500000,91.800000,,49167786,FinMind
2881,TWSE,富邦金,2025-11-18,1d,91.200000,92.800000,89.500000,89.500000,,62152476,FinMind
2881,TWSE,富邦金,2025-11-19,1d,89.600000,90.700000,88.100000,88.100000,,74528045,FinMind
2881,TWSE,富邦金,2025-11-20,1d,89.100000,90.600000,89.100000,89.300000,,66335241,FinMind
2881,TWSE,富邦金,2025-11-21,1d,88.400000,90.300000,88.400000,88.700000,,75934875,FinMind
2881,TWSE,富邦金,2025-11-24,1d,89.500000,93.000000,89.000000,92.000000,,101667876,FinMind
2881,TWSE,富邦金,2025-11-25,1d,91.800000,94.000000,91.000000,92.900000,,77311040,FinMind
2881,TWSE,富邦金,2025-11-26,1d,93.900000,94.600000,92.900000,93.200000,,58023931,FinMind
2881,TWSE,富邦金,2025-11-27,1d,92.700000,94.500000,92.100000,93.900000,,51827067,FinMind
2881,TWSE,富邦金,2025-11-28,1d,93.200000,94.100000,92.500000,92.600000,,21212945,FinMind
2881,TWSE,富邦金,2025-12-01,1d,92.500000,93.700000,91.800000,91.800000,,14153247,FinMind
2881,TWSE,富邦金,2025-12-02,1d,92.700000,92.700000,91.400000,92.100000,,26391626,FinMind
2881,TWSE,富邦金,2025-12-03,1d,92.200000,93.100000,91.700000,93.100000,,18807323,FinMind
2881,TWSE,富邦金,2025-12-04,1d,93.100000,94.900000,93.000000,94.700000,,25429629,FinMind
2881,TWSE,富邦金,2025-12-05,1d,94.900000,94.900000,93.600000,94.900000,,11789587,FinMind
2881,TWSE,富邦金,2025-12-08,1d,94.600000,95.500000,94.000000,95.500000,,15786472,FinMind
2881,TWSE,富邦金,2025-12-09,1d,95.300000,96.300000,95.200000,96.300000,,16634688,FinMind
2881,TWSE,富邦金,2025-12-10,1d,96.300000,96.800000,94.700000,95.200000,,12252912,FinMind
2881,TWSE,富邦金,2025-12-11,1d,95.700000,96.000000,94.400000,95.100000,,11702145,FinMind
2881,TWSE,富邦金,2025-12-12,1d,95.800000,97.200000,95.500000,96.800000,,22347129,FinMind
2881,TWSE,富邦金,2025-12-15,1d,96.000000,96.600000,95.300000,95.600000,,15156694,FinMind
2881,TWSE,富邦金,2025-12-16,1d,95.000000,96.200000,94.800000,96.000000,,29334087,FinMind
2881,TWSE,富邦金,2025-12-17,1d,96.000000,97.900000,96.000000,97.300000,,33741813,FinMind
2881,TWSE,富邦金,2025-12-18,1d,97.600000,97.600000,95.800000,96.800000,,24121169,FinMind
2881,TWSE,富邦金,2025-12-19,1d,96.600000,97.600000,96.300000,97.300000,,21547066,FinMind
2881,TWSE,富邦金,2025-12-22,1d,97.900000,98.500000,97.800000,98.200000,,20764618,FinMind
2881,TWSE,富邦金,2025-12-23,1d,98.500000,98.600000,96.700000,98.100000,,16397664,FinMind
2881,TWSE,富邦金,2025-12-24,1d,98.400000,98.800000,97.900000,98.000000,,15681176,FinMind
2881,TWSE,富邦金,2025-12-26,1d,98.100000,98.300000,97.000000,97.000000,,13026945,FinMind
2881,TWSE,富邦金,2025-12-29,1d,96.900000,98.300000,96.800000,98.200000,,6620803,FinMind
2881,TWSE,富邦金,2025-12-30,1d,97.600000,97.800000,96.800000,97.000000,,9888380,FinMind
2881,TWSE,富邦金,2025-12-31,1d,97.000000,97.400000,96.100000,96.100000,,12624997,FinMind
2881,TWSE,富邦金,2026-01-02,1d,96.200000,97.000000,95.500000,95.600000,,13130192,FinMind
2881,TWSE,富邦金,2026-01-05,1d,95.600000,97.300000,95.300000,97.200000,,20458306,FinMind
2881,TWSE,富邦金,2026-01-06,1d,97.300000,97.700000,96.300000,96.400000,,12562628,FinMind
2881,TWSE,富邦金,2026-01-07,1d,96.500000,96.700000,95.700000,96.100000,,13021584,FinMind
2881,TWSE,富邦金,2026-01-08,1d,96.300000,97.100000,96.100000,97.000000,,10025083,FinMind
2881,TWSE,富邦金,2026-01-09,1d,97.000000,97.000000,95.200000,95.500000,,16348577,FinMind
2881,TWSE,富邦金,2026-01-12,1d,95.600000,95.800000,95.000000,95.000000,,13610868,FinMind
2881,TWSE,富邦金,2026-01-13,1d,95.200000,95.200000,94.000000,94.200000,,19356778,FinMind
2881,TWSE,富邦金,2026-01-14,1d,94.500000,95.100000,93.800000,93.800000,,19974657,FinMind
2881,TWSE,富邦金,2026-01-15,1d,94.600000,95.500000,94.100000,94.100000,,17608776,FinMind
2881,TWSE,富邦金,2026-01-16,1d,94.600000,95.800000,94.400000,95.000000,,18937260,FinMind
2881,TWSE,富邦金,2026-01-19,1d,94.400000,96.200000,94.400000,95.000000,,15713225,FinMind
2881,TWSE,富邦金,2026-01-20,1d,94.900000,95.200000,94.000000,94.000000,,16804671,FinMind
2881,TWSE,富邦金,2026-01-21,1d,93.700000,94.000000,92.800000,93.000000,,20749683,FinMind
2881,TWSE,富邦金,2026-01-22,1d,93.700000,94.200000,92.800000,93.000000,,18954588,FinMind
2881,TWSE,富邦金,2026-01-23,1d,93.700000,93.700000,92.600000,93.500000,,13752664,FinMind
2881,TWSE,富邦金,2026-01-26,1d,93.500000,93.900000,93.100000,93.200000,,14196688,FinMind
2881,TWSE,富邦金,2026-01-27,1d,93.500000,94.300000,92.400000,92.400000,,22317365,FinMind
2881,TWSE,富邦金,2026-01-28,1d,92.900000,93.100000,91.800000,92.500000,,17945361,FinMind
2881,TWSE,富邦金,2026-01-29,1d,92.100000,93.300000,91.800000,92.300000,,15538698,FinMind
2881,TWSE,富邦金,2026-01-30,1d,92.200000,92.500000,90.900000,90.900000,,25423566,FinMind
2881,TWSE,富邦金,2026-02-02,1d,91.500000,91.600000,89.800000,90.500000,,22413812,FinMind
2881,TWSE,富邦金,2026-02-03,1d,91.600000,92.600000,91.300000,91.800000,,13798868,FinMind
2881,TWSE,富邦金,2026-02-04,1d,91.700000,93.500000,91.700000,92.700000,,17826890,FinMind
2881,TWSE,富邦金,2026-02-05,1d,92.800000,93.700000,92.100000,93.500000,,14597965,FinMind
2881,TWSE,富邦金,2026-02-06,1d,92.700000,92.900000,91.400000,92.400000,,13345737,FinMind
2881,TWSE,富邦金,2026-02-09,1d,93.000000,94.200000,92.900000,93.800000,,14048109,FinMind
2881,TWSE,富邦金,2026-02-10,1d,94.200000,95.000000,93.500000,94.500000,,15681415,FinMind
2881,TWSE,富邦金,2026-02-11,1d,95.000000,95.700000,94.700000,95.200000,,17238526,FinMind
2881,TWSE,富邦金,2026-02-23,1d,96.500000,96.500000,95.200000,95.700000,,37628732,FinMind
2881,TWSE,富邦金,2026-02-24,1d,95.800000,96.200000,94.100000,94.100000,,22590358,FinMind
2881,TWSE,富邦金,2026-02-25,1d,94.000000,94.000000,92.800000,92.900000,,28789700,FinMind
2881,TWSE,富邦金,2026-02-26,1d,92.900000,95.100000,92.900000,94.200000,,34978747,FinMind
2881,TWSE,富邦金,2026-03-02,1d,94.200000,94.200000,92.800000,93.000000,,22795452,FinMind
2881,TWSE,富邦金,2026-03-03,1d,92.700000,93.500000,92.600000,93.100000,,12947138,FinMind
2881,TWSE,富邦金,2026-03-04,1d,92.200000,92.300000,89.800000,89.800000,,37495788,FinMind
2881,TWSE,富邦金,2026-03-05,1d,90.800000,91.300000,89.800000,90.500000,,19487570,FinMind
2881,TWSE,富邦金,2026-03-06,1d,89.800000,90.000000,88.600000,88.800000,,36379825,FinMind
2881,TWSE,富邦金,2026-03-09,1d,84.000000,87.200000,83.500000,87.200000,,41839694,FinMind
2881,TWSE,富邦金,2026-03-10,1d,88.700000,88.700000,87.300000,88.300000,,17912418,FinMind
2881,TWSE,富邦金,2026-03-11,1d,88.000000,90.100000,87.800000,89.200000,,14723202,FinMind
2881,TWSE,富邦金,2026-03-12,1d,88.000000,89.400000,88.000000,89.400000,,23074827,FinMind
2881,TWSE,富邦金,2026-03-13,1d,88.500000,88.700000,88.000000,88.100000,,21699376,FinMind
2881,TWSE,富邦金,2026-03-16,1d,89.100000,89.600000,88.400000,88.800000,,13732091,FinMind
2881,TWSE,富邦金,2026-03-17,1d,89.500000,90.900000,89.400000,89.800000,,24990613,FinMind
2881,TWSE,富邦金,2026-03-18,1d,90.900000,90.900000,89.100000,89.500000,,15143244,FinMind
2881,TWSE,富邦金,2026-03-19,1d,89.000000,89.200000,87.500000,88.200000,,26004197,FinMind
2881,TWSE,富邦金,2026-03-20,1d,87.500000,89.400000,87.200000,88.600000,,35481530,FinMind
2881,TWSE,富邦金,2026-03-23,1d,85.800000,87.500000,85.300000,86.800000,,25217545,FinMind
2881,TWSE,富邦金,2026-03-24,1d,87.300000,87.900000,86.600000,87.100000,,12263167,FinMind
2881,TWSE,富邦金,2026-03-25,1d,89.200000,89.200000,87.900000,88.800000,,13566318,FinMind
2881,TWSE,富邦金,2026-03-26,1d,89.200000,89.200000,88.000000,88.600000,,13848827,FinMind
2881,TWSE,富邦金,2026-03-27,1d,87.800000,88.300000,87.100000,87.700000,,13618949,FinMind
2881,TWSE,富邦金,2026-03-30,1d,86.200000,87.400000,86.200000,86.400000,,21382145,FinMind
2881,TWSE,富邦金,2026-03-31,1d,85.800000,87.200000,85.800000,86.000000,,20499708,FinMind
2881,TWSE,富邦金,2026-04-01,1d,87.600000,88.000000,87.000000,87.800000,,13477253,FinMind
2881,TWSE,富邦金,2026-04-02,1d,88.100000,88.400000,87.200000,87.800000,,10713620,FinMind
2881,TWSE,富邦金,2026-04-07,1d,87.900000,88.300000,86.500000,87.700000,,14257485,FinMind
2881,TWSE,富邦金,2026-04-08,1d,89.200000,89.200000,87.900000,89.200000,,17573091,FinMind
2881,TWSE,富邦金,2026-04-09,1d,89.200000,89.200000,87.600000,88.500000,,21410667,FinMind
2881,TWSE,富邦金,2026-04-10,1d,87.500000,88.200000,87.300000,87.600000,,20801353,FinMind
2881,TWSE,富邦金,2026-04-13,1d,87.500000,87.600000,86.700000,86.700000,,17475064,FinMind
2881,TWSE,富邦金,2026-04-14,1d,86.700000,88.400000,86.700000,87.600000,,18208748,FinMind
2881,TWSE,富邦金,2026-04-15,1d,88.000000,88.400000,87.100000,87.500000,,21344754,FinMind
2881,TWSE,富邦金,2026-04-16,1d,87.300000,88.400000,87.200000,87.900000,,21047422,FinMind
2881,TWSE,富邦金,2026-04-17,1d,88.000000,88.000000,86.800000,88.000000,,24660205,FinMind
2881,TWSE,富邦金,2026-04-20,1d,87.900000,88.000000,87.200000,87.200000,,22352882,FinMind
2881,TWSE,富邦金,2026-04-21,1d,88.100000,88.100000,87.200000,87.700000,,18530577,FinMind
2881,TWSE,富邦金,2026-04-22,1d,87.800000,88.800000,87.700000,88.300000,,23952733,FinMind
2881,TWSE,富邦金,2026-04-23,1d,88.200000,89.200000,88.100000,88.300000,,26420607,FinMind
2881,TWSE,富邦金,2026-04-24,1d,88.200000,88.700000,87.800000,87.800000,,16799554,FinMind
2881,TWSE,富邦金,2026-04-27,1d,87.500000,88.500000,87.200000,87.900000,,24301357,FinMind
2881,TWSE,富邦金,2026-04-28,1d,88.500000,89.200000,88.100000,88.600000,,21109166,FinMind
2881,TWSE,富邦金,2026-04-29,1d,89.400000,91.300000,89.100000,91.300000,,38229183,FinMind
2881,TWSE,富邦金,2026-04-30,1d,90.400000,91.800000,90.000000,90.000000,,31101166,FinMind
2881,TWSE,富邦金,2026-05-04,1d,91.800000,94.000000,91.000000,91.000000,,49550204,FinMind
2881,TWSE,富邦金,2026-05-05,1d,91.500000,92.300000,90.400000,92.200000,,24852424,FinMind
2881,TWSE,富邦金,2026-05-06,1d,93.000000,94.000000,92.400000,92.800000,,24441556,FinMind
2881,TWSE,富邦金,2026-05-07,1d,93.300000,94.800000,92.500000,94.500000,,35427644,FinMind
2881,TWSE,富邦金,2026-05-08,1d,94.500000,96.900000,94.100000,96.700000,,58348270,FinMind
2881,TWSE,富邦金,2026-05-11,1d,96.700000,96.700000,95.500000,95.500000,,22797950,FinMind
2881,TWSE,富邦金,2026-05-12,1d,96.000000,96.000000,93.700000,93.700000,,36169553,FinMind
2881,TWSE,富邦金,2026-05-13,1d,93.500000,95.200000,93.300000,94.700000,,18416008,FinMind
2881,TWSE,富邦金,2026-05-14,1d,93.900000,96.000000,93.900000,94.600000,,20009347,FinMind
2881,TWSE,富邦金,2026-05-15,1d,96.500000,98.600000,95.000000,96.100000,,100424729,FinMind
2881,TWSE,富邦金,2026-05-18,1d,96.300000,96.600000,94.500000,95.200000,,25769182,FinMind
2881,TWSE,富邦金,2026-05-19,1d,95.700000,98.100000,95.500000,97.200000,,36306020,FinMind
2881,TWSE,富邦金,2026-05-20,1d,97.100000,97.200000,95.600000,95.800000,,29549102,FinMind
2881,TWSE,富邦金,2026-05-21,1d,96.500000,96.800000,95.300000,96.100000,,32176090,FinMind
2881,TWSE,富邦金,2026-05-22,1d,95.400000,96.000000,94.300000,95.100000,,41801468,FinMind
2881,TWSE,富邦金,2026-05-25,1d,95.400000,97.700000,94.700000,97.700000,,47023876,FinMind
2881,TWSE,富邦金,2026-05-26,1d,97.800000,103.500000,97.800000,103.500000,,103318900,FinMind
2881,TWSE,富邦金,2026-05-27,1d,104.500000,110.000000,103.000000,110.000000,,95547479,FinMind
2881,TWSE,富邦金,2026-05-28,1d,110.000000,112.000000,107.000000,110.000000,,83541343,FinMind
2881,TWSE,富邦金,2026-05-29,1d,110.500000,111.000000,107.000000,110.000000,,139031768,FinMind
2881,TWSE,富邦金,2026-06-01,1d,109.500000,112.000000,107.000000,110.500000,,87829038,FinMind
2881,TWSE,富邦金,2026-06-02,1d,110.500000,113.500000,109.000000,113.500000,,97486405,FinMind
2881,TWSE,富邦金,2026-06-03,1d,115.500000,116.000000,111.000000,113.000000,,72033008,FinMind
